demand_id,t_min_car,routable_car,t_min_foot,routable_foot,t_min_bike,routable_bike,department
123803,26.57490879947024,True,623.6545584393765,True,233.87045941476669,True,Lambayeque
123806,48.82129732301257,True,577.5586332400534,True,216.8178170663881,True,Lambayeque
123808,43.30940904642481,True,530.6860318701391,True,199.24059155266988,True,Lambayeque
123809,42.73082637071322,True,571.3414375378139,True,214.48636867804797,True,Lambayeque
123810,44.93277561792887,True,573.2155566945186,True,215.18916336181226,True,Lambayeque
123811,47.566550905427576,True,497.70774412485093,True,186.8737336481869,True,Lambayeque
123812,42.3346809889919,True,539.4143322213978,True,202.32861434045753,True,Lambayeque
123814,28.11720336767894,True,639.0999008909695,True,239.66246283411354,True,Lambayeque
123815,28.264374664778455,True,639.9685925208875,True,239.9882221953335,True,Lambayeque
123816,34.155882253314736,True,658.5584251439362,True,246.95940942897644,True,Lambayeque
123817,27.569787330623875,True,634.3988479111225,True,237.89956796667107,True,Lambayeque
123818,26.681211743562315,True,625.4823823143821,True,234.55589336789387,True,Lambayeque
123819,28.241278789810664,True,643.4482933431334,True,241.29311000367508,True,Lambayeque
123820,25.850345574222104,True,620.3248577316258,True,232.6218216493603,True,Lambayeque
123821,24.619872091697864,True,603.3152852915488,True,226.24323198433115,True,Lambayeque
123822,25.462219859891736,True,598.3744403795346,True,224.39041514232593,True,Lambayeque
123823,25.578859677601088,True,614.5366353508235,True,230.45123825655938,True,Lambayeque
123824,23.679961791675474,True,601.5542073475874,True,225.58282775534553,True,Lambayeque
123825,26.64114746293118,True,626.5661727505841,True,234.9623147814696,True,Lambayeque
123826,44.30745470791052,True,575.6663803047982,True,216.10822221566698,True,Lambayeque
123827,42.503311762452086,True,591.4785762853264,True,222.0377957083651,True,Lambayeque
123828,40.44740094289593,True,611.5566533275919,True,229.5670745992144,True,Lambayeque
123829,46.51350022377421,True,603.7904565468677,True,226.65475080644285,True,Lambayeque
123831,46.0268356810996,True,729.2264016058202,True,273.6932302035501,True,Lambayeque
123833,41.14774505000943,True,560.7875620664553,True,210.5286653762885,True,Lambayeque
123834,27.025512336067678,True,617.6383314468902,True,231.61437429258453,True,Lambayeque
123840,41.38283544715054,True,683.7982002092832,True,256.65765467984903,True,Lambayeque
123841,28.153325465853225,True,621.6184098590534,True,233.10690369714487,True,Lambayeque
123842,36.06547037732066,True,668.5215155523687,True,250.69556833213815,True,Lambayeque
123844,33.89918046061727,True,666.7159507182781,True,250.01848151935482,True,Lambayeque
123845,41.657368169934216,True,689.8250402593333,True,258.91771969861776,True,Lambayeque
123846,36.948338988334605,True,584.9908154632668,True,219.60488540009254,True,Lambayeque
123847,36.78884560638677,True,586.4085344139143,True,220.13653000658533,True,Lambayeque
123850,32.03579731560058,True,647.4502113694874,True,242.79382926355777,True,Lambayeque
123851,22.461604356505234,True,620.5807465019245,True,232.71777993822198,True,Lambayeque
123852,32.71933014187528,True,697.6772221044065,True,261.62895828915293,True,Lambayeque
123853,32.9282763859767,True,698.1897760594507,True,261.82116602229445,True,Lambayeque
124313,33.5507440489223,True,713.1612386511482,True,267.4354644941812,True,Lambayeque
124384,28.685954584847412,True,666.0704259824455,True,249.77640974341767,True,Lambayeque
124440,40.03740152186468,True,685.7246053140195,True,257.14672699275746,True,Lambayeque
129463,8.95595022405889,True,94.34549794286659,True,35.37956172857498,True,Lambayeque
129464,6.9010452375754445,True,71.51322031527279,True,26.81745761822729,True,Lambayeque
129465,12.982154287578448,True,182.96079725443684,True,67.9933277387357,True,Lambayeque
129466,11.680511418847034,True,142.51845123878675,True,53.67774881591279,True,Lambayeque
129467,28.242237810753004,True,289.2975686687312,True,108.4865882507743,True,Lambayeque
129468,22.51386034329819,True,278.93523986857747,True,104.60071495071647,True,Lambayeque
129469,14.792998955687109,True,227.163030419173,True,85.18613640718989,True,Lambayeque
129470,13.717658502524477,True,221.35701790909908,True,83.00888171591218,True,Lambayeque
129471,30.263709287619594,True,311.0789216923784,True,116.65459563464192,True,Lambayeque
129472,28.67959414106714,True,293.18518049374575,True,109.94444268515478,True,Lambayeque
129473,11.327581626767577,True,189.48932623234043,True,71.05849733712768,True,Lambayeque
129474,9.86052335070666,True,168.48655871625996,True,63.182459518597476,True,Lambayeque
129475,1.3309070949687234,True,9.843481007660147,True,3.6913053778725566,True,Lambayeque
129476,8.123289009943756,True,66.95383248056885,True,25.107687180213315,True,Lambayeque
129477,14.146331356495534,True,162.9546999580272,True,61.10801248426018,True,Lambayeque
129478,3.2871036692299223,True,23.954905837152996,True,8.983089688932372,True,Lambayeque
129479,1.0448225815020193,True,8.387997945260695,True,3.145499229472761,True,Lambayeque
129480,9.950767057837675,True,80.12260582197155,True,30.045977183239327,True,Lambayeque
129481,,,76.62022044790628,True,28.732582667964827,True,Lambayeque
129482,22.529482756859146,True,316.37199344292395,True,118.63949754109652,True,Lambayeque
129483,10.07970676812558,True,116.15412756133843,True,42.94082660382376,True,Lambayeque
129484,6.879433938139141,True,65.34362767591533,True,25.61386068815883,True,Lambayeque
129485,24.278890987918555,True,258.18003316494946,True,96.81751243685598,True,Lambayeque
129488,28.818327647071094,True,302.75473634575434,True,113.53302612965793,True,Lambayeque
129489,17.428510375778412,True,222.96914793829038,True,83.61343047685878,True,Lambayeque
129492,45.665346069108416,True,558.4450192324101,True,209.41688221215372,True,Lambayeque
129493,16.906796376515523,True,228.96294432958547,True,85.86110412359444,True,Lambayeque
129494,13.798680571189964,True,222.43731215797226,True,83.41399205923962,True,Lambayeque
129495,17.69864088886361,True,231.3828394404768,True,86.76856479017869,True,Lambayeque
129497,10.322430348782815,True,142.62905100603524,True,53.48589412726322,True,Lambayeque
129498,29.32375720068131,True,307.9826941083342,True,115.60192037662998,True,Lambayeque
129499,18.156849357768774,True,233.8649846151693,True,87.69936923068845,True,Lambayeque
129500,10.093740061144333,True,173.12003944561877,True,64.92001479210704,True,Lambayeque
129501,16.123045956722397,True,192.56190475698077,True,72.21071428386773,True,Lambayeque
129502,30.789267391383326,True,329.4693317253847,True,123.55099939701931,True,Lambayeque
129503,10.01016498985979,True,174.03574376725848,True,65.26340391272194,True,Lambayeque
129504,15.344470938092346,True,222.6216029578891,True,83.48310110920839,True,Lambayeque
129505,11.144258065930222,True,149.24039496861158,True,55.96514811322935,True,Lambayeque
129508,17.243361385923315,True,208.71817557616063,True,78.2693158410602,True,Lambayeque
129510,21.627524889262794,True,271.05670249937384,True,101.64626343726513,True,Lambayeque
129511,25.06849773507018,True,271.58277203682513,True,101.84353951380935,True,Lambayeque
129512,22.764930731560263,True,281.16697665312927,True,105.43761624492338,True,Lambayeque
129513,16.741649034082283,True,231.23324052179225,True,86.71246519567208,True,Lambayeque
129515,11.897671347700241,True,187.11986337823834,True,70.1699487668394,True,Lambayeque
129516,12.705073563487025,True,219.73838860413449,True,82.40189572655049,True,Lambayeque
129517,14.143272240936557,True,205.82881815102053,True,77.18580680663261,True,Lambayeque
129518,20.82877350442332,True,231.69853195545662,True,86.88694948329622,True,Lambayeque
129519,12.45071325925736,True,168.89199055028334,True,63.33449645635623,True,Lambayeque
129520,32.60101259049197,True,501.7266522174623,True,188.14749458154859,True,Lambayeque
129521,50.577377115057175,True,582.9934468947589,True,218.6225425855346,True,Lambayeque
129522,22.35386047042415,True,352.39054788661673,True,132.14645545748135,True,Lambayeque
129523,29.65065685234882,True,364.92398153799866,True,136.84649307674974,True,Lambayeque
129524,20.850198213123573,True,343.7188087608047,True,128.89455328530178,True,Lambayeque
129525,16.626069024844124,True,196.06236691955147,True,73.52338759483177,True,Lambayeque
129526,25.735672573995565,True,266.0768026281434,True,99.7788009855537,True,Lambayeque
129528,0.9635599088456105,True,11.579926334648587,True,4.575801976860999,True,Lambayeque
129529,11.179553841206218,True,107.04700842822959,True,40.14262816058605,True,Lambayeque
129530,20.03042840299021,True,248.09961147405832,True,93.03735430277189,True,Lambayeque
129531,1.630603349597169,True,13.945836366981958,True,5.463018238986014,True,Lambayeque
129532,2.999789420346421,True,36.843264318235825,True,14.490388621510466,True,Lambayeque
129533,3.4461694388987065,True,42.79382031773691,True,16.047682619151335,True,Lambayeque
129534,11.621754139376801,True,171.34588633775363,True,64.25470737665758,True,Lambayeque
129535,29.0622240679772,True,380.3447024731798,True,142.6292634274425,True,Lambayeque
129536,5.9983503551744635,True,52.04781872368076,True,19.517932021380297,True,Lambayeque
129537,11.96274388113727,True,152.25119510811112,True,57.09419816554168,True,Lambayeque
129538,3.09620574219131,True,34.09961589559537,True,12.787355960848263,True,Lambayeque
129539,17.95998153598779,True,217.50768771386387,True,81.7987124940667,True,Lambayeque
129540,18.07477613003643,True,305.67665127721494,True,114.62874422895557,True,Lambayeque
129541,2.9931383623782044,True,36.813976043765294,True,13.80524101641199,True,Lambayeque
129542,9.573636937338444,True,79.41885532861212,True,29.64492662257887,True,Lambayeque
129543,1.4236280993177828,True,9.903054382683365,True,3.7136453935062614,True,Lambayeque
129544,13.790570290535413,True,117.88873678634997,True,44.20827629488124,True,Lambayeque
129545,3.7151265471214,True,22.473694659281072,True,8.251851693975311,True,Lambayeque
129546,20.086656234688125,True,276.27761076784,True,103.60410403793985,True,Lambayeque
129547,17.809054113903724,True,142.72672971129887,True,53.52252364173707,True,Lambayeque
129548,17.817351328501392,True,232.34763139269913,True,86.51339054058404,True,Lambayeque
129549,20.579501592976502,True,343.94412867627983,True,128.97904825360493,True,Lambayeque
129550,28.723022002746905,True,391.44882313692864,True,146.7933086763483,True,Lambayeque
129551,48.22446405357736,True,564.5363563528725,True,211.70113363232727,True,Lambayeque
129552,37.50294039666988,True,578.9639259491391,True,217.11147223092743,True,Lambayeque
129553,30.543145413448773,True,513.3986976780386,True,192.52451162926474,True,Lambayeque
129554,16.93420488183209,True,210.10497440058563,True,79.06603435825363,True,Lambayeque
129555,11.61088560673579,True,97.95469111872033,True,36.73300916952011,True,Lambayeque
129556,15.344377350241608,True,246.71889765798477,True,92.51958662174434,True,Lambayeque
129557,5.999148451456042,True,73.06090975128015,True,27.397841156730063,True,Lambayeque
129558,3.8489932122212767,True,33.97425237784846,True,12.740344641693172,True,Lambayeque
129559,11.239260284062441,True,132.0419065595705,True,49.52381193110701,True,Lambayeque
129560,19.79250764871502,True,324.7625570403104,True,121.78595889011636,True,Lambayeque
129561,16.35861432198002,True,96.91921348659437,True,36.344705057472886,True,Lambayeque
129562,11.600511003115255,True,135.1347248687155,True,50.67552182576832,True,Lambayeque
129563,10.22276241438228,True,89.22913428820989,True,33.460925358078704,True,Lambayeque
129564,11.20666423685654,True,114.56015834195702,True,42.960059378233886,True,Lambayeque
129565,10.61471431876632,True,86.66732825950403,True,32.50024809731401,True,Lambayeque
129566,10.560709583045918,True,110.11223027190286,True,41.29208635196357,True,Lambayeque
129567,2.663310755625164,True,25.21774782584077,True,9.456655434690287,True,Lambayeque
129568,9.898509008119166,True,87.94825444711533,True,32.980595417668255,True,Lambayeque
129569,0.5395685797731044,True,8.863395180610649,True,3.323773192728994,True,Lambayeque
129570,2.109302503388925,True,19.63911276918519,True,7.364667288444445,True,Lambayeque
129571,13.051084323510526,True,197.92237436272882,True,74.22089038602329,True,Lambayeque
129572,16.906796376515523,True,228.96294432958547,True,85.86110412359444,True,Lambayeque
129573,24.363995761995124,True,261.03634705701785,True,97.8886301463816,True,Lambayeque
129574,27.51674056802801,True,283.40217261255657,True,106.27581472970884,True,Lambayeque
129575,16.570535861434056,True,204.37244330483904,True,76.63966623931468,True,Lambayeque
129576,25.68303213011956,True,302.0023843293416,True,113.25089412350312,True,Lambayeque
129577,16.570535861434056,True,204.37244330483904,True,76.63966623931468,True,Lambayeque
129578,12.69963761778919,True,135.9420245398699,True,50.97825920245122,True,Lambayeque
129579,12.575016008112863,True,153.77973593818663,True,57.667400976820005,True,Lambayeque
129581,16.449896418242805,True,224.75065966904037,True,83.664526144212,True,Lambayeque
129582,2.972044745546647,True,20.583832439669994,True,7.374804783082465,True,Lambayeque
129583,3.8798980055176986,True,29.234801330114994,True,10.96305049879312,True,Lambayeque
129584,13.707965663686123,True,115.65647208223544,True,43.371177030838275,True,Lambayeque
129585,14.669499874290274,True,178.21125288771276,True,66.82921983289229,True,Lambayeque
129586,14.842359236134348,True,186.29552868129753,True,70.09415285685435,True,Lambayeque
129587,16.176308890936262,True,193.96141640215882,True,72.96886075217735,True,Lambayeque
129588,12.052702762695189,True,157.55775619732503,True,59.317488175364666,True,Lambayeque
129589,16.309483731166793,True,197.98087775562314,True,73.62585792668052,True,Lambayeque
129590,14.728777056513135,True,209.55064337789898,True,77.96452003503398,True,Lambayeque
129591,16.6058408728129,True,196.05729764909924,True,73.75481621977997,True,Lambayeque
129592,15.546217627005486,True,211.82858802488892,True,79.66905011070108,True,Lambayeque
129593,15.830529304764477,True,208.84559454035838,True,77.70012672095628,True,Lambayeque
129594,14.062354207889491,True,179.47385002662907,True,67.53602336135367,True,Lambayeque
129595,12.714087416462725,True,185.34361388657663,True,68.88688397578811,True,Lambayeque
129596,14.643380118292269,True,163.04678315382395,True,61.37587328405174,True,Lambayeque
129597,18.295206006897462,True,192.56743130460129,True,72.21278673922546,True,Lambayeque
129598,10.970626543044668,True,169.44916187994622,True,62.926464473301714,True,Lambayeque
129599,14.889231011049361,True,174.50355037570898,True,65.67216099225861,True,Lambayeque
129600,13.990516817762888,True,160.40762053793014,True,60.38618730309151,True,Lambayeque
129601,11.179486633619803,True,155.88329370984303,True,57.839263909513015,True,Lambayeque
129602,11.204709933603032,True,142.60062921872245,True,53.708565558388685,True,Lambayeque
129603,10.835351594921281,True,150.26477841790003,True,55.7323206750344,True,Lambayeque
129604,12.781345922707086,True,147.14858775340528,True,55.414050008894726,True,Lambayeque
129605,15.946303544484731,True,165.42663858552714,True,62.034989469572714,True,Lambayeque
129606,12.891282365565594,True,154.10534431358622,True,58.022833718962566,True,Lambayeque
129607,12.999147360982127,True,154.70459428812248,True,58.24755245941367,True,Lambayeque
129608,11.647763687723085,True,142.48631513047988,True,53.665697775297744,True,Lambayeque
129609,10.926025333725875,True,144.46991747177142,True,54.40954865328204,True,Lambayeque
129610,11.322188500810377,True,151.8669609385042,True,56.333139120260974,True,Lambayeque
129611,9.116225722132297,True,139.6116121680705,True,51.7373833313483,True,Lambayeque
129612,9.893076720877001,True,130.32883183246545,True,49.10664153854229,True,Lambayeque
129613,11.637611621696221,True,152.71009901979195,True,56.649315900743794,True,Lambayeque
129614,11.118734304708626,True,143.05676775371606,True,53.87961750901127,True,Lambayeque
129615,10.80802423733259,True,156.01944157393316,True,57.8903193585468,True,Lambayeque
129616,11.346401170730571,True,144.9649407715265,True,54.59518239069019,True,Lambayeque
129617,8.67865251353975,True,137.49588812723354,True,50.94398681603446,True,Lambayeque
129618,11.835112410859102,True,145.39978953100228,True,54.758250675493656,True,Lambayeque
129619,9.830265057688033,True,145.1574276540825,True,53.817064138602795,True,Lambayeque
129620,10.72697555249673,True,156.20836174760873,True,57.96116442367512,True,Lambayeque
129621,10.213623490512528,True,149.4169657965769,True,55.41439094203819,True,Lambayeque
129622,15.258361290776008,True,141.8061008154715,True,53.17728780580182,True,Lambayeque
129623,10.014344271770558,True,149.16100952062698,True,55.31840733855701,True,Lambayeque
129624,11.067178429725079,True,120.77628449647904,True,45.52443628754744,True,Lambayeque
129625,8.843099251816387,True,134.18891869995315,True,49.703873280804274,True,Lambayeque
129626,9.284272733342984,True,131.0574045639083,True,48.52955547978745,True,Lambayeque
129627,8.444588973697488,True,129.7610267208543,True,48.043413788642205,True,Lambayeque
129628,11.57026755758372,True,156.9782641836261,True,58.24987783718168,True,Lambayeque
129629,14.456478564892613,True,137.2048835958841,True,51.685160949824315,True,Lambayeque
129630,8.17778219716922,True,124.91023491849849,True,46.22436686275878,True,Lambayeque
129631,13.618891405682547,True,128.21325347082225,True,48.3132996529261,True,Lambayeque
129632,13.682646328303122,True,182.4809908658878,True,67.81340034302977,True,Lambayeque
129633,8.506042848904187,True,127.51091131254216,True,47.19962051052514,True,Lambayeque
129634,6.329660860209555,True,102.9186394544152,True,37.97751856372758,True,Lambayeque
129635,7.911478531479238,True,119.56757548165679,True,44.22086957394315,True,Lambayeque
129636,13.844779228865333,True,130.0410680865671,True,48.998730133830435,True,Lambayeque
129637,14.882471625286314,True,127.15717560196727,True,47.917270452105484,True,Lambayeque
129638,10.386267538561617,True,135.28521934201615,True,50.114986021577884,True,Lambayeque
129639,14.61724644003878,True,190.7885474146492,True,70.9287340488153,True,Lambayeque
129640,6.842064550473355,True,113.62638669829077,True,41.99292378018091,True,Lambayeque
129641,23.612634350572396,True,301.75552390477804,True,113.15832146429184,True,Lambayeque
129642,8.18006470575208,True,121.4616703338413,True,44.93115514351235,True,Lambayeque
129643,11.690240326514385,True,132.44602832240093,True,49.05028938922221,True,Lambayeque
129644,11.183555426516486,True,128.1749970966196,True,47.44865267955421,True,Lambayeque
129645,8.47757731841725,True,97.88933145089868,True,36.94182889545479,True,Lambayeque
129646,8.899154370945894,True,98.92043060581055,True,37.32849107854676,True,Lambayeque
129648,13.81823934287277,True,123.0855424990641,True,45.540107205470854,True,Lambayeque
129649,17.1904173877691,True,208.25356955222063,True,77.47811735040467,True,Lambayeque
129650,10.616351921794472,True,75.86963468137715,True,28.684442606884243,True,Lambayeque
129651,7.979851548787792,True,103.91172524925827,True,38.966896968471886,True,Lambayeque
129652,18.19352739069045,True,208.5368608281323,True,78.20132281054957,True,Lambayeque
129653,12.09538828090396,True,129.48291977045076,True,47.93912368224093,True,Lambayeque
129654,6.074213859846251,True,89.37565263460468,True,32.898898506298615,True,Lambayeque
129655,12.417415577019238,True,133.61266556311836,True,49.48777835449129,True,Lambayeque
129656,12.567798009542905,True,134.14654526718675,True,49.687983243516946,True,Lambayeque
129657,11.974512941076577,True,127.24409950743635,True,47.09956608361051,True,Lambayeque
129658,8.116231159171349,True,102.92426741301679,True,37.97962904820312,True,Lambayeque
129659,12.76789986328836,True,134.77157695119683,True,49.922370125020706,True,Lambayeque
129660,4.211874261684808,True,44.99060252331625,True,17.104805547611374,True,Lambayeque
129661,6.076613892698645,True,92.72714450048309,True,34.15570795600304,True,Lambayeque
129662,5.865136327087167,True,92.79909785252144,True,34.1826904630174,True,Lambayeque
129663,8.684467463794897,True,112.27922130754251,True,42.10470799032848,True,Lambayeque
129664,19.452909822459947,True,270.0824217963145,True,101.28090817361782,True,Lambayeque
129665,6.153753064800338,True,56.030718241950915,True,21.011519340731596,True,Lambayeque
129666,8.217742473998916,True,98.34220182700102,True,36.26135445344724,True,Lambayeque
129667,7.899557727334117,True,93.1410751117801,True,34.92790316691755,True,Lambayeque
129668,7.651791942468306,True,102.69357418303,True,38.51009031863628,True,Lambayeque
129669,18.17315961852911,True,195.11783841577474,True,73.16918940591555,True,Lambayeque
129670,18.03374064211379,True,305.2207014114079,True,114.45776302927787,True,Lambayeque
129671,13.682299095954452,True,116.3672554673306,True,43.63772080024899,True,Lambayeque
129672,8.321479740711295,True,75.06354942208864,True,28.148831033283233,True,Lambayeque
129673,10.339982550518892,True,100.39119768550894,True,37.88002873343365,True,Lambayeque
129674,11.858572193679557,True,154.47888885055505,True,57.31261208727997,True,Lambayeque
129675,14.318943747763276,True,186.51714610684368,True,69.32695855838834,True,Lambayeque
129676,9.718035610791853,True,104.39679652862887,True,39.38212829960359,True,Lambayeque
129677,8.517291519382862,True,80.85935962751692,True,30.555589461686655,True,Lambayeque
129678,9.557993839569368,True,78.06372037827933,True,29.273895141854734,True,Lambayeque
129679,17.269298049069512,True,214.36233949492228,True,79.76890607891774,True,Lambayeque
129680,15.732960297562594,True,198.346558091158,True,73.7629880525062,True,Lambayeque
129681,15.87892091256162,True,199.51025971750406,True,74.19937616238597,True,Lambayeque
129682,15.476794389127845,True,152.83087379012676,True,56.69460643961943,True,Lambayeque
129683,6.790041461932312,True,82.30286465046203,True,30.863574243923267,True,Lambayeque
129684,6.436063940006057,True,66.98450909833824,True,25.352520513244638,True,Lambayeque
129685,6.790041461932312,True,82.30286465046203,True,30.863574243923267,True,Lambayeque
129686,7.420770102716963,True,76.41054666542713,True,28.88728460090295,True,Lambayeque
129687,6.606088351268139,True,74.82207223539267,True,28.05827708827223,True,Lambayeque
129688,7.109627094225116,True,67.2650107410023,True,26.33437933756644,True,Lambayeque
129689,5.725323251269507,True,70.69413388958606,True,26.510300208594767,True,Lambayeque
129690,5.694285386006772,True,65.12253256154092,True,24.42094971057785,True,Lambayeque
129691,21.77884137267902,True,216.97401437193804,True,81.36525538947679,True,Lambayeque
129692,3.31265627681409,True,43.47137181088128,True,16.53509403044826,True,Lambayeque
129693,20.10073874205253,True,278.3428865146457,True,104.37858244299217,True,Lambayeque
129694,6.826693614502959,True,65.148429855611,True,24.663990797221903,True,Lambayeque
129695,7.359655974193864,True,68.65406007416202,True,26.85527283750133,True,Lambayeque
129696,22.97834527431845,True,313.2172473682938,True,117.45646776311017,True,Lambayeque
129697,12.84219944787927,True,145.02731651013818,True,54.385243691301824,True,Lambayeque
129698,31.653440673236286,True,303.2406089152275,True,113.71522834321037,True,Lambayeque
129699,17.438841884597085,True,250.53475325591842,True,93.9505324709694,True,Lambayeque
129700,11.257878585277012,True,125.27750128406679,True,46.36209174984694,True,Lambayeque
129701,2.823613819318974,True,38.317865874372295,True,14.36919970288961,True,Lambayeque
129702,4.911433638721878,True,50.20398203586071,True,19.93649357313835,True,Lambayeque
129703,12.981291835956506,True,150.6528557440818,True,56.49482090403067,True,Lambayeque
129704,11.755806593860873,True,121.54565477313096,True,45.579620539924115,True,Lambayeque
129705,4.682536387256403,True,45.15418395158905,True,16.93281898184589,True,Lambayeque
129706,14.888646233247064,True,217.92682342875747,True,81.72255878578403,True,Lambayeque
129707,8.222010954014902,True,107.04396252119156,True,40.141485945446874,True,Lambayeque
129708,13.615528830707998,True,159.07758176569735,True,59.65409316213648,True,Lambayeque
129709,4.565636697092191,True,47.756072632838396,True,17.908527237314402,True,Lambayeque
129710,10.334868209771459,True,130.6260734293247,True,48.98477753599674,True,Lambayeque
129711,5.994754118430229,True,49.585711263326516,True,18.59464172374744,True,Lambayeque
129712,1.898559348086308,True,22.733011956321995,True,8.524879483620747,True,Lambayeque
129713,30.68394676603904,True,431.10955681484535,True,161.68671795341325,True,Lambayeque
129714,25.766077738002956,True,366.3756789246338,True,137.41151374458397,True,Lambayeque
129715,31.492271442660485,True,397.46892435041633,True,149.0508466314063,True,Lambayeque
129716,32.18182276023325,True,443.7119863738252,True,166.3919948901844,True,Lambayeque
129717,22.088661271753477,True,267.5464128948254,True,100.32990483555947,True,Lambayeque
129718,4.839320508740441,True,32.74631048817839,True,12.279866433066887,True,Lambayeque
129719,1.5811195898584436,True,6.150429296391213,True,5.767102436588571,True,Lambayeque
129720,11.247293820470336,True,107.04700842822959,True,40.14262816058605,True,Lambayeque
129721,7.52592232236694,True,54.744647585687616,True,20.529242844632844,True,Lambayeque
129722,8.456975381290642,True,109.10014860632984,True,40.912555727373686,True,Lambayeque
129723,2.8843350733847637,True,16.61219047560991,True,9.690262878795583,True,Lambayeque
129724,3.0068069529630455,True,20.11005682045406,True,7.541271307670271,True,Lambayeque
129725,5.76705637166614,True,53.45993934528426,True,20.0474772544816,True,Lambayeque
129726,19.69161694331405,True,248.28858683562186,True,93.10822006335817,True,Lambayeque
129727,3.23381795483365,True,8.571591970077652,True,2.274487531193883,True,Lambayeque
129728,1.4898037189825408,True,6.597305666864711,True,5.970361254186539,True,Lambayeque
129729,3.332859752729996,True,30.417333640591313,True,11.135477136136897,True,Lambayeque
129730,4.819140839436074,True,26.61434697335431,True,9.980380115007868,True,Lambayeque
129731,9.44533633945617,True,138.31146467253424,True,51.86679925220032,True,Lambayeque
129732,9.600969695438398,True,91.27924041874377,True,34.229715157028885,True,Lambayeque
129733,1.4059132225118833,True,14.921880474595946,True,5.772027171913332,True,Lambayeque
129734,26.042240609183878,True,348.77168726010837,True,130.78938272254084,True,Lambayeque
129735,7.132812648697342,True,99.5194095177116,True,37.319778569141825,True,Lambayeque
129736,0.1793283524637354,True,1.0719745245450223,True,0.4755155632116071,True,Lambayeque
129737,15.046783455112186,True,205.8206320441112,True,77.1827370165417,True,Lambayeque
129738,3.3188836869181753,True,20.09759969430559,True,7.536599885364596,True,Lambayeque
129739,3.5871624545443184,True,29.516878011977727,True,11.068829254491646,True,Lambayeque
129740,1.3313315204049654,True,14.064185189863178,True,4.007919238490667,True,Lambayeque
129741,0.9672816882579073,True,10.27640056360393,True,3.5049129242859673,True,Lambayeque
129742,0.5048923564392926,True,4.013340794030315,True,1.505002797761368,True,Lambayeque
129743,6.794134154895086,True,46.182789655588316,True,17.31854612084561,True,Lambayeque
129744,3.9952516113444343,True,27.528546179590755,True,10.323204817346541,True,Lambayeque
129745,19.337438220912745,True,240.00171038736943,True,90.00064139526353,True,Lambayeque
129746,6.458181149751022,True,89.64631818425524,True,33.61736931909569,True,Lambayeque
129747,14.271788112214923,True,190.74214613637503,True,71.52830480114059,True,Lambayeque
129748,2.3701906279525264,True,32.786331593709946,True,12.294874347641231,True,Lambayeque
129749,2.846378844215182,True,25.796566178796034,True,9.903598715909284,True,Lambayeque
129750,4.791455973876217,True,30.188816857648483,True,11.320806321618184,True,Lambayeque
129751,4.569557569274715,True,36.53547050038203,True,13.700801437643255,True,Lambayeque
129752,10.617315050045516,True,122.40714329350521,True,45.90267873506444,True,Lambayeque
129753,27.21743376846501,True,326.1927120953422,True,122.32226703575347,True,Lambayeque
129754,4.429167859312815,True,34.65127490801532,True,12.994228090505743,True,Lambayeque
129755,7.241621267602207,True,74.64012001821443,True,27.990045006830393,True,Lambayeque
129756,5.146348415084357,True,42.6145073453589,True,15.98044025450959,True,Lambayeque
129757,13.182807431475993,True,187.47897268328944,True,70.30461475623353,True,Lambayeque
129758,3.95295077904002,True,55.21770719787735,True,20.70664019920401,True,Lambayeque
129759,0.9288840680704963,True,6.3461767160705485,True,2.814618595810264,True,Lambayeque
129760,27.278868738677087,True,307.13290362706476,True,115.17483886014939,True,Lambayeque
129761,4.4132864918949934,True,49.13061332926434,True,18.423979998474135,True,Lambayeque
129762,2.9061903181774182,True,19.439279255216544,True,7.289729720706203,True,Lambayeque
129763,3.3467452634227253,True,23.348107185653692,True,8.755540194620135,True,Lambayeque
129764,12.138705062617083,True,146.04808207489287,True,54.76803077808485,True,Lambayeque
129765,3.7476022741655677,True,46.01223558827558,True,17.254588345603352,True,Lambayeque
129766,1.5350136030076973,True,13.081213198413943,True,4.905454949405229,True,Lambayeque
129767,3.884675490528774,True,53.39128469064903,True,20.02173175899339,True,Lambayeque
129768,8.541188726176387,True,140.9124157661534,True,52.8421559123075,True,Lambayeque
129769,1.974216518013545,True,14.55305665435176,True,5.1625505842947375,True,Lambayeque
129770,1.443711356678908,True,14.847379488989416,True,5.567767308371032,True,Lambayeque
129771,5.53138188701405,True,85.65857358737385,True,32.0719699492274,True,Lambayeque
129773,3.6448372784465466,True,40.47297381936749,True,15.177365182262804,True,Lambayeque
129774,16.962008112247386,True,221.0718676234796,True,82.90195035880485,True,Lambayeque
129775,1.551604985918511,True,12.405628064012516,True,4.6521105240046925,True,Lambayeque
129776,2.1662341184366936,True,19.59690452666644,True,7.359339674589815,True,Lambayeque
129777,1.7914632264053982,True,7.834787247240333,True,4.447626261989257,True,Lambayeque
129778,1.5406384009442176,True,14.825302842265993,True,5.559488565849746,True,Lambayeque
129779,9.044979250566772,True,153.43934311889234,True,57.539753669584606,True,Lambayeque
129780,1.7074135004996074,True,18.540658642638665,True,7.166692210433545,True,Lambayeque
129781,4.210879520724209,True,34.286707571283735,True,11.99472307329808,True,Lambayeque
129782,2.1849582786554627,True,21.23018827094631,True,7.961320601604869,True,Lambayeque
129783,7.269582773676238,True,104.19109377367245,True,39.07166016512715,True,Lambayeque
129784,6.0332960815229,True,58.35637412663008,True,21.888915567555152,True,Lambayeque
129785,22.410277810354614,True,360.95981324504226,True,135.35992996689077,True,Lambayeque
129786,2.0031663200337015,True,21.347094412564964,True,8.00516040471186,True,Lambayeque
129787,12.95155491650346,True,121.65698286186219,True,45.62136857319833,True,Lambayeque
129788,2.2951357489631103,True,26.095890705115494,True,9.785959014418308,True,Lambayeque
129789,0.9036111418304085,True,14.605016231907673,True,4.030187864837888,True,Lambayeque
129790,20.819611258565754,True,255.4545800692718,True,95.79546752597697,True,Lambayeque
129791,7.514806376960195,True,92.90006699520617,True,34.8375251232023,True,Lambayeque
129792,2.785961997881349,True,26.45958334523659,True,9.922343754463725,True,Lambayeque
129793,10.825043555969703,True,83.8184847293881,True,31.43193177352052,True,Lambayeque
129794,5.00082278469716,True,47.7609508765613,True,17.773212453059852,True,Lambayeque
129795,7.146611032766883,True,72.83233867196692,True,27.312127001987587,True,Lambayeque
129796,16.740883646994543,True,95.27098860596348,True,35.7266207272363,True,Lambayeque
129797,1.6610052853857498,True,26.913150903324865,True,10.092431588746825,True,Lambayeque
129798,23.659543812484902,True,346.0095481141448,True,129.75358054280417,True,Lambayeque
129799,9.040708545544561,True,79.86123645239824,True,29.947963669649344,True,Lambayeque
129800,3.5156053521111246,True,34.75899913779825,True,13.034624676674344,True,Lambayeque
129801,3.119840763066387,True,26.212498251619234,True,9.829686844357212,True,Lambayeque
129802,2.6704317420399923,True,26.39896167882349,True,9.82192223965138,True,Lambayeque
129803,18.326626850448505,True,233.53338265270244,True,87.57501849476346,True,Lambayeque
129804,3.48715558795972,True,23.693047730208303,True,8.884892898828117,True,Lambayeque
129805,1.5496622642103932,True,11.406948224637716,True,4.277605584239143,True,Lambayeque
129806,2.2645910157943328,True,25.575896715758194,True,8.24410411926476,True,Lambayeque
129807,2.9395030675030114,True,27.860900419481883,True,10.447837657305707,True,Lambayeque
129808,3.3881624038541864,True,34.83742424298665,True,13.064034091119991,True,Lambayeque
129809,1.5496622642103932,True,14.174104663295816,True,5.315289248735931,True,Lambayeque
129811,4.5980855829411516,True,41.838951604329964,True,15.46676027639813,True,Lambayeque
129812,4.088128332191832,True,38.786501324999456,True,13.227580053919464,True,Lambayeque
129813,13.526530813006097,True,209.35772740678937,True,78.50914777754593,True,Lambayeque
129814,4.344126944526891,True,39.93045639162498,True,14.836777021208741,True,Lambayeque
129815,7.610513306541571,True,77.53926668505069,True,29.077225006894004,True,Lambayeque
129816,5.053889611510986,True,47.88218550078855,True,17.818675437145078,True,Lambayeque
129817,14.608899651927462,True,236.5884803431183,True,88.72068012866927,True,Lambayeque
129818,13.878765616005134,True,110.55677565111745,True,41.45879086916903,True,Lambayeque
129820,29.304006001800907,True,298.7355081447126,True,112.02581555426734,True,Lambayeque
129821,25.08950744245993,True,363.35349428780864,True,136.25756035792827,True,Lambayeque
129822,8.965289392888206,True,69.70440339966497,True,26.13915127487435,True,Lambayeque
129823,4.893570250069562,True,48.448068390226986,True,17.64420007357774,True,Lambayeque
129824,17.118357151879334,True,166.45020932588605,True,62.418828497207286,True,Lambayeque
129825,5.299546006665115,True,47.52547702837882,True,17.684909759991424,True,Lambayeque
129826,17.538326040206606,True,150.6430505273497,True,56.49114394775617,True,Lambayeque
129827,11.74899640357348,True,100.0154385377779,True,37.50578945166671,True,Lambayeque
129828,14.523067755173232,True,251.85596963452792,True,94.4459886129479,True,Lambayeque
129829,5.737545931163383,True,69.00968894794731,True,25.87863335548024,True,Lambayeque
129830,12.085381297875296,True,97.26441278542771,True,36.47415479453539,True,Lambayeque
129831,13.103030027532634,True,125.03132013048595,True,46.88674504893221,True,Lambayeque
129832,12.00677328565904,True,200.61454089543025,True,75.23045283578632,True,Lambayeque
129833,5.15261052820948,True,47.080139086157466,True,17.65505215730905,True,Lambayeque
129834,21.241810154992308,True,347.97683929657217,True,130.49131473621452,True,Lambayeque
129835,18.345326558971617,True,188.06539562686007,True,70.52452336007251,True,Lambayeque
129836,18.446738613314235,True,201.183581295125,True,75.44384298567181,True,Lambayeque
129838,11.430838395316718,True,183.5201883343393,True,68.82007062537726,True,Lambayeque
129839,14.845050307798317,True,110.71138060387146,True,41.51676772645179,True,Lambayeque
129840,7.719374585587103,True,99.22652711853752,True,37.20994766945157,True,Lambayeque
129841,18.12919509500794,True,312.27518822974184,True,117.10319558615319,True,Lambayeque
129842,10.8644668555364,True,84.0375030603142,True,31.514063647617807,True,Lambayeque
129843,6.633695230269011,True,61.28287211169274,True,22.84393291623416,True,Lambayeque
129844,6.656810352241498,True,61.16320112277222,True,22.575658154933986,True,Lambayeque
129845,13.244507129180958,True,221.04223913085505,True,82.89083967407065,True,Lambayeque
129846,16.1249606423124,True,280.3340654058909,True,105.125274527209,True,Lambayeque
129847,8.419678847979036,True,80.24141993772805,True,30.09053247664803,True,Lambayeque
129848,14.523067755173232,True,251.85596963452792,True,94.4459886129479,True,Lambayeque
129849,5.780959889762507,True,93.23021282670904,True,34.96132981001588,True,Lambayeque
129850,12.198152981049516,True,137.15994820782473,True,51.43498057793427,True,Lambayeque
129851,15.671231009077355,True,171.62221646091626,True,64.35833117284362,True,Lambayeque
129854,20.908958573146595,True,235.46512037497703,True,88.29942014061639,True,Lambayeque
129855,19.546752700156087,True,211.27426153681205,True,79.2278480763044,True,Lambayeque
129856,25.92690828322463,True,289.38227021734787,True,108.51835133150546,True,Lambayeque
129859,18.367393878451992,True,223.29462673419314,True,83.73548502532243,True,Lambayeque
129860,26.645495678705046,True,295.32265419306725,True,110.7459953224003,True,Lambayeque
129862,21.75324920645663,True,213.81161903960506,True,80.17935713985189,True,Lambayeque
129863,22.267965782956203,True,209.64638260221741,True,78.61739347583148,True,Lambayeque
129864,21.175367971305167,True,236.94517258696908,True,88.85443972011343,True,Lambayeque
129865,9.711557057730285,True,119.7078904764003,True,44.89045892865009,True,Lambayeque
129867,20.413681465180897,True,226.73884498813595,True,85.7409045873917,True,Lambayeque
129868,19.402985215679404,True,218.51899571575953,True,81.94462339340983,True,Lambayeque
129870,18.27297851796145,True,207.71165322538576,True,77.89186995951967,True,Lambayeque
129872,8.672186897999545,True,119.20925444206618,True,44.703470415774824,True,Lambayeque
129873,9.114315527032542,True,124.50596753289155,True,46.68973782483433,True,Lambayeque
129874,9.229654154616451,True,142.3331141798744,True,53.37491781745292,True,Lambayeque
129875,25.17935236885239,True,276.67044009033094,True,103.75141503387407,True,Lambayeque
129876,13.605183014312173,True,142.44300871017444,True,53.41612826631542,True,Lambayeque
129878,18.47588783133081,True,187.1308952983009,True,70.17408573686278,True,Lambayeque
129880,21.12994535011415,True,229.69318360158206,True,86.24335393659793,True,Lambayeque
129882,16.69759702961255,True,237.1152084598611,True,88.91820317244793,True,Lambayeque
129883,3.5422536343869853,True,31.921387901665028,True,11.9982162943082,True,Lambayeque
129884,13.17374742802944,True,220.62676997086425,True,82.73503873907414,True,Lambayeque
129885,17.177266649830862,True,295.7043237193754,True,110.8891213947657,True,Lambayeque
129886,15.062749184619143,True,125.73952414502376,True,47.1523215543839,True,Lambayeque
129887,19.415356867895447,True,319.4862285404152,True,119.80733570265559,True,Lambayeque
129888,16.552319765594845,True,155.76487512703642,True,58.41182817263867,True,Lambayeque
129889,6.498030283448963,True,59.94085087233864,True,22.340674951476338,True,Lambayeque
129890,16.817959388072662,True,287.9589924283499,True,107.9846221606311,True,Lambayeque
129891,6.181956191734577,True,72.96000237524684,True,27.36000089071756,True,Lambayeque
129892,13.192666123135881,True,112.01496237560998,True,42.00561089085374,True,Lambayeque
129893,4.209413267568593,True,51.449485357628994,True,19.29355700911088,True,Lambayeque
129894,15.256198844005361,True,240.46974291289246,True,90.17615359233473,True,Lambayeque
129895,15.660390415956632,True,133.95028942290546,True,50.231358533589585,True,Lambayeque
129896,17.493495247350403,True,297.4611492611506,True,111.54793097293141,True,Lambayeque
129897,17.556944613526717,True,299.92296776044043,True,112.4711129101651,True,Lambayeque
129898,7.582195235032591,True,73.87748028721919,True,27.343512841601598,True,Lambayeque
129900,9.162673027890948,True,115.69703772578971,True,43.38638914717116,True,Lambayeque
129901,14.628785527868576,True,114.2266451791227,True,42.83499194217098,True,Lambayeque
129903,10.716756763383154,True,106.56769726320445,True,39.96288647370166,True,Lambayeque
129904,18.10756004337533,True,211.57330686610968,True,79.33999007479113,True,Lambayeque
129905,15.970239067544984,True,203.3883310433495,True,76.27062414125608,True,Lambayeque
129906,2.7921786744441013,True,43.3165768072923,True,16.243716302734615,True,Lambayeque
129908,23.515577393992942,True,260.1227409142568,True,97.54602784284636,True,Lambayeque
129909,2.383218650342276,True,46.28704766267155,True,17.357642873501835,True,Lambayeque
129911,6.541604013322584,True,75.23484826483663,True,28.21306809931374,True,Lambayeque
129912,21.548904554449926,True,292.0961290761073,True,109.53604840354018,True,Lambayeque
129913,26.60420922672562,True,315.2252797576305,True,118.20947990911135,True,Lambayeque
129914,16.111102505434427,True,175.30924782556104,True,65.74096793458537,True,Lambayeque
129915,4.744390177148873,True,63.774219165325455,True,23.915332186997055,True,Lambayeque
129916,16.870219696637474,True,211.3093099172307,True,79.24099121896151,True,Lambayeque
129919,16.377834896951267,True,211.78906135738453,True,79.42089800901923,True,Lambayeque
129922,8.316797773946703,True,108.84936971894604,True,40.81851364460475,True,Lambayeque
129923,25.41140701780234,True,305.99219292803315,True,114.74707234801248,True,Lambayeque
129924,16.413426221647747,True,225.7856006731854,True,84.66960025244448,True,Lambayeque
129925,23.951710167134124,True,362.8369859925197,True,136.06386974719493,True,Lambayeque
129926,8.285574772733955,True,121.42231493975125,True,45.533368102406726,True,Lambayeque
129927,19.851944635773915,True,220.86189387166118,True,82.8232102018728,True,Lambayeque
129928,15.508811081560843,True,182.4729530412199,True,68.42735739045744,True,Lambayeque
129931,27.441146511055443,True,307.2597974277968,True,115.22242403542369,True,Lambayeque
129932,21.15108116801504,True,263.8843342795544,True,98.95662535483288,True,Lambayeque
129933,21.83355784232215,True,271.2228876159565,True,101.70858285598364,True,Lambayeque
129934,39.20177203346818,True,429.61127600654356,True,161.10422850245405,True,Lambayeque
129935,27.313730972112662,True,392.9727867433032,True,147.36479502873874,True,Lambayeque
129936,30.20362059973151,True,330.88938673867636,True,124.08352002700335,True,Lambayeque
129937,15.746476380739091,True,232.92486936946165,True,87.34682601354812,True,Lambayeque
129938,21.918511329578322,True,270.9992956033376,True,101.62473585125167,True,Lambayeque
129940,19.14138181579168,True,250.46694467111467,True,93.92510425166797,True,Lambayeque
129941,22.803650174134777,True,292.7232489178852,True,109.77121834420687,True,Lambayeque
129942,23.854320200712078,True,367.7105408253947,True,137.89145280952303,True,Lambayeque
129943,24.396707434847865,True,374.1275924569502,True,140.29784717135632,True,Lambayeque
129944,21.385432785986797,True,343.78230180272914,True,128.91836317602352,True,Lambayeque
129945,24.547026878852833,True,377.5985174340118,True,141.59944403775438,True,Lambayeque
129946,27.883922900811573,True,356.4138035856859,True,133.65517634463242,True,Lambayeque
129947,31.538928294490514,True,342.7587884698678,True,128.53454567620005,True,Lambayeque
129948,22.79002953307513,True,281.39007711103926,True,105.52127891663963,True,Lambayeque
129949,18.243583308274303,True,261.1631798677436,True,97.93619245040391,True,Lambayeque
129950,12.800963558361577,True,196.7056170131401,True,73.76460637992759,True,Lambayeque
129951,14.457133844940053,True,242.6751443514349,True,91.00317913178814,True,Lambayeque
129952,31.874019896147434,True,340.91174452041616,True,127.84190419515618,True,Lambayeque
129953,23.694596628844614,True,289.4306735178791,True,108.53650256920459,True,Lambayeque
129954,16.634456910822912,True,218.69843379905615,True,82.01191267464607,True,Lambayeque
129955,13.545606598237464,True,203.1104779650802,True,76.16642923690507,True,Lambayeque
129956,13.343431737595344,True,194.66863527423848,True,73.00073822783945,True,Lambayeque
129957,12.87480500692478,True,197.35627491842527,True,74.0086030944095,True,Lambayeque
129958,19.927503408118355,True,223.46327702126473,True,83.81679582270148,True,Lambayeque
129959,14.523623202015337,True,205.82881815102053,True,77.18580680663261,True,Lambayeque
129960,18.365194278889756,True,227.4356931742589,True,85.28838494034703,True,Lambayeque
129961,32.63029563621687,True,334.1892934975767,True,125.3209850615914,True,Lambayeque
129962,17.201357473777694,True,244.3292785985225,True,91.62347947444599,True,Lambayeque
129963,17.842771837518757,True,255.66704353623496,True,95.8751413260881,True,Lambayeque
129964,23.52837445388843,True,347.903327250836,True,130.46374771906366,True,Lambayeque
129965,9.412021196601671,True,145.52553817011997,True,54.57207681379498,True,Lambayeque
129966,30.578483702981963,True,314.7705249186933,True,118.1473569305146,True,Lambayeque
129967,28.634278353511885,True,298.3025861299322,True,111.97187988472919,True,Lambayeque
129970,24.116089955633115,True,253.28251694434658,True,94.98094385412998,True,Lambayeque
129971,13.605209776902871,True,130.35336566644747,True,48.8825121249178,True,Lambayeque
129972,19.30068123176144,True,222.27512235489013,True,83.35317088308382,True,Lambayeque
129973,27.879769039809066,True,362.34327881476577,True,135.8787295555372,True,Lambayeque
129974,22.350607300474135,True,374.19522714291094,True,140.32321017859158,True,Lambayeque
129976,56.56159631625827,True,673.7395245699189,True,252.65232171371966,True,Lambayeque
129977,24.517983741015012,True,400.2196851329351,True,150.08238192485075,True,Lambayeque
129978,58.29033442650755,True,668.8030665060035,True,250.8011499397513,True,Lambayeque
129979,23.78089369541192,True,251.17334168301448,True,94.29841321713504,True,Lambayeque
129980,22.80469428734387,True,242.78849231166333,True,91.15409470287835,True,Lambayeque
129983,27.03793582574867,True,266.30650085835674,True,99.97334790788835,True,Lambayeque
129984,19.958900223692993,True,214.14857129831356,True,80.30571423686757,True,Lambayeque
129985,19.816346166452757,True,216.04929206151675,True,81.01848452306878,True,Lambayeque
129986,8.5086128094518,True,149.48607280856058,True,56.057277303210206,True,Lambayeque
129988,11.945109309313438,True,152.3939515818149,True,57.14773184318061,True,Lambayeque
129990,6.958439898923624,True,120.07178290287229,True,45.026918588577125,True,Lambayeque
129991,8.697229299159545,True,152.83925484780943,True,57.31472056792852,True,Lambayeque
129992,30.179028675129832,True,316.08766615077076,True,118.64128489254362,True,Lambayeque
129993,10.193795139058704,True,140.71852378011667,True,52.76944641754377,True,Lambayeque
129994,14.119887706163281,True,174.7560536408997,True,65.53352011533737,True,Lambayeque
129995,25.411008382256178,True,273.7293196599515,True,102.75690495848643,True,Lambayeque
129996,9.405503976694895,True,130.18931311959065,True,48.82099241984652,True,Lambayeque
129998,9.417264105739548,True,141.92799807456942,True,53.222999277963545,True,Lambayeque
129999,21.836393829634467,True,242.10974714974196,True,90.79115518115326,True,Lambayeque
130000,25.85278267156357,True,277.81098130022286,True,104.17911798758361,True,Lambayeque
130001,21.826957789779847,True,281.3017080054482,True,105.488140502043,True,Lambayeque
130002,23.58780044309346,True,288.4813740889797,True,108.18051528336737,True,Lambayeque
130003,27.97416791192376,True,313.18225743744466,True,117.44334653904166,True,Lambayeque
130004,30.566064714143064,True,336.2213401238384,True,126.08300254643933,True,Lambayeque
130005,19.123148597207376,True,236.46992346118705,True,88.67622129794518,True,Lambayeque
130006,21.746854710730595,True,273.725714827072,True,102.64714306015193,True,Lambayeque
130007,22.610726168803296,True,271.9934731728225,True,101.99755243980842,True,Lambayeque
130008,20.16962574881034,True,255.45364599651109,True,95.79511724869171,True,Lambayeque
130009,29.472766527156743,True,326.952015715765,True,122.60700589341185,True,Lambayeque
130010,20.537588457276602,True,259.70315974888496,True,97.38868490583181,True,Lambayeque
130011,28.87223469923558,True,321.1650733246608,True,120.43690249674773,True,Lambayeque
130012,20.658656951465154,True,259.80059002010944,True,97.42522125754111,True,Lambayeque
130013,29.434762649018396,True,329.30565246268026,True,123.48961967350506,True,Lambayeque
130014,15.766771352652281,True,245.75431066607385,True,92.15786649977773,True,Lambayeque
130015,20.014431510592964,True,248.11865383629583,True,93.04449518861098,True,Lambayeque
130016,18.63902159880582,True,242.82700989581136,True,91.06012871092919,True,Lambayeque
130017,29.61049271494079,True,327.72736679759606,True,122.89776254909845,True,Lambayeque
130018,20.85846767605155,True,344.6377252277544,True,129.2391469604079,True,Lambayeque
130019,19.895751689787925,True,327.7671860393683,True,122.91269476476322,True,Lambayeque
130020,17.36421315153677,True,293.5510538923463,True,110.08164520962995,True,Lambayeque
130021,31.60601905879573,True,349.68303049575184,True,131.13113643590697,True,Lambayeque
130022,29.057325418965593,True,329.5830754665175,True,123.59365329994414,True,Lambayeque
130023,15.752653963514856,True,245.93519781868264,True,92.24633332985223,True,Lambayeque
130024,13.623684925966014,True,240.42068821325765,True,90.1577580799716,True,Lambayeque
130025,28.550944090154267,True,323.6107152858716,True,121.35401823220194,True,Lambayeque
130026,28.375231150450798,True,331.0363137099336,True,124.13861764122515,True,Lambayeque
130027,25.076490628950573,True,297.1603537674708,True,111.43513266280164,True,Lambayeque
130028,19.820210867825164,True,338.4947934395928,True,126.93554753984732,True,Lambayeque
130029,31.42781194974775,True,354.28209820469687,True,132.85578682676126,True,Lambayeque
130030,18.38711997895264,True,315.97189843102495,True,118.48946191163448,True,Lambayeque
130031,21.970583435091516,True,283.6813850854923,True,106.38051940705965,True,Lambayeque
130033,16.74818076328087,True,279.60617663085065,True,104.85231623656908,True,Lambayeque
130034,22.659011119623536,True,313.92936536408587,True,118.45142108193802,True,Lambayeque
130035,20.57749888038335,True,317.8215689315826,True,119.91099741974932,True,Lambayeque
130036,16.555119660091368,True,269.530607332663,True,101.07397774974854,True,Lambayeque
130037,25.570633728436558,True,290.437535182159,True,108.91407569330977,True,Lambayeque
130038,27.726453796722488,True,325.26940389901523,True,121.97602646213075,True,Lambayeque
130039,22.450689444856515,True,356.51658704011237,True,133.693720140042,True,Lambayeque
130040,38.42343738851092,True,472.2044253727262,True,177.0766595147724,True,Lambayeque
130041,17.80018894828966,True,304.68904539693426,True,114.25839202385038,True,Lambayeque
130042,19.08737611742673,True,285.49859296963,True,107.08260651145754,True,Lambayeque
130043,15.034034194884809,True,250.529112626417,True,93.9484172349063,True,Lambayeque
130044,25.806861117584088,True,304.70988594498095,True,114.26620722936788,True,Lambayeque
130045,19.088969558347515,True,297.1933994762765,True,111.44752480360357,True,Lambayeque
130046,25.311500464358755,True,333.76119704587325,True,125.16044889220262,True,Lambayeque
130047,20.190942919161113,True,371.0001202622885,True,139.12504509835836,True,Lambayeque
130048,25.576995053244673,True,336.54010219121295,True,126.20253832170498,True,Lambayeque
130049,25.613109690663276,True,334.54292684588796,True,125.45359756720809,True,Lambayeque
130050,51.32746920095522,True,608.2303292509748,True,228.0863734691157,True,Lambayeque
130051,23.217414614692704,True,331.5181877597102,True,124.3193204098912,True,Lambayeque
130052,26.881614766969392,True,338.4939179638389,True,126.93521923643978,True,Lambayeque
130053,27.68735252292826,True,338.90432372542267,True,127.08912139703376,True,Lambayeque
130054,18.087435458990125,True,286.5563384315381,True,107.45862691182666,True,Lambayeque
130055,19.09669804047189,True,281.226515913543,True,105.48057761542488,True,Lambayeque
130056,21.336273191959563,True,356.7995959100678,True,133.7998484662755,True,Lambayeque
130057,30.168316733383886,True,325.97998341976756,True,122.24249378241292,True,Lambayeque
130058,22.629867524421794,True,314.0585767856488,True,118.49987536502417,True,Lambayeque
130059,14.936034687406558,True,263.498211511968,True,98.81182931698802,True,Lambayeque
130060,19.073379522280064,True,327.20943900187507,True,122.70353962570326,True,Lambayeque
130061,22.683676942009704,True,362.09973187490766,True,135.7873994530904,True,Lambayeque
130062,36.48319577249906,True,449.38963160757083,True,168.52111185283914,True,Lambayeque
130063,39.186171782359445,True,479.0418067615234,True,179.6406775355713,True,Lambayeque
130065,24.09304019867574,True,382.08109423486707,True,143.28041033807497,True,Lambayeque
130066,29.072158590676263,True,404.7175310975705,True,151.769074161589,True,Lambayeque
130067,19.995004724672675,True,334.4292158024473,True,125.41095592591779,True,Lambayeque
130068,24.557078141854735,True,314.7467983378021,True,118.03004937667589,True,Lambayeque
130069,28.047344630621005,True,374.10148071113656,True,140.2880552666764,True,Lambayeque
130070,30.07394650294113,True,363.59603664024837,True,136.34851374009332,True,Lambayeque
130072,25.739235076976616,True,385.18681803706625,True,144.44505676389994,True,Lambayeque
130073,24.837286941411186,True,359.4907761496477,True,134.82967520396423,True,Lambayeque
130074,20.94236149897782,True,346.90002861477643,True,130.08751073054114,True,Lambayeque
130076,24.660163104966916,True,321.48190633435365,True,120.55571487538282,True,Lambayeque
130077,41.21678369037735,True,503.2416065045753,True,188.7156024392158,True,Lambayeque
130078,23.909641045000946,True,324.27717319193647,True,121.60393994697633,True,Lambayeque
130079,21.374696049202644,True,315.1384671775763,True,118.17692519159095,True,Lambayeque
130081,27.742508172489263,True,326.6260483356281,True,122.48476812586082,True,Lambayeque
130082,19.590173970410774,True,376.50007577453664,True,141.1875284154513,True,Lambayeque
130083,17.43380025755776,True,298.7197234257516,True,112.61785193531483,True,Lambayeque
130084,25.341174711265904,True,378.4243781501242,True,141.90914180629645,True,Lambayeque
130086,21.67787378281908,True,349.38805187485985,True,131.0205194530725,True,Lambayeque
130087,33.32146225273358,True,397.5234558052543,True,149.07129592697052,True,Lambayeque
130088,23.495343948784477,True,359.4030438168873,True,134.796775579179,True,Lambayeque
130089,21.37684538643808,True,349.06079328953786,True,130.8977974835767,True,Lambayeque
130090,23.438544227528766,True,362.674259868287,True,136.00284745060767,True,Lambayeque
130091,32.53486404267145,True,451.6753043329833,True,169.39887327271495,True,Lambayeque
130092,51.63327961633662,True,618.9804501263451,True,232.11766879737948,True,Lambayeque
130093,49.726311318449696,True,597.7919134831569,True,224.17196755618392,True,Lambayeque
130094,56.95999822857905,True,663.9074721414114,True,248.96530205302946,True,Lambayeque
130095,45.91715360624608,True,553.1745665932539,True,207.4404624724702,True,Lambayeque
130096,32.864583675420754,True,380.9778361915897,True,142.86668857184634,True,Lambayeque
130097,29.474825586629027,True,402.13441397474816,True,150.80040524053064,True,Lambayeque
130098,33.079187248738585,True,395.2221557246831,True,148.2083083967564,True,Lambayeque
130099,20.20326862185373,True,342.2096243289901,True,128.3286091233713,True,Lambayeque
130100,30.093081245556302,True,412.1536878223125,True,154.55763293336744,True,Lambayeque
130101,25.27164885266462,True,379.5020941398165,True,142.3132853024312,True,Lambayeque
130102,18.342960815477877,True,320.92100760578165,True,120.34537785216823,True,Lambayeque
130103,20.13747961962819,True,350.13963161933793,True,131.3023618572518,True,Lambayeque
130104,24.38815335124198,True,331.9310557873287,True,125.20205499065402,True,Lambayeque
130106,16.95708553561807,True,282.58338867931724,True,105.96877075474399,True,Lambayeque
130107,26.626913944490397,True,314.14812203636603,True,117.80554576363748,True,Lambayeque
130109,16.249237730726826,True,282.9266847508913,True,106.0975067815843,True,Lambayeque
130110,22.914266529636826,True,347.93099232972236,True,130.47412212364583,True,Lambayeque
130111,29.433487406576486,True,413.3805513711984,True,155.01770676419946,True,Lambayeque
130112,32.34139801618502,True,404.11523034094415,True,151.54321137785428,True,Lambayeque
130113,31.824776097781854,True,441.3145362443603,True,165.492951091635,True,Lambayeque
130114,19.936194481412336,True,350.8555736613017,True,131.57084012298813,True,Lambayeque
130115,20.105204958874147,True,351.9244444900149,True,131.9716666837556,True,Lambayeque
130116,10.88211128436594,True,191.0270528431174,True,71.63514481616903,True,Lambayeque
130117,23.758486393834744,True,365.51819023545136,True,137.0693213382943,True,Lambayeque
130118,50.45424807471102,True,602.5627991011356,True,225.96104966292594,True,Lambayeque
130119,21.04021828098298,True,361.49766054349396,True,135.56162270381023,True,Lambayeque
130120,26.681460302079206,True,403.0946410208082,True,151.16049038280318,True,Lambayeque
130121,26.169557301176216,True,389.05696183285477,True,145.8963606873205,True,Lambayeque
130122,20.30001168265741,True,325.19991513628304,True,121.9499681761061,True,Lambayeque
130123,25.728398182138942,True,327.4929686083706,True,122.80986322813901,True,Lambayeque
130124,24.078700820823013,True,389.3423417826751,True,146.00337816850316,True,Lambayeque
130125,23.91334471653503,True,391.5995037357574,True,146.84981390090894,True,Lambayeque
130127,31.079302069813163,True,434.56876517392936,True,162.96328694022338,True,Lambayeque
130128,24.000725718806798,True,395.60645421282754,True,148.35242032981023,True,Lambayeque
130129,25.36916960384702,True,393.87236902658725,True,147.70213838497028,True,Lambayeque
130130,34.578476742719204,True,443.0817812705489,True,166.1556679764559,True,Lambayeque
130131,27.287107261326103,True,408.5363757918306,True,153.20114092193654,True,Lambayeque
130134,26.898432411032495,True,348.2262082190991,True,130.58482808216232,True,Lambayeque
130135,24.84106520575477,True,346.7516337977314,True,130.03186267414918,True,Lambayeque
130136,23.556932373572224,True,341.46084768260823,True,128.06845202882434,True,Lambayeque
130137,25.961197141768665,True,350.92206416833284,True,131.59577406312494,True,Lambayeque
130138,22.73979096864964,True,337.49545324950105,True,126.58142911640923,True,Lambayeque
130139,27.100164580298326,True,381.47132758744095,True,143.05174784529027,True,Lambayeque
130140,21.923440102777352,True,385.2901361538245,True,144.48380105768416,True,Lambayeque
130141,54.611856013603074,True,633.7741127740017,True,237.6652922902504,True,Lambayeque
130142,24.771875095495037,True,417.92434332831834,True,156.7216287481194,True,Lambayeque
130143,30.314793474027372,True,462.2574142246495,True,173.34653033424354,True,Lambayeque
130144,60.068952573653185,True,683.7645856500119,True,256.41171961875403,True,Lambayeque
130145,30.419994307882078,True,470.39285044102144,True,176.39731891538318,True,Lambayeque
130146,31.796757460803132,True,501.41355002162607,True,188.03008125810987,True,Lambayeque
130149,47.11181388252378,True,586.3469833707098,True,219.88011876401615,True,Lambayeque
130150,22.162687993312975,True,331.1150261182851,True,124.18876894220314,True,Lambayeque
130151,61.00145347946834,True,677.8609472281815,True,254.19785521056795,True,Lambayeque
130153,32.18918083366971,True,465.7367648189819,True,174.65128680711842,True,Lambayeque
130154,22.652316622688375,True,390.15667339780975,True,146.30875252417866,True,Lambayeque
130155,28.268891413714975,True,444.871618889549,True,166.82685708358065,True,Lambayeque
130156,29.69828194684126,True,453.0866672311593,True,169.9075002116844,True,Lambayeque
130159,52.14721507055977,True,609.0299352168324,True,228.38622570631205,True,Lambayeque
130160,28.962594759841174,True,440.11894829164186,True,165.04460560936562,True,Lambayeque
130163,33.16099950685386,True,482.7803318939493,True,181.04262446023094,True,Lambayeque
130164,35.812691344421566,True,399.9518905233454,True,149.9819589462547,True,Lambayeque
130165,22.382404224927658,True,366.6260668865389,True,137.48477508245213,True,Lambayeque
130166,26.637904645133794,True,402.7656858701213,True,151.03713220129552,True,Lambayeque
130168,28.17229271534511,True,439.9758238813446,True,164.99093395550418,True,Lambayeque
130169,47.64869049483437,True,590.8799210033592,True,221.57997037625964,True,Lambayeque
130170,28.38807553704949,True,435.3682665087803,True,163.283734088639,True,Lambayeque
130171,23.37603278135609,True,381.797670328426,True,143.17412637315977,True,Lambayeque
130172,36.30518400255365,True,415.9986691477174,True,155.99950093039413,True,Lambayeque
130173,36.00934375117869,True,407.47801792453004,True,152.80425672169892,True,Lambayeque
130177,25.741094544186975,True,446.5957220183739,True,167.47339575689026,True,Lambayeque
130178,46.139748594322086,True,546.0359173780217,True,204.76346901675825,True,Lambayeque
130179,26.49349646754879,True,415.76453903021246,True,155.91170213632952,True,Lambayeque
130180,37.439132738121835,True,548.6327154286471,True,205.73726828574289,True,Lambayeque
130182,27.087850090148542,True,426.39888168983356,True,159.8995806336876,True,Lambayeque
130183,24.39379762424347,True,428.5254109205907,True,160.69702909522155,True,Lambayeque
130185,34.28757657305768,True,453.282352330188,True,169.9808821238204,True,Lambayeque
130186,33.16099950685386,True,482.7803318939493,True,181.04262446023094,True,Lambayeque
130189,43.36335168246607,True,626.833107422288,True,235.062415283358,True,Lambayeque
130194,26.845429936595224,True,461.2182136486936,True,172.95683011826023,True,Lambayeque
130195,30.821383664090927,True,512.5265328086622,True,192.19744980324862,True,Lambayeque
130196,1.4615085317903396,True,8.110056375697434,True,3.044809441229874,True,Lambayeque
130197,1.6729148755194256,True,16.386640797004322,True,6.122237180904083,True,Lambayeque
130198,10.869082722991921,True,176.86529451340238,True,66.3244854425259,True,Lambayeque
130199,11.143967226504,True,169.8391446816516,True,63.072708023941296,True,Lambayeque
130200,5.117649554652284,True,34.76225215366081,True,13.0358445576228,True,Lambayeque
130201,19.76929726701396,True,247.7450486415787,True,92.90439324059206,True,Lambayeque
130202,15.652674161774137,True,170.26404196885315,True,63.849015738319956,True,Lambayeque
130203,43.482524710949136,True,568.7179590620257,True,213.26923464825958,True,Lambayeque
130204,4.1339288588517595,True,37.67257537658679,True,14.127215766220045,True,Lambayeque
130206,14.98216958269168,True,127.71105314310817,True,48.12497453003333,True,Lambayeque
130207,8.0947306346841,True,66.69998025603856,True,25.012492596014454,True,Lambayeque
130208,17.634733975396795,True,141.85869174527159,True,53.19700940447681,True,Lambayeque
130209,10.796233896243278,True,143.89149561765535,True,53.95931085662075,True,Lambayeque
130210,10.80101844345537,True,144.7666791427611,True,54.28750467853543,True,Lambayeque
130211,8.995752643650984,True,140.0447842441762,True,51.89982285988795,True,Lambayeque
130212,18.36972732255673,True,211.1987308978725,True,79.19952408670216,True,Lambayeque
130213,25.837566424108754,True,280.1279796928093,True,105.0479923848034,True,Lambayeque
130214,56.00524183630301,True,655.5748337544115,True,245.8405626579044,True,Lambayeque
130215,1.8445790240030462,True,17.422871317009438,True,6.533576743878539,True,Lambayeque
130216,0.8340204036839819,True,8.891920909042986,True,3.6699673051516846,True,Lambayeque
130217,3.2214135510548596,True,30.27276337601342,True,11.585398415471534,True,Lambayeque
130218,2.5488910626298833,True,25.28291786165837,True,9.343950072471262,True,Lambayeque
130219,0.941953933860972,True,7.496872538299706,True,2.8113272018623894,True,Lambayeque
130220,4.674948671786116,True,32.349667700002364,True,12.131125387500889,True,Lambayeque
130221,1.3517232473237,True,15.882232777022358,True,4.770116673786721,True,Lambayeque
130222,10.673807398662694,True,127.07030226600712,True,47.88469295112044,True,Lambayeque
130223,3.155264312544451,True,28.990565503630794,True,10.871462063861541,True,Lambayeque
130224,1.2253042815673265,True,7.5158947296419525,True,3.1355079559179795,True,Lambayeque
130225,20.100242629386116,True,220.2494968240597,True,82.5935613090223,True,Lambayeque
130226,1.9916523537313011,True,16.30252642435155,True,6.113447409131829,True,Lambayeque
130227,2.3690658960309317,True,22.04152676808893,True,8.26557253803335,True,Lambayeque
130228,3.966689627527656,True,33.9445664044529,True,12.72921240166984,True,Lambayeque
130229,0.3142384022850904,True,3.3806162771883077,True,1.2677311039456152,True,Lambayeque
130230,2.4085051846810503,True,24.028939641331647,True,9.010852365499366,True,Lambayeque
130231,1.9012358548868558,True,22.19851257267059,True,8.324442214751468,True,Lambayeque
130232,11.041409422562772,True,141.53463124300185,True,53.308816317493445,True,Lambayeque
130233,3.1018978634960415,True,15.385324139552601,True,9.230188002774092,True,Lambayeque
130234,19.493174798954723,True,218.92529331308452,True,82.0969849924067,True,Lambayeque
130235,17.1639517991047,True,198.05505138652322,True,74.27064426994619,True,Lambayeque
130236,25.001130076873388,True,366.44743507980274,True,137.41778815492592,True,Lambayeque
130237,17.360034309709683,True,300.1488001504056,True,112.55580005640213,True,Lambayeque
130238,18.077327079764256,True,314.03398735302596,True,117.76274525738478,True,Lambayeque
130240,35.167793556010864,True,417.9712008718265,True,156.73920032693513,True,Lambayeque
130242,24.38257573067106,True,415.4192806352401,True,155.7822302382151,True,Lambayeque
130244,10.087442920127947,True,119.08687108055175,True,44.657576655206896,True,Lambayeque
130245,18.437112166299986,True,147.20787968462616,True,55.202954881734755,True,Lambayeque
130246,1.2199975265356278,True,16.656729950565023,True,6.272453429836881,True,Lambayeque
130247,6.0275998987448265,True,82.32433971259557,True,30.871627392223356,True,Lambayeque
130248,9.871376745977482,True,97.13417712553023,True,36.42531642207384,True,Lambayeque
130249,10.635730715759678,True,140.18446441925659,True,52.56917415722119,True,Lambayeque
130250,13.132190519390763,True,162.3370138269839,True,60.876380185118926,True,Lambayeque
130251,14.155223995299268,True,242.8860997474177,True,91.08228740528165,True,Lambayeque
130252,16.783314689539733,True,256.75019343583403,True,96.30195668628402,True,Lambayeque
130253,12.750362512445571,True,156.82804409741183,True,59.043846137897184,True,Lambayeque
130254,3.574539682096782,True,33.58459390597718,True,12.827552316109216,True,Lambayeque
130255,3.3815311887467336,True,32.790165854983435,True,12.523348695361756,True,Lambayeque
130256,1.1912052361695555,True,9.93419673146321,True,3.7253237742987038,True,Lambayeque
130257,2.68143257910789,True,26.359939013832022,True,8.8243430721023,True,Lambayeque
130258,5.016589162292922,True,70.17496412958423,True,26.31561154859407,True,Lambayeque
130259,19.617993293748537,True,216.46367605684404,True,81.17387852131651,True,Lambayeque
130260,18.0538442142602,True,206.1716419278545,True,77.31436572294542,True,Lambayeque
130261,19.621824674463426,True,215.2052429837301,True,80.7019661188988,True,Lambayeque
130262,20.871686820817608,True,227.3163942079609,True,85.28536404992623,True,Lambayeque
130263,21.29841726330932,True,234.30766394926772,True,87.86537398097539,True,Lambayeque
130264,52.92874800475149,True,598.6296354475443,True,224.48611329282915,True,Lambayeque
130265,19.851944635773915,True,220.86189387166118,True,82.8232102018728,True,Lambayeque
130266,8.799759683321897,True,132.5014937141324,True,49.07108891112153,True,Lambayeque
130267,2.227822316718561,True,21.563975177229057,True,8.086490691460899,True,Lambayeque
130268,8.389485942716544,True,68.0035336211219,True,25.5013251079207,True,Lambayeque
130269,2.313617813937602,True,23.96619288096634,True,8.987322330362378,True,Lambayeque
130270,13.561280581784867,True,114.35260468755762,True,42.8822267578341,True,Lambayeque
130271,6.66043901772041,True,103.58050663239327,True,38.84268998714746,True,Lambayeque
130272,27.29511152892087,True,349.6485743691209,True,131.11821538842057,True,Lambayeque
130273,32.298973527847636,True,379.59806398515246,True,142.34927399443237,True,Lambayeque
130274,29.485206138662086,True,364.6856365565483,True,136.75711370870582,True,Lambayeque
130275,27.272495882909745,True,366.8857548246526,True,137.58215805924462,True,Lambayeque
130276,28.558216534389413,True,372.0724606327321,True,139.52717273727458,True,Lambayeque
130277,2.2487842880458944,True,36.64809224117419,True,13.743034590440326,True,Lambayeque
130278,22.47116117783742,True,318.18050139417056,True,119.33832217066035,True,Lambayeque
130279,27.574447745813718,True,325.1485818902316,True,121.93071820883685,True,Lambayeque
130280,5.395341864941553,True,85.58858062398413,True,32.09571773399405,True,Lambayeque
130281,13.338105122341766,True,141.23305432549287,True,52.962395372059824,True,Lambayeque
130282,31.80960201826105,True,346.05399350637157,True,129.77024756488944,True,Lambayeque
130284,25.001130076873388,True,366.44743507980274,True,137.41778815492592,True,Lambayeque
130285,10.280003587247604,True,116.86286460402404,True,43.823574226508995,True,Lambayeque
130286,13.856219299672125,True,221.64537084057974,True,83.11701406521743,True,Lambayeque
130287,28.680681565421626,True,420.63906553284465,True,157.73964957481687,True,Lambayeque
130288,29.562203943481485,True,465.14566203922243,True,174.42962326470797,True,Lambayeque
130289,31.17135703673196,True,557.5562544164766,True,209.08359540617877,True,Lambayeque
130290,5.509315810320624,True,60.191380682998535,True,22.80509735749226,True,Lambayeque
130291,21.842276130007452,True,354.64868346340705,True,132.9932562987776,True,Lambayeque
130292,23.420332667694783,True,359.7358943879302,True,134.90096039547404,True,Lambayeque
130293,22.088661271753477,True,267.5464128948254,True,100.32990483555947,True,Lambayeque
130294,14.523067755173232,True,251.85596963452792,True,94.4459886129479,True,Lambayeque
130295,59.95564155289677,True,682.7573765766214,True,256.03401621623266,True,Lambayeque
130296,59.63877996428919,True,678.9780309674553,True,254.61676161279576,True,Lambayeque
130297,45.09479254635251,True,528.3346550673261,True,198.12549565024722,True,Lambayeque
130298,50.17412791424565,True,572.2184227706103,True,214.58190853897898,True,Lambayeque
130299,7.46770728121325,True,71.17363909594484,True,26.69011466097929,True,Lambayeque
130300,7.811520428767832,True,81.66193273742442,True,30.856554377901933,True,Lambayeque
130301,5.663348860389789,True,92.67144109680517,True,34.134819179623804,True,Lambayeque
130302,0.9024077666182124,True,6.630656947756509,True,2.4864963554086907,True,Lambayeque
130304,0.8570480177593905,True,7.584741461820156,True,2.8442780481825585,True,Lambayeque
130305,18.29926603237254,True,205.13854670777087,True,76.92695501541408,True,Lambayeque
130306,2.6936201221408442,True,22.76384753689067,True,8.536442826333998,True,Lambayeque
130307,5.740407766972164,True,53.10229023577888,True,19.776214712766425,True,Lambayeque
130308,1.8739097692651476,True,15.323107219651309,True,5.746165207369241,True,Lambayeque
130309,1.122557502453309,True,13.69430667991978,True,5.135365004969918,True,Lambayeque
130310,1.0264961264587613,True,11.433368633099196,True,3.949825575911125,True,Lambayeque
130311,0.47993482440747204,True,5.546102195281331,True,2.0797883232304994,True,Lambayeque
130312,0.9246875493255923,True,5.794687504840858,True,2.1730078143153215,True,Lambayeque
130313,1.707931719669923,True,14.74923051568073,True,5.530961443380274,True,Lambayeque
130314,1.1326851382265848,True,9.984807818752886,True,3.684549307262398,True,Lambayeque
130315,1.606740088775612,True,10.893633786211781,True,4.2426975980187995,True,Lambayeque
130316,1.9312054707372999,True,18.16380226843547,True,8.517178899096534,True,Lambayeque
130317,24.692970821760355,True,350.7596747365239,True,131.5555121740427,True,Lambayeque
130318,18.4799148146288,True,315.9041726102416,True,118.46406472884048,True,Lambayeque
130319,2.0374314833155807,True,20.00537111956652,True,7.933706523212962,True,Lambayeque
130320,4.202637003343427,True,31.848965718390108,True,11.805419427194607,True,Lambayeque
130321,0.5512379013667831,True,5.985069016611684,True,2.2444008812293816,True,Lambayeque
130322,1.8635340703965575,True,16.119888302747004,True,6.28221358473972,True,Lambayeque
130323,14.567237337824174,True,181.61257830933147,True,68.3380464673671,True,Lambayeque
130324,18.473563833439623,True,208.80158221470222,True,78.30059333051334,True,Lambayeque
130325,1.583716117587858,True,14.44051161194401,True,5.887816009105979,True,Lambayeque
130326,0.829127752718494,True,8.65009094876571,True,3.243784105787141,True,Lambayeque
130327,2.2605726851762316,True,27.005604203698894,True,8.78024442724252,True,Lambayeque
130328,3.902500865296142,True,36.743039557592624,True,13.77863983409724,True,Lambayeque
130329,0.5850278483824353,True,3.7362799737742862,True,1.9678795207618398,True,Lambayeque
130330,2.5951278614767506,True,26.544210754434566,True,9.954079032912961,True,Lambayeque
130331,2.356528870186095,True,22.07077503366944,True,8.13939651197541,True,Lambayeque
130332,3.244877582653336,True,30.174339566233048,True,11.367069717781904,True,Lambayeque
130333,5.060423879242056,True,40.704422750186126,True,15.264158531319795,True,Lambayeque
130334,0.8201208471567123,True,7.238801311267606,True,2.714550491725352,True,Lambayeque
130335,1.5365997818553179,True,15.913978242690904,True,5.9677418410090874,True,Lambayeque
130336,3.027787860789681,True,22.286235645313777,True,8.357338366992668,True,Lambayeque
130337,3.401517380997595,True,28.348626811143152,True,10.050435294057722,True,Lambayeque
130338,20.63069663795998,True,230.1506789872153,True,86.30650462020574,True,Lambayeque
130339,2.050727078477915,True,23.55745819300863,True,7.528545602239121,True,Lambayeque
130340,19.77113832686461,True,220.70966108541987,True,82.76612290703245,True,Lambayeque
130341,2.4169671356066567,True,22.378001911250557,True,8.391750716718956,True,Lambayeque
130342,0.25590852117954177,True,12.087854945845624,True,2.9924886794390892,True,Lambayeque
130343,24.53161592187652,True,345.2538717908486,True,129.47020192156822,True,Lambayeque
130344,23.860831960534675,True,337.2374530560832,True,126.46404489603113,True,Lambayeque
130345,30.100656866017687,True,311.5850126722648,True,116.95278983810391,True,Lambayeque
130346,21.96607928828058,True,226.04138254708977,True,84.7655184551586,True,Lambayeque
130347,0.9767426120312032,True,11.773342053009737,True,4.4150032698786505,True,Lambayeque
130348,2.0789252681254715,True,18.594387797591672,True,7.404587777472395,True,Lambayeque
130349,1.9085242211274251,True,18.007027029910958,True,6.884788698231327,True,Lambayeque
130350,2.7479079997941604,True,39.86634324339845,True,14.949878716274421,True,Lambayeque
130351,1.617777008651659,True,15.119361948028395,True,5.532616604860019,True,Lambayeque
130352,2.37198255639003,True,23.77242840706626,True,8.914660652649848,True,Lambayeque
130353,3.9569423216581927,True,32.04397901262914,True,12.016492129735926,True,Lambayeque
130354,12.526544977594687,True,210.6488066655607,True,78.99330249958517,True,Lambayeque
130355,2.305240861624847,True,21.23563811255754,True,7.963364292209076,True,Lambayeque
130356,1.1302459076656235,True,11.369344790643924,True,4.263504296491472,True,Lambayeque
130357,1.6829684965285436,True,12.145097897002442,True,4.564231763955049,True,Lambayeque
130358,0.901827286908085,True,8.932082285101636,True,3.349530856913113,True,Lambayeque
130359,18.999210703044273,True,216.60827771445065,True,81.22810414291898,True,Lambayeque
130360,0.9762028219193299,True,5.423349010662944,True,2.033755878998604,True,Lambayeque
130361,19.23223577809665,True,216.58940387777264,True,81.22102645416473,True,Lambayeque
130362,1.8776373532958044,True,30.049924512283713,True,11.268721692106393,True,Lambayeque
130363,21.1206239429444,True,233.43254595388848,True,87.64561481871282,True,Lambayeque
130364,0.4116822187767179,True,2.1442539417668143,True,1.5020965409974119,True,Lambayeque
130365,0.41310302242100505,True,3.3468548042046047,True,0.9620680585234815,True,Lambayeque
130366,1.760221313805707,True,27.962528254681974,True,10.48594809550574,True,Lambayeque
130367,20.509262303642736,True,228.4699599215034,True,85.6762349705638,True,Lambayeque
130368,4.306679663847971,True,40.273150559274235,True,14.96528733407721,True,Lambayeque
130369,1.4773947207820648,True,13.749030532360962,True,5.1566810935008975,True,Lambayeque
130370,2.036621517677754,True,20.62426783925377,True,6.781267084314917,True,Lambayeque
130371,2.1297533367681996,True,21.03407655124662,True,7.8882393812428635,True,Lambayeque
130372,1.180894751972743,True,7.332533874461688,True,2.753238503266469,True,Lambayeque
130373,3.0780035223109317,True,29.161257269451816,True,11.299359345701593,True,Lambayeque
130374,2.2289123661844186,True,21.2780037418254,True,7.9890714557636615,True,Lambayeque
130375,0.8570949840783209,True,11.548957867405937,True,3.741505538450295,True,Lambayeque
130376,10.3441836281603,True,135.85488999457377,True,51.17891334933292,True,Lambayeque
130377,4.699541389181502,True,68.41358761229857,True,25.655095354611944,True,Lambayeque
130378,18.859688570747494,True,206.90236021199186,True,77.58838507949693,True,Lambayeque
130379,20.333818294811678,True,211.42556616073955,True,79.28458731027726,True,Lambayeque
130380,21.50789084026096,True,341.3873570741287,True,128.0202589027983,True,Lambayeque
130381,22.202323490654155,True,295.761535365188,True,110.9105757619454,True,Lambayeque
130382,44.7157667449247,True,542.119195999546,True,203.29469849982976,True,Lambayeque
130383,9.071553852912139,True,140.88648120546915,True,52.21545922037281,True,Lambayeque
130384,43.482524710949136,True,568.7179590620257,True,213.26923464825958,True,Lambayeque
130385,31.600744724282848,True,345.83696562717597,True,129.68886211019108,True,Lambayeque
130386,28.886666727015424,True,356.74940277473047,True,133.78102604052395,True,Lambayeque
130387,29.796771481688303,True,354.31123064025905,True,132.86671149009734,True,Lambayeque
130388,31.460553745410127,True,348.18184111462165,True,130.56819041798317,True,Lambayeque
130390,18.678356986917457,True,273.0648572871515,True,102.39932148268181,True,Lambayeque
130391,31.928538082355022,True,387.5511612821259,True,145.3316854807974,True,Lambayeque
130392,33.89229656104522,True,387.8292554290861,True,145.43597078590747,True,Lambayeque
130393,29.191863641719646,True,365.3714641829947,True,137.01429906862316,True,Lambayeque
130394,31.117098788428546,True,374.5615379925974,True,140.46057674722425,True,Lambayeque
130395,26.591699199210964,True,356.0569812530876,True,133.521367969908,True,Lambayeque
130396,29.17515512096678,True,366.0916525631397,True,137.28436971117756,True,Lambayeque
130397,31.31307342581395,True,374.1903472106506,True,140.32138020399415,True,Lambayeque
130398,29.998026103052826,True,371.5774591103801,True,139.34154716639264,True,Lambayeque
130399,24.545466894377707,True,338.4498104336893,True,127.60659552431216,True,Lambayeque
130400,29.188918121836334,True,335.91171773038224,True,125.96689414889333,True,Lambayeque
130401,26.361701834779044,True,320.98410792283863,True,120.36904047106464,True,Lambayeque
130402,24.545466894377707,True,338.4498104336893,True,127.60659552431216,True,Lambayeque
130403,23.61112991616711,True,330.5438942505625,True,124.64187695563956,True,Lambayeque
130404,18.767641430174606,True,265.39408411399666,True,100.25069061315455,True,Lambayeque
130405,31.34588832359271,True,350.77753967496596,True,131.5415773781124,True,Lambayeque
130406,28.504395364765923,True,415.6779554055474,True,155.87923327708006,True,Lambayeque
130407,30.030677028783234,True,412.7083919714065,True,154.76564698927768,True,Lambayeque
130408,28.894189695616166,True,407.46512595173124,True,152.7994222318994,True,Lambayeque
130409,23.37689610313417,True,359.1409976457669,True,134.67787411716253,True,Lambayeque
130410,27.249499964495733,True,404.5467968102725,True,151.70504880385212,True,Lambayeque
130411,23.135468722816817,True,344.36350309547566,True,129.1569478086497,True,Lambayeque
130412,22.597640191103118,True,332.3234061791784,True,124.64191146503816,True,Lambayeque
130413,23.32297398124742,True,354.48270866718383,True,132.93101575019398,True,Lambayeque
130414,20.098328449292787,True,343.1424258628652,True,128.67840969857446,True,Lambayeque
130415,7.610513306541571,True,77.53926668505069,True,29.077225006894004,True,Lambayeque
130416,6.068083960165831,True,63.397953979014716,True,23.774232742130494,True,Lambayeque
130417,9.869416397797922,True,162.0061196399241,True,60.13532363329345,True,Lambayeque
130418,9.792814380456724,True,97.06767847168743,True,36.63370902825057,True,Lambayeque
130419,12.76642499987724,True,126.53197807385996,True,47.68282137906523,True,Lambayeque
130420,10.30677823218059,True,106.13701439706963,True,40.034710000268916,True,Lambayeque
130421,6.010278063601229,True,75.9577825192007,True,28.717498046068044,True,Lambayeque
130422,8.548620080127723,True,96.97301787904296,True,36.598211306008906,True,Lambayeque
130423,6.564630865544509,True,85.59383847531643,True,32.331019029611454,True,Lambayeque
130424,14.114785957770852,True,131.44783812433454,True,48.67596806494732,True,Lambayeque
130425,12.150539675674622,True,120.53535877935549,True,44.58378831058016,True,Lambayeque
130426,12.104068001774856,True,120.27718281324567,True,44.48697232328898,True,Lambayeque
130427,3.4647421582897846,True,37.877242221990336,True,14.437295434614164,True,Lambayeque
130428,8.752207091900793,True,131.4700162664282,True,48.684284868232425,True,Lambayeque
130429,11.178129880675439,True,145.02177027560074,True,54.616493454718025,True,Lambayeque
130430,13.652345520047922,True,159.92793188676094,True,60.20630405890311,True,Lambayeque
130431,16.44820690619314,True,150.96581303102963,True,56.612179886636135,True,Lambayeque
130432,7.936826127899116,True,125.02050679184826,True,46.26571881526497,True,Lambayeque
130433,5.37533100350692,True,59.549326442020764,True,22.33099741575777,True,Lambayeque
130434,3.7882026569335627,True,51.17905037590015,True,19.19214389096255,True,Lambayeque
130435,3.2636923803633207,True,32.53433862314393,True,12.200376983678971,True,Lambayeque
130436,5.016816924971634,True,43.7658983685831,True,16.412211888218664,True,Lambayeque
130437,8.790654386695687,True,76.86829900386938,True,28.825612126451027,True,Lambayeque
130438,21.086315893500434,True,348.98462421282346,True,130.8692340798087,True,Lambayeque
130439,10.56799110832391,True,106.61110994888837,True,39.97916623083315,True,Lambayeque
130440,18.759979528070648,True,204.47165690712765,True,76.67687134017281,True,Lambayeque
130441,7.694855360671356,True,96.12613549619518,True,36.0473008110732,True,Lambayeque
130442,7.251818202349113,True,86.24453188872897,True,32.341699458273375,True,Lambayeque
130443,32.60157427313472,True,434.21326895199076,True,162.8299758569966,True,Lambayeque
130444,16.971941815906927,True,174.83039487320036,True,65.56139807745011,True,Lambayeque
130445,9.05878940980975,True,165.0995250038305,True,61.91232187643644,True,Lambayeque
130446,19.68571767446632,True,285.30858942887124,True,106.99072103582675,True,Lambayeque
130448,58.82528937726746,True,690.0777584946686,True,258.77915943550073,True,Lambayeque
130449,53.32882524759944,True,636.3853039041794,True,238.6444889640674,True,Lambayeque
130450,48.17613515727637,True,576.5454304240322,True,216.2045364090121,True,Lambayeque
130451,45.234057015317326,True,541.7055626919324,True,203.13958600947475,True,Lambayeque
130452,33.740578641553846,True,518.6919605171879,True,194.50948519394566,True,Lambayeque
130453,6.620474608792122,True,60.62109712424509,True,22.59576729594125,True,Lambayeque
130454,6.110129484938614,True,62.15647873536402,True,23.30867952576151,True,Lambayeque
130455,9.513010788975103,True,125.68518551816719,True,47.131944569312715,True,Lambayeque
130456,7.226007645216972,True,113.4771197658213,True,42.55391991218299,True,Lambayeque
130457,15.26665656488305,True,139.58362559967068,True,52.34385959987652,True,Lambayeque
130458,14.995399404713817,True,127.73460901733571,True,47.900478381500925,True,Lambayeque
130459,4.065961090325891,True,50.26543481298563,True,19.820432984661117,True,Lambayeque
130460,26.998820854289377,True,378.9359806624241,True,142.10099274840923,True,Lambayeque
130461,3.207548703425364,True,30.39193447129174,True,11.630305028102184,True,Lambayeque
130462,18.214772717136153,True,145.00574156644194,True,54.377153087415714,True,Lambayeque
130463,4.664958705084904,True,55.2914034499953,True,20.73427629374824,True,Lambayeque
130464,20.10073874205253,True,278.3428865146457,True,104.37858244299217,True,Lambayeque
130465,20.289484921197403,True,331.77169448020425,True,124.41438543007654,True,Lambayeque
130466,11.85310399534749,True,126.569605364497,True,46.84663078000825,True,Lambayeque
130467,9.079502901131775,True,140.31099340782706,True,52.616622527935114,True,Lambayeque
130468,24.78256459841902,True,347.835993606862,True,130.43849760257345,True,Lambayeque
130469,36.80355029963609,True,411.1810708028768,True,154.1929015510788,True,Lambayeque
130471,47.8266284681188,True,556.9362590111582,True,208.8510971291843,True,Lambayeque
130472,46.55277944831092,True,556.732952957946,True,208.77485735922977,True,Lambayeque
130473,47.81179650134757,True,574.5213267799834,True,215.44549754249377,True,Lambayeque
130474,52.84964424632816,True,612.9323195266568,True,229.84961982249618,True,Lambayeque
130475,51.667382090308244,True,612.0640971157368,True,229.5240364184013,True,Lambayeque
130476,55.49760809852483,True,642.610767440241,True,240.97903779009033,True,Lambayeque
130478,54.60824934178224,True,644.2217723781123,True,241.58316464179225,True,Lambayeque
130479,29.60736630493567,True,376.40315751396923,True,141.15118406773848,True,Lambayeque
130480,12.922159321220699,True,116.59516779897332,True,43.72318792461495,True,Lambayeque
130481,2.7020328906245443,True,27.583513289064964,True,10.577147084767143,True,Lambayeque
130482,1.9197727985935795,True,11.161010592234783,True,4.63407256457476,True,Lambayeque
130483,3.488852845648784,True,35.682369163178414,True,13.380888436191904,True,Lambayeque
130484,11.626278668943545,True,148.8330823846055,True,56.04573549559485,True,Lambayeque
130485,13.07495987281654,True,223.51969570241533,True,83.81988588840574,True,Lambayeque
130486,20.707739873779644,True,230.96828888958723,True,86.6131083335952,True,Lambayeque
130487,21.01460608498954,True,369.7180348164496,True,138.6442630561687,True,Lambayeque
130489,26.93397224428041,True,346.348846006279,True,129.88081725235483,True,Lambayeque
130490,25.15852960910258,True,357.85987175352255,True,134.2180860554173,True,Lambayeque
130491,22.522364893615347,True,360.66584700029114,True,135.24969262510913,True,Lambayeque
130492,11.017614035966586,True,95.64339217811656,True,35.866272066793705,True,Lambayeque
130493,18.777810481751676,True,161.92014677992927,True,60.720055042473476,True,Lambayeque
130494,25.907353952909723,True,338.568363222508,True,126.96313620844062,True,Lambayeque
130496,16.33789000167144,True,184.6235261927598,True,69.23382232228495,True,Lambayeque
130497,3.0378733572899166,True,17.726669202602768,True,7.618395880767539,True,Lambayeque
130498,30.443723653289847,True,328.2084115038631,True,123.0781543139486,True,Lambayeque
130499,20.097578336043533,True,203.7687349362759,True,76.41327560110348,True,Lambayeque
130500,13.807394623443306,True,179.10922218591563,True,67.18402525944565,True,Lambayeque
130501,21.670963372289922,True,271.4428223485041,True,101.79105838068897,True,Lambayeque
130502,29.767190131000486,True,334.83571980281175,True,125.5633949260544,True,Lambayeque
130503,13.040359654658555,True,228.9443345465094,True,85.85412545494101,True,Lambayeque
130504,26.21197728907287,True,311.80739049768545,True,116.92777143663206,True,Lambayeque
130505,23.084350833516623,True,281.55184588333293,True,105.5819422062499,True,Lambayeque
130506,25.155336025226713,True,341.591908748839,True,128.11759992866104,True,Lambayeque
130507,15.728508354672917,True,189.22398845031964,True,71.19232527023765,True,Lambayeque
130508,14.765526200582014,True,154.88295472903653,True,58.081108023388744,True,Lambayeque
130509,19.016315984211516,True,196.6206463147447,True,73.73274236802928,True,Lambayeque
130510,22.28578605268739,True,359.5765714931842,True,134.84121430994404,True,Lambayeque
130511,25.984907049968424,True,373.6273581038493,True,140.1102592889433,True,Lambayeque
130512,27.07805182577801,True,336.9974729596323,True,126.37405235986235,True,Lambayeque
130513,30.100656866017687,True,311.5850126722648,True,116.95278983810391,True,Lambayeque
130514,4.660018428237948,True,40.55042344536957,True,15.439738393381369,True,Lambayeque
130515,28.38807553704949,True,436.8129339226451,True,163.82548436883826,True,Lambayeque
130516,16.52740818886176,True,196.58466030471695,True,73.95257721563662,True,Lambayeque
130517,29.45263406248303,True,575.8611712185556,True,215.94793920695867,True,Lambayeque
130518,25.72103113641333,True,291.35047055233457,True,109.48975605849317,True,Lambayeque
130519,11.984917027871647,True,148.4143800598719,True,55.8887221238197,True,Lambayeque
130520,3.8456609746558885,True,51.67695993125903,True,19.378859974222127,True,Lambayeque
130521,52.6269165976878,True,603.1730549501062,True,226.18989560628967,True,Lambayeque
130523,8.790473752761285,True,128.25657028892647,True,48.09621385834742,True,Lambayeque
130524,30.85688897373536,True,544.8561365548727,True,204.32105120807748,True,Lambayeque
130525,3.4092777494831585,True,29.22317337071578,True,10.136006512599142,True,Lambayeque
130526,0.5746971990177397,True,3.192762216765222,True,1.1972858312869579,True,Lambayeque
130527,3.0981402297729304,True,25.744962029427697,True,9.654360761035385,True,Lambayeque
130528,2.5481583382894195,True,34.558081562392566,True,12.959280585897208,True,Lambayeque
130529,4.76760762491959,True,46.69868681451358,True,16.649215289509268,True,Lambayeque
130530,3.126122188118854,True,31.898902750392207,True,11.96208853139708,True,Lambayeque
130531,2.9258904288118206,True,25.903245434929904,True,9.713717038098716,True,Lambayeque
130532,8.807568173294637,True,79.7861210117805,True,29.55925311331208,True,Lambayeque
130533,11.74899640357348,True,88.37957903457914,True,33.14234213796716,True,Lambayeque
130534,11.74899640357348,True,92.24481190445337,True,34.59180446417002,True,Lambayeque
130535,50.17062128734035,True,580.2817413766467,True,217.60565301624254,True,Lambayeque
130537,22.803650174134777,True,292.7232489178852,True,109.77121834420687,True,Lambayeque
130538,29.213713331040847,True,350.5323426676369,True,131.44962850036376,True,Lambayeque
130539,16.311110065114814,True,252.9361456603227,True,94.87168877046727,True,Lambayeque
130540,33.13027154037179,True,288.95580012248513,True,108.35842504593191,True,Lambayeque
130542,2.946620185826163,True,40.88388062794755,True,15.331455235480338,True,Lambayeque
130543,28.60337536448321,True,425.42275812022245,True,159.5335342950836,True,Lambayeque
130544,31.79209641228651,True,436.4520258644995,True,163.6695096991874,True,Lambayeque
130545,17.00627879992364,True,196.32271314615693,True,73.85434703117663,True,Lambayeque
130546,11.061954701627865,True,187.48328374226614,True,69.68926017167173,True,Lambayeque
130547,9.718988021639266,True,85.45257886375884,True,32.27804667527735,True,Lambayeque
130548,5.708272828063468,True,57.83479469987057,True,21.92137761381923,True,Lambayeque
130549,7.138556665074625,True,116.15084609379834,True,42.93959605349625,True,Lambayeque
130550,10.579015779241486,True,139.7750093572221,True,51.7986572772801,True,Lambayeque
130551,14.097295548563306,True,163.88304325134214,True,61.68947082062107,True,Lambayeque
130552,6.896178651762245,True,113.88452839023431,True,42.08972691465973,True,Lambayeque
130553,10.768458744626157,True,108.39304449379728,True,40.647391685173986,True,Lambayeque
130554,12.422636063034386,True,132.86422948703873,True,49.82408605763953,True,Lambayeque
130555,12.423104962098558,True,154.72089917111074,True,58.020337189166526,True,Lambayeque
130556,3.990353340420193,True,39.26892266183825,True,15.200443722417399,True,Lambayeque
130557,5.8893372234268355,True,49.000061846641,True,18.37502319249038,True,Lambayeque
130558,3.6829869198479344,True,49.7761738814251,True,18.666065205534416,True,Lambayeque
130559,14.822803361462617,True,115.31231699796604,True,43.24211887423723,True,Lambayeque
130560,3.536247665787096,True,34.04853465327603,True,12.768200494978506,True,Lambayeque
130561,10.570709513925822,True,152.50119860043196,True,56.57097824348388,True,Lambayeque
130562,12.527468592181979,True,168.57848609234927,True,62.59996105295285,True,Lambayeque
130563,16.09430252236751,True,203.9179348131268,True,75.8522543232444,True,Lambayeque
130564,15.602364461351057,True,163.35727655729943,True,61.2589787089873,True,Lambayeque
130565,15.892543933278498,True,211.56551936597833,True,79.33706976224188,True,Lambayeque
130566,14.756299423078703,True,210.71390391345193,True,79.01771396754447,True,Lambayeque
130567,19.902748355085958,True,247.39027787459023,True,92.77135420297135,True,Lambayeque
130568,14.968887720113523,True,227.24619267381252,True,85.21732225267957,True,Lambayeque
130569,24.106102168609368,True,293.0885005380103,True,109.90818770175377,True,Lambayeque
130570,26.12484489593029,True,293.32636550506317,True,109.99738706439868,True,Lambayeque
130571,32.50301728426505,True,328.03538731317883,True,123.01327024244198,True,Lambayeque
130572,19.507672460746903,True,215.85400990879424,True,80.94525371579776,True,Lambayeque
130573,14.026475978148403,True,225.47458425075146,True,84.55296909403182,True,Lambayeque
130574,14.233677743930732,True,220.3338695257746,True,82.62520107216555,True,Lambayeque
130575,4.863704792527055,True,81.01404208161428,True,30.380265780605374,True,Lambayeque
130576,4.849957973066805,True,72.60516255137618,True,27.226935956766074,True,Lambayeque
130577,12.006076832297195,True,184.4452552421043,True,69.1669707157891,True,Lambayeque
130578,13.338105122341766,True,141.23305432549287,True,52.962395372059824,True,Lambayeque
130579,13.331356876494969,True,145.32617363236906,True,54.497315112138395,True,Lambayeque
130580,11.072427277060054,True,109.72921294033245,True,41.14845485262466,True,Lambayeque
130581,10.03402937268466,True,84.27761023650959,True,31.60410383869108,True,Lambayeque
130582,12.60297658288756,True,101.28788061101437,True,37.982955229130376,True,Lambayeque
130583,27.313730972112662,True,392.9727867433032,True,147.36479502873874,True,Lambayeque
130584,17.066238216335545,True,257.3556350268729,True,96.52899728292358,True,Lambayeque
130586,12.830101842397722,True,211.16539129811414,True,79.18702173679284,True,Lambayeque
130587,16.564637347996467,True,204.02160444150317,True,76.50810166556357,True,Lambayeque
130588,32.93356736968758,True,294.8509199581804,True,110.56909498431762,True,Lambayeque
130589,18.71439718081707,True,238.3163947457278,True,89.36864802964784,True,Lambayeque
130590,11.9545390540388,True,187.49898142049545,True,70.31211803268579,True,Lambayeque
130591,14.874661032446944,True,209.93194028657356,True,78.72447760746499,True,Lambayeque
130592,14.690261947387707,True,259.3820574829766,True,97.26827155611623,True,Lambayeque
130593,26.89915569509138,True,351.5258593265432,True,132.5101138591323,True,Lambayeque
130594,11.15990991190529,True,194.3106878107217,True,72.86650792902066,True,Lambayeque
130595,11.938259277390163,True,198.26880883821244,True,74.35080331432968,True,Lambayeque
130596,25.643486060557724,True,454.1060417171102,True,170.28976564391638,True,Lambayeque
130597,27.21268909575588,True,454.28253465404686,True,170.35595049526773,True,Lambayeque
130598,22.629394589396487,True,398.77735046681835,True,149.5415064250569,True,Lambayeque
130599,29.262379687974242,True,439.99228372460124,True,164.99710639672517,True,Lambayeque
130600,30.166929755982135,True,447.1623382136991,True,167.68587683013686,True,Lambayeque
130601,30.195086732312088,True,486.5339277792595,True,182.45022291722248,True,Lambayeque
130602,24.38257573067106,True,415.4192806352401,True,155.7822302382151,True,Lambayeque
130603,23.74151888933683,True,411.1455683596786,True,154.1795881348795,True,Lambayeque
130605,24.49268778005948,True,417.0071572903753,True,156.37768398389062,True,Lambayeque
130607,11.552407296384954,True,108.62535242715762,True,40.73450716018407,True,Lambayeque
130608,10.087442920127947,True,119.08687108055175,True,44.657576655206896,True,Lambayeque
130609,21.958858609992387,True,320.3310232734852,True,120.12413372755677,True,Lambayeque
130610,12.013155801735138,True,201.4123575908325,True,75.52963409656218,True,Lambayeque
130611,14.90362249634566,True,248.50572235681238,True,93.1896458838046,True,Lambayeque
130615,45.16473164197081,True,577.9719210939788,True,216.7394704102418,True,Lambayeque
130616,49.32940422939315,True,621.0846613075008,True,232.90674799031265,True,Lambayeque
130617,68.8602904686673,True,890.7091750318818,True,334.01594063695643,True,Lambayeque
130621,65.26798765999045,True,844.1290478707398,True,316.5483929515279,True,Lambayeque
130623,54.0300298698948,True,863.5047962140452,True,323.81429858026695,True,Lambayeque
130627,37.925827170649754,True,512.115338719366,True,192.04325201976215,True,Lambayeque
130629,53.93949571491651,True,863.0018286863881,True,323.6256857573955,True,Lambayeque
130635,46.017645357047485,True,787.6603925875693,True,295.3726472203378,True,Lambayeque
130637,56.11602636790425,True,879.4166499917295,True,329.78124374689855,True,Lambayeque
130641,50.89708573757461,True,831.0331959700327,True,311.63744848876166,True,Lambayeque
130645,54.18287976456208,True,803.9807317464798,True,301.4927744049292,True,Lambayeque
130647,80.04166380600995,True,989.1952807152225,True,370.94823026820825,True,Lambayeque
130648,41.25464742366096,True,589.5932016989738,True,221.0974506371155,True,Lambayeque
130651,39.49665110754185,True,567.4222269211601,True,212.7833350954353,True,Lambayeque
130657,44.67417978108201,True,568.4149329892083,True,213.15559987095304,True,Lambayeque
130658,45.18174682435839,True,546.0796712243574,True,204.7798767091339,True,Lambayeque
130663,51.40112145310537,True,636.3128363750692,True,238.61731364065074,True,Lambayeque
130666,37.14017714672077,True,514.0843851408969,True,192.7816444278362,True,Lambayeque
130668,33.566930623293636,True,563.1005372884715,True,211.16270148317673,True,Lambayeque
130672,37.385889092485264,True,550.0592579638882,True,206.27222173645822,True,Lambayeque
130674,41.95356625869905,True,592.8169644584203,True,222.30636167190764,True,Lambayeque
130676,39.001027624783525,True,542.8022529015223,True,203.6021795220637,True,Lambayeque
130678,37.10711139711713,True,576.3250659521207,True,216.12189973204553,True,Lambayeque
130680,43.82293471729036,True,555.7095152302229,True,208.39106821133356,True,Lambayeque
130682,33.465887956039396,True,588.6172176499269,True,220.7314566187223,True,Lambayeque
130683,50.924077696061936,True,785.0283650310926,True,294.3856368866592,True,Lambayeque
130684,49.98431649938286,True,776.674932171723,True,291.2530995643957,True,Lambayeque
130685,33.465887956039396,True,588.6172176499269,True,220.7314566187223,True,Lambayeque
130686,35.63490926521917,True,522.9642651869106,True,196.11159944509149,True,Lambayeque
130687,33.755846342990196,True,487.6330176491954,True,182.86238161844832,True,Lambayeque
130688,35.69108169025081,True,624.2153525634599,True,234.08075721129714,True,Lambayeque
130691,52.33682691840311,True,666.8669765560611,True,250.07511620852284,True,Lambayeque
130692,39.67591728559625,True,508.91825281618156,True,190.84434480606794,True,Lambayeque
130693,49.058741818386544,True,619.8997322695521,True,232.46239960108187,True,Lambayeque
130695,39.82904321022705,True,669.2469481405317,True,250.9676055526996,True,Lambayeque
130697,40.71208884152199,True,693.0713590735662,True,259.9017596525877,True,Lambayeque
130701,42.9221454627769,True,548.0707720380599,True,205.5265395142723,True,Lambayeque
130702,41.14111875816822,True,523.3325912836729,True,196.24972173137715,True,Lambayeque
130703,41.179005822744706,True,524.0355587503495,True,196.51333453138096,True,Lambayeque
130704,40.75451429402965,True,463.2913215991929,True,173.73424559969732,True,Lambayeque
130706,33.755846342990196,True,481.35256026944097,True,180.50721010104047,True,Lambayeque
130711,54.376188200083064,True,627.9606962057333,True,235.48526107715003,True,Lambayeque
130712,45.84608147822724,True,550.1742270437315,True,206.31533514139943,True,Lambayeque
130714,39.83557847005131,True,491.4650577763623,True,184.038402350285,True,Lambayeque
130715,50.1448427478209,True,589.6304867708242,True,221.11143253905928,True,Lambayeque
130716,44.69776372943612,True,514.1922717873385,True,192.82210192025198,True,Lambayeque
130717,45.328565989571736,True,521.3707225391282,True,195.51402095217298,True,Lambayeque
130718,38.447270638474606,True,479.84944129783145,True,179.94354048668666,True,Lambayeque
130720,42.402721509787014,True,526.9556255536678,True,197.60835958262533,True,Lambayeque
130721,47.53012447974243,True,565.1434981683111,True,211.92881181311682,True,Lambayeque
130725,48.42373472732192,True,582.8657172021811,True,218.57464395081786,True,Lambayeque
130729,39.05047856106515,True,503.6096330277145,True,188.85361238539284,True,Lambayeque
130730,52.40513677077909,True,668.3324491388879,True,250.62466842708278,True,Lambayeque
130737,41.97361344298325,True,502.9833120547494,True,188.61874202053102,True,Lambayeque
130738,42.30278820735414,True,498.22576830679213,True,186.83466311504705,True,Lambayeque
130740,70.0908593313834,True,901.6475649226911,True,338.1178368460099,True,Lambayeque
130751,70.24023473521964,True,765.912853798304,True,287.21732017436426,True,Lambayeque
130753,72.69751734467428,True,927.2835532374771,True,347.7313324640547,True,Lambayeque
130755,33.711010615336896,True,428.36918182226253,True,160.6384431833483,True,Lambayeque
130760,71.5298690030245,True,923.1030553636705,True,346.16364576137744,True,Lambayeque
130762,71.66812700024012,True,934.3449024705745,True,350.3793384264656,True,Lambayeque
130765,71.92668118849025,True,931.0456065006861,True,349.1421024377575,True,Lambayeque
130767,78.40636017080293,True,839.4157076384038,True,314.78089036440156,True,Lambayeque
130768,32.34568801082473,True,413.1989306610163,True,154.94959899788094,True,Lambayeque
130769,72.68257779372381,True,927.3853822831337,True,347.7695183561751,True,Lambayeque
130772,82.30034992600271,True,865.3756393397356,True,324.51586475240117,True,Lambayeque
130774,35.73452729390966,True,628.0128802775147,True,235.5048301040677,True,Lambayeque
130776,35.538879291025154,True,443.72823210801573,True,166.3980870405059,True,Lambayeque
130777,74.93994859457707,True,951.9716457027229,True,356.9893671385215,True,Lambayeque
130778,23.35649222346347,True,383.4966482556682,True,143.81124309587548,True,Lambayeque
130779,22.63653139455655,True,396.09532322356466,True,148.53574620883666,True,Lambayeque
130784,88.44812579320602,True,1100.999862070747,True,412.8749482765298,True,Lambayeque
130785,92.22389122914423,True,1129.6835652979921,True,423.6313369867472,True,Lambayeque
130786,92.06320335503307,True,1127.5410603098435,True,422.82789761619136,True,Lambayeque
130788,90.6442333365441,True,1099.779134133156,True,412.41717529993366,True,Lambayeque
130789,88.68889837192259,True,1083.8433409199197,True,406.44125284497,True,Lambayeque
130792,86.68785324079032,True,1066.9828411032456,True,400.1185654137174,True,Lambayeque
130793,76.82552281504961,True,978.846269981107,True,367.14009073650493,True,Lambayeque
130794,95.39123478914823,True,1145.528452246679,True,429.5731695925049,True,Lambayeque
130795,33.319490318241115,True,432.78327911369325,True,162.29372966763503,True,Lambayeque
130797,83.3346882362925,True,1031.0210385201945,True,386.6328894450734,True,Lambayeque
130799,87.3114825071008,True,1084.5356148409344,True,406.7008555653499,True,Lambayeque
130800,80.30714146019999,True,961.6294422140346,True,360.61104083026316,True,Lambayeque
130804,27.40362522709714,True,382.00679512682296,True,143.25254817255862,True,Lambayeque
130809,82.75630547787036,True,1025.3905030066946,True,384.52143862751007,True,Lambayeque
130810,97.46709809460062,True,1180.1058575076602,True,442.5396965653733,True,Lambayeque
130811,27.627568646644622,True,369.5327007337071,True,138.57476277514024,True,Lambayeque
130814,25.985215179730506,True,355.2789333203948,True,133.22959999514825,True,Lambayeque
130815,26.861559040554503,True,362.6761007037285,True,136.00353776389832,True,Lambayeque
130816,36.26418043375012,True,472.38286517514473,True,177.14357444067943,True,Lambayeque
130818,84.97176313116728,True,1040.3706936464614,True,390.13901011742263,True,Lambayeque
130819,45.145107084067924,True,547.2183960118299,True,205.2068985044363,True,Lambayeque
130823,25.68812584433905,True,357.0374354926594,True,133.88903830974746,True,Lambayeque
130824,30.174204644968793,True,395.5087425128742,True,148.31577844232805,True,Lambayeque
130825,26.872419461318678,True,368.77866079369596,True,138.29199779763618,True,Lambayeque
130826,38.2544755049001,True,501.2808521507108,True,187.98031955651675,True,Lambayeque
130829,42.93438006806805,True,532.480215905164,True,199.68008096443663,True,Lambayeque
130831,29.591883276527817,True,390.33255257117656,True,146.37470721419143,True,Lambayeque
130835,97.46709809460062,True,1180.1058575076602,True,442.5396965653733,True,Lambayeque
130838,31.38941617571808,True,442.13736335362097,True,165.801511257608,True,Lambayeque
130840,24.666346241361335,True,386.027240256228,True,144.7602150960855,True,Lambayeque
130841,27.429103560527118,True,466.0197700235558,True,174.7574137588334,True,Lambayeque
130842,36.86546647591134,True,640.5768156052852,True,240.21630585198147,True,Lambayeque
130843,36.98067957880061,True,651.1024020545701,True,244.16340077046368,True,Lambayeque
130847,31.38941617571808,True,442.13736335362097,True,165.801511257608,True,Lambayeque
130848,24.666346241361335,True,386.027240256228,True,144.7602150960855,True,Lambayeque
130853,93.69394459351366,True,1103.758690113505,True,413.9095087925641,True,Lambayeque
130854,79.29347733444794,True,1086.6704521175818,True,407.5014195440935,True,Lambayeque
130855,27.097236804305997,True,413.0371354000576,True,154.88892577502156,True,Lambayeque
130857,29.173256769522297,True,502.6669272490313,True,188.50009771838648,True,Lambayeque
130859,28.370266418645606,True,498.02839031848146,True,186.76064636943036,True,Lambayeque
130860,28.82454428640121,True,432.2294407566712,True,162.08604028375163,True,Lambayeque
130862,55.93818294853789,True,829.598189497546,True,311.099321061579,True,Lambayeque
130863,51.68638226786768,True,824.2634722903017,True,309.0988021088631,True,Lambayeque
130864,42.63026015048875,True,738.8812825846926,True,277.0804809692593,True,Lambayeque
130865,28.370266418645606,True,498.02839031848146,True,186.76064636943036,True,Lambayeque
130866,25.840180200441186,True,382.2918975329172,True,143.35946157484386,True,Lambayeque
130867,93.74815873087161,True,1157.8209270981179,True,434.1828476617945,True,Lambayeque
130868,48.997666884270785,True,808.6650862820202,True,303.29405953954995,True,Lambayeque
130871,44.95308075246918,True,752.184831264869,True,282.06931172432553,True,Lambayeque
130872,48.93885101164644,True,809.1778609720369,True,303.3747786584021,True,Lambayeque
130873,52.700369817915934,True,831.7601459359187,True,311.91005472596936,True,Lambayeque
130874,45.295001284889665,True,785.2932595285336,True,294.4394059371528,True,Lambayeque
130877,24.809327065023833,True,406.94448771308174,True,152.6041828924055,True,Lambayeque
130880,50.73130512079862,True,630.162625267468,True,236.3109844753006,True,Lambayeque
130881,24.561108012823983,True,430.31001865943017,True,161.3662569972862,True,Lambayeque
130882,49.44363378523948,True,636.7237066759923,True,238.77139000349734,True,Lambayeque
130883,36.83292348355189,True,648.1708171639935,True,243.06405643649734,True,Lambayeque
130884,36.764341264166966,True,647.2563875721947,True,242.72114533957273,True,Lambayeque
130885,37.4559842221408,True,659.5522623806181,True,247.33209839273167,True,Lambayeque
130888,38.6689980207233,True,681.116952133196,True,255.4188570499483,True,Lambayeque
130889,37.70998973858851,True,659.8650338978151,True,247.44938771168046,True,Lambayeque
130890,49.9191383941817,True,776.0955712366016,True,291.0358392137252,True,Lambayeque
130891,47.366886377489955,True,748.8553123068043,True,280.82074211505153,True,Lambayeque
130892,39.28511012262877,True,707.6925581263778,True,265.38470929739145,True,Lambayeque
130894,47.91899740997487,True,752.5360525233705,True,282.20101969626376,True,Lambayeque
130895,55.2582201035126,True,803.6494746665036,True,301.36855299993846,True,Lambayeque
130897,42.40248156529995,True,737.9067013492547,True,276.71501300597026,True,Lambayeque
130899,55.94169797261252,True,806.020722940955,True,302.25777110285793,True,Lambayeque
130900,42.74345910121378,True,716.054348360863,True,268.52038063532325,True,Lambayeque
130901,43.05209951439959,True,753.4308951592841,True,282.53658568473116,True,Lambayeque
130905,40.56894256662276,True,681.7265499465228,True,255.6474562299457,True,Lambayeque
130906,53.154264511946444,True,847.819554610576,True,317.9323329789653,True,Lambayeque
130909,58.55290822531783,True,884.7261459489066,True,331.77230473083927,True,Lambayeque
130916,43.35053866311237,True,764.3443413312242,True,286.6291279992087,True,Lambayeque
130917,44.917998875279025,True,775.0190752586701,True,290.632153222001,True,Lambayeque
130918,45.24168449653389,True,796.7998451475712,True,298.7999419303389,True,Lambayeque
130919,47.28218891961596,True,834.2403458912878,True,312.8401297092326,True,Lambayeque
130980,61.82136327703912,True,732.1813796897056,True,274.5680173836398,True,Lambayeque
130986,59.842727763746595,True,704.2219470633455,True,264.08323014875464,True,Lambayeque
131006,65.09076112115498,True,743.4621934729767,True,278.79832255236647,True,Lambayeque
131009,68.20303429831378,True,801.9409230889897,True,300.7278461583712,True,Lambayeque
131014,72.14282849355988,True,846.8643265399363,True,317.5741224524757,True,Lambayeque
131016,75.12805796657089,True,880.0335429067254,True,330.01257859002146,True,Lambayeque
131022,52.00831663184282,True,789.8301016591093,True,296.1862881221654,True,Lambayeque
131023,95.6229372905289,True,1152.140215933593,True,432.05258097509795,True,Lambayeque
131024,83.66987189113044,True,1024.024534825723,True,384.0092005596462,True,Lambayeque
131030,26.90085565799193,True,467.19622348367625,True,175.19858380637837,True,Lambayeque
131031,66.1608922139094,True,853.7280614528601,True,320.14802304482265,True,Lambayeque
131034,93.77995408712088,True,1139.853661244207,True,427.4451229665778,True,Lambayeque
131065,26.02258024314345,True,401.096506942696,True,150.41119010351096,True,Lambayeque
131068,23.892216055962574,True,370.13116727094814,True,138.7991877266055,True,Lambayeque
131070,59.19626002946624,True,703.013565827785,True,263.63008718541954,True,Lambayeque
131129,57.58547092484819,True,899.2637146819688,True,337.22389300573815,True,Lambayeque
131130,49.53777056240738,True,849.6930343231093,True,318.6348878711657,True,Lambayeque
131159,23.724607604312993,True,375.5634776223576,True,140.83630410838404,True,Lambayeque
131160,31.238047158890733,True,403.94865047207657,True,151.48074392702856,True,Lambayeque
131161,36.79571570094428,True,530.5505199913042,True,199.00777968073197,True,Lambayeque
131162,44.26120081688588,True,610.8611931883281,True,229.0729474456233,True,Lambayeque
131163,38.81996321981571,True,480.7796448273329,True,180.2923668102496,True,Lambayeque
131164,34.65975525050791,True,446.2178964864452,True,167.33171118241702,True,Lambayeque
131165,60.11114924046537,True,713.179001505553,True,267.44212556458257,True,Lambayeque
131166,59.902929141685725,True,710.8654448524468,True,266.57454181966733,True,Lambayeque
131167,68.14580183182613,True,758.4526478826081,True,284.4197429559778,True,Lambayeque
131168,62.325164255171245,True,787.2001785913205,True,295.2000669717449,True,Lambayeque
131169,49.70700629968373,True,813.545866976177,True,305.0797001160657,True,Lambayeque
131170,40.516216689360455,True,496.3570107074881,True,186.13387901530797,True,Lambayeque
131174,27.87172605849178,True,489.1654505824133,True,183.43704396840482,True,Lambayeque
131175,26.456520814696468,True,358.8154757131724,True,134.55580339243983,True,Lambayeque
131176,24.570165253095603,True,374.65082858516837,True,140.4940607194381,True,Lambayeque
131177,41.848142244740956,True,498.02595086219867,True,186.75973157332453,True,Lambayeque
131178,62.11838245218512,True,715.3109785737472,True,268.2416169651548,True,Lambayeque
131186,37.639219960446056,True,472.01595232347535,True,177.0059821213031,True,Lambayeque
131189,45.10203457890376,True,534.4774270396404,True,200.42903513986502,True,Lambayeque
131190,45.922507159080745,True,570.4172547025784,True,213.90647051346707,True,Lambayeque
131200,40.86655143329113,True,693.9294845833949,True,260.2235567187735,True,Lambayeque
131202,90.17104270118679,True,1134.3554338229558,True,425.38328768360867,True,Lambayeque
131204,48.537965168654054,True,856.5652569852981,True,321.21197136948655,True,Lambayeque
131205,37.27745900084207,True,481.46166297118964,True,180.54812361419627,True,Lambayeque
131206,72.77260726788724,True,979.9340310802065,True,367.4752616550764,True,Lambayeque
131209,27.387648744755765,True,368.1998123898801,True,138.0749296462051,True,Lambayeque
131213,39.91080375054991,True,577.0548787452709,True,216.3955795294767,True,Lambayeque
131214,84.4872834479939,True,1048.4702092750088,True,393.17632847812797,True,Lambayeque
131215,50.55700084133062,True,630.2009508563627,True,236.32535657113593,True,Lambayeque
131223,42.363764487673265,True,598.2116176602442,True,224.32935662259175,True,Lambayeque
131225,44.26120081688588,True,610.8611931883281,True,229.0729474456233,True,Lambayeque
131227,39.31195090803,True,571.7317423673161,True,214.39940338774366,True,Lambayeque
131229,31.561615796066764,True,581.5749748037867,True,218.09061555142,True,Lambayeque
131260,46.099150434912396,True,813.2085506076686,True,304.9532064778754,True,Lambayeque
131261,54.24287685145408,True,814.5288019679122,True,305.44830073796635,True,Lambayeque
131262,48.731673384292755,True,860.0089585966527,True,322.5033594737445,True,Lambayeque
131263,97.46709809460062,True,1180.1058575076602,True,442.5396965653733,True,Lambayeque
131265,97.46709809460062,True,1180.1058575076602,True,442.5396965653733,True,Lambayeque
131266,97.46709809460062,True,1180.1058575076602,True,442.5396965653733,True,Lambayeque
131267,39.91080375054991,True,577.0548787452709,True,216.3955795294767,True,Lambayeque
131268,58.41237048838128,True,663.8378721017175,True,248.9392020381441,True,Lambayeque
131269,50.18880820437337,True,627.7463332766478,True,235.4048749787428,True,Lambayeque
131270,30.311899429275773,True,532.5463105074622,True,199.70486644029813,True,Lambayeque
131271,26.40440734633315,True,431.49275903626335,True,161.80978463859864,True,Lambayeque
131272,23.698813345536855,True,400.7749670492652,True,150.2906126434743,True,Lambayeque
131273,26.169197809913307,True,452.1499707761233,True,169.55623904104607,True,Lambayeque
136715,79.2021094159139,True,1314.6215866743728,True,492.9830950028892,True,Lambayeque
136716,67.97153500131525,True,1046.9744723866033,True,392.61542714497585,True,Lambayeque
136718,151.87814150404444,True,1615.897048069523,True,605.9613930260715,True,Lambayeque
136721,141.53326695010003,True,1523.9426075900171,True,571.4784778462563,True,Lambayeque
136723,128.10587583673782,True,1404.6822657856158,True,526.7558496696055,True,Lambayeque
136731,147.97119164783118,True,1581.1686049031825,True,592.938226838694,True,Lambayeque
136737,162.8731975126107,True,1713.630879256777,True,642.6115797212929,True,Lambayeque
136738,137.4448003590417,True,1481.3012508846657,True,555.4879690817494,True,Lambayeque
136739,50.5455012717205,True,896.8085343600037,True,336.3032003850016,True,Lambayeque
136743,133.0775318909433,True,1448.8747640452193,True,543.3280365169569,True,Lambayeque
136748,141.80628515745857,True,1508.6358703310082,True,565.7384513741277,True,Lambayeque
136749,141.37250696546062,True,1506.5808708223622,True,564.9678265583857,True,Lambayeque
136751,30.79667868995062,True,532.6225622957578,True,199.73346086090945,True,Lambayeque
136753,34.56543857700834,True,553.7905453303247,True,207.67145449887207,True,Lambayeque
136754,57.9057005009733,True,970.497424396389,True,363.9365341486465,True,Lambayeque
136756,30.903375695920875,True,547.0432678677857,True,205.14122545041988,True,Lambayeque
136757,35.62633746877748,True,632.5837466203487,True,237.21890498263107,True,Lambayeque
136758,52.26351065377552,True,808.8327170640092,True,303.3122688990036,True,Lambayeque
136759,33.2228228884566,True,588.6563592295238,True,220.7461347110716,True,Lambayeque
136760,34.75017922918364,True,612.9064442886691,True,229.83991660825112,True,Lambayeque
136761,35.01871068619758,True,612.8762709049502,True,229.82860158935654,True,Lambayeque
136762,38.16846648494695,True,595.6625463733512,True,223.37345489000697,True,Lambayeque
136763,69.94653808566402,True,1117.5734040140128,True,419.0900265052544,True,Lambayeque
136764,80.62741796992121,True,1293.9134748784343,True,485.21755307941277,True,Lambayeque
136765,73.32870382258533,True,1270.2909192535203,True,476.35909472007035,True,Lambayeque
136766,38.917211709958,True,661.8032698016013,True,248.17622617560082,True,Lambayeque
136767,37.40940379975056,True,663.2779126360939,True,248.7292172385355,True,Lambayeque
136768,45.555161429262306,True,753.7863307417799,True,282.6698740281678,True,Lambayeque
136770,39.640920344394,True,683.1136152551463,True,256.16760572068034,True,Lambayeque
136772,48.36871642457695,True,720.7810780821593,True,270.29290428081,True,Lambayeque
136773,37.03053014029648,True,649.5509697281578,True,243.5816136480595,True,Lambayeque
136775,69.72919753745629,True,968.9492882684104,True,363.3559831006545,True,Lambayeque
136777,54.05085909193762,True,848.1829714381722,True,318.06861428931495,True,Lambayeque
136778,46.53396817127378,True,787.3346647566337,True,295.2504992837381,True,Lambayeque
136780,43.20844297597294,True,732.7510599673211,True,274.7816474877457,True,Lambayeque
136781,41.84883252202677,True,736.9362616921229,True,276.3510981345465,True,Lambayeque
136782,60.062894823962,True,934.6849827540083,True,350.5068685327537,True,Lambayeque
136783,52.66676786398441,True,798.8989265403945,True,299.58709745264855,True,Lambayeque
136784,44.3129553186327,True,784.2542713913233,True,294.09535177174655,True,Lambayeque
136786,48.50406183139718,True,761.897095139619,True,285.7114106773574,True,Lambayeque
136787,75.82115619813425,True,1321.044901037651,True,495.3918378891192,True,Lambayeque
136788,78.85664810528142,True,1318.7268461732979,True,494.5225673149875,True,Lambayeque
136791,28.872658766654443,True,495.181322995308,True,185.69299612324068,True,Lambayeque
136792,28.872658766654443,True,495.181322995308,True,185.69299612324068,True,Lambayeque
136793,28.872658766654443,True,495.181322995308,True,185.69299612324068,True,Lambayeque
136795,40.25240945640371,True,710.3996426124567,True,266.3998659796717,True,Lambayeque
136796,58.9121803987524,True,860.7171110669967,True,322.7689166501243,True,Lambayeque
136798,50.96025796345203,True,900.2635385663962,True,337.5988269623988,True,Lambayeque
136799,52.53514401153932,True,916.6492178916749,True,343.74345670937856,True,Lambayeque
136800,59.325965222591826,True,993.2158414457276,True,372.45594054214786,True,Lambayeque
136801,65.27848482871518,True,1059.3549481804314,True,397.2581055676616,True,Lambayeque
136803,60.370191897841174,True,1003.8814990581953,True,376.4555621468231,True,Lambayeque
136805,82.34751311469189,True,798.5058839836299,True,299.4397064938615,True,Lambayeque
136806,65.73700858447422,True,914.0832591587875,True,342.781222184545,True,Lambayeque
136807,86.24055200501085,True,1280.501216921749,True,480.18795634565544,True,Lambayeque
136808,96.22984799802742,True,1333.480994427654,True,500.0553729103698,True,Lambayeque
136809,73.28433538795919,True,1179.0796450681003,True,442.1548669005384,True,Lambayeque
136813,29.7979572175851,True,498.5242818465341,True,186.94660569245036,True,Lambayeque
136814,27.82755400463666,True,486.3488535632913,True,182.3808200862344,True,Lambayeque
136815,68.30784989418261,True,1093.7969319346378,True,410.173849475489,True,Lambayeque
136816,59.690083093299585,True,1026.8633818147605,True,385.07376818053586,True,Lambayeque
136817,59.34586829324829,True,1013.965030583133,True,379.6127733005967,True,Lambayeque
136818,53.46384934884036,True,907.8186750368238,True,340.442356175513,True,Lambayeque
136819,61.63675980286213,True,1028.2588203412913,True,385.59705762798524,True,Lambayeque
136820,95.616664128002,True,1329.393101960818,True,498.5224132353064,True,Lambayeque
136821,28.94671108895969,True,495.8627765852735,True,185.9485412194778,True,Lambayeque
136822,34.28479677491667,True,516.8460579636522,True,193.8172717363697,True,Lambayeque
136823,28.673760955608667,True,500.5974163636823,True,187.7240311363811,True,Lambayeque
136824,28.73932114160112,True,501.6561018018357,True,188.12103817568857,True,Lambayeque
136825,28.55422823460119,True,500.87957964982417,True,187.82984236868424,True,Lambayeque
136826,36.21170623509048,True,526.937471832023,True,197.6015519370088,True,Lambayeque
136827,33.232744183402616,True,547.5240163110376,True,205.32150611663928,True,Lambayeque
136828,28.77229891467262,True,517.6434102655388,True,194.11627884957713,True,Lambayeque
136829,39.53253371150038,True,617.0799824872172,True,231.40499343270656,True,Lambayeque
136831,29.548025099134637,True,526.7644055050569,True,197.53665206439655,True,Lambayeque
136832,30.89294964490578,True,528.3398525527626,True,198.1274447072863,True,Lambayeque
136833,30.29127853138684,True,527.1139738776011,True,197.66774020410068,True,Lambayeque
136834,30.33606538366012,True,519.5695797899301,True,194.83859242122404,True,Lambayeque
136836,34.888288002904964,True,582.4120835592694,True,218.40453133472622,True,Lambayeque
136838,52.8917717023014,True,926.4925251281759,True,347.43469692306667,True,Lambayeque
136839,53.37685491129123,True,937.5281881677787,True,351.5730705629173,True,Lambayeque
136841,48.28181216565081,True,828.9339263909271,True,310.850222396598,True,Lambayeque
136842,45.96379552417616,True,813.1030924670114,True,304.91365967512945,True,Lambayeque
136843,66.09991301764956,True,917.3090763425682,True,343.9909036284628,True,Lambayeque
136844,56.590464623779575,True,838.2898126934173,True,314.35867976003175,True,Lambayeque
136845,115.34266082495589,True,1272.9106058161915,True,477.3414771810729,True,Lambayeque
136847,58.14239510826828,True,900.9736041570753,True,337.865101558904,True,Lambayeque
136848,57.644654053920185,True,863.8619108858529,True,323.9482165821955,True,Lambayeque
136849,49.93128813852854,True,869.9063465531395,True,326.2148799574276,True,Lambayeque
136850,55.729208572718896,True,917.0615143940717,True,343.8980678977775,True,Lambayeque
136851,60.81847546054492,True,891.9105398083449,True,334.46645242813,True,Lambayeque
136852,54.47831689328768,True,922.0785897960302,True,345.7794711735115,True,Lambayeque
136854,54.52621869642486,True,956.320170419149,True,358.62006390718153,True,Lambayeque
136855,58.94257082862512,True,994.4597081283575,True,372.92239054813416,True,Lambayeque
136856,57.70400668189068,True,976.3452934039553,True,366.1294850264832,True,Lambayeque
136857,109.11042353388147,True,1217.5129410066418,True,456.5673528774912,True,Lambayeque
136858,54.71755738220257,True,964.0237131782679,True,361.5088924418511,True,Lambayeque
136859,59.20635139858907,True,989.6994686634966,True,371.1373007488112,True,Lambayeque
136860,61.00350986887982,True,1008.1238569231939,True,378.04644634619757,True,Lambayeque
136861,53.10685246860727,True,906.8888158610397,True,340.08330594789055,True,Lambayeque
136862,56.641888719402445,True,963.1014637572805,True,361.16304890898033,True,Lambayeque
136863,58.396923455431086,True,975.4272073782178,True,365.7852027668325,True,Lambayeque
136864,62.218825303739024,True,1016.4852033919044,True,381.1819512719643,True,Lambayeque
136865,63.52940146586636,True,1028.1265803726283,True,385.54746763973554,True,Lambayeque
136866,61.86597195502513,True,1027.7893358958022,True,385.4210009609258,True,Lambayeque
136867,62.948240072894826,True,1039.5737143549356,True,389.84014288310095,True,Lambayeque
136868,101.84097302254501,True,1239.9438082090217,True,464.97892807838303,True,Lambayeque
136870,53.84522727671534,True,938.2505679316203,True,351.84396297435785,True,Lambayeque
136872,62.531098645806814,True,1025.6355652511836,True,384.6133369691941,True,Lambayeque
136873,60.9519007159596,True,1012.320418237997,True,379.62015683924915,True,Lambayeque
136874,116.39125739831503,True,1467.890390429571,True,550.4588964110891,True,Lambayeque
136875,53.995212030448656,True,942.9399087924194,True,353.602465797158,True,Lambayeque
136877,57.092350825395215,True,970.908352457329,True,364.09063217149844,True,Lambayeque
136878,65.17110739026383,True,1044.167500592312,True,391.5628127221172,True,Lambayeque
136879,59.20167728880179,True,1001.4670574621184,True,375.5501465482952,True,Lambayeque
136880,64.23355017363374,True,1034.3856799972273,True,387.89462999896017,True,Lambayeque
136881,58.165921917113074,True,1025.3279715766769,True,384.4979893412545,True,Lambayeque
136882,63.90459260819757,True,1077.6220405495267,True,404.1082652060734,True,Lambayeque
136883,77.32220844960115,True,1318.2788681080215,True,494.3545755405086,True,Lambayeque
136884,82.39173433325195,True,1307.638670879849,True,490.3645015799429,True,Lambayeque
136886,103.31535490996824,True,1085.450138172537,True,407.0438018147018,True,Lambayeque
136887,68.69721162407772,True,1109.406145915363,True,416.0273047182617,True,Lambayeque
136888,66.5626542394089,True,1085.4154431339061,True,407.0307911752157,True,Lambayeque
136889,73.55523498196818,True,1276.4236073565444,True,478.65885275870454,True,Lambayeque
136890,135.52181757196647,True,1292.7085771149602,True,484.76571641811046,True,Lambayeque
136891,133.75003793037536,True,1557.0090937629277,True,583.8784101610988,True,Lambayeque
136892,129.65971068561396,True,1529.7402454645191,True,573.6525920491952,True,Lambayeque
136893,70.34471838579348,True,1152.9497161599609,True,432.35614355998587,True,Lambayeque
136895,72.89219684029716,True,1263.5951368890555,True,473.8481763333957,True,Lambayeque
136896,69.93157206719138,True,1230.762888606958,True,461.5360832276097,True,Lambayeque
136897,67.58408190218935,True,1185.9316212153958,True,444.7243579557739,True,Lambayeque
136898,72.04315342227122,True,1258.876931629364,True,472.07884936101124,True,Lambayeque
136899,129.29655123843287,True,1527.319182483311,True,572.7446934312429,True,Lambayeque
136900,76.93365445858734,True,1358.976550091776,True,509.6162062844161,True,Lambayeque
136901,120.29313787666806,True,1335.2357061405519,True,500.71338980270656,True,Lambayeque
136903,81.08877696490428,True,1376.8464198225554,True,516.3174074334587,True,Lambayeque
136904,66.22835184751419,True,1075.573752653373,True,403.34015724501484,True,Lambayeque
136905,62.82998660176039,True,1033.0000939945573,True,387.37503524796006,True,Lambayeque
136906,96.47417000739581,True,1153.646698934282,True,432.6175121003561,True,Lambayeque
136907,62.51633397541668,True,1078.8229640976454,True,404.5586115366179,True,Lambayeque
136908,64.96170418205115,True,1097.874803940768,True,411.70305147778873,True,Lambayeque
136909,61.62223679212725,True,1080.488910742861,True,405.1833415285733,True,Lambayeque
136910,84.63381176414246,True,1346.4589624166808,True,504.92211090625494,True,Lambayeque
136912,62.39265117050911,True,1100.469824970385,True,412.6761843638948,True,Lambayeque
136913,127.47083580351669,True,1515.1477462505368,True,568.180404843952,True,Lambayeque
136914,67.85839695044243,True,1197.6386388358662,True,449.11448956345015,True,Lambayeque
136915,80.69826503388092,True,1298.860251152702,True,487.0725941822631,True,Lambayeque
136916,75.27652960732708,True,1290.7964250854359,True,484.04865940703905,True,Lambayeque
136918,73.63325852666749,True,1296.9739556538518,True,486.3652333701949,True,Lambayeque
136920,75.01520389154102,True,1313.8808805346,True,492.70533020047503,True,Lambayeque
136921,76.88337455172807,True,1339.4650650387666,True,502.2993993895379,True,Lambayeque
136922,81.47672146686656,True,1377.0449115779131,True,516.3918418417175,True,Lambayeque
136924,75.84374839195193,True,1339.600442240479,True,502.35016584018,True,Lambayeque
136925,124.49776612623835,True,1423.048443383005,True,533.6431662686272,True,Lambayeque
136926,128.60840064389373,True,1465.8009048883157,True,549.675339333119,True,Lambayeque
136927,76.23490147948158,True,1338.9085172066173,True,502.0906939524817,True,Lambayeque
136928,78.65527767882244,True,1351.9654112397436,True,506.9870292149037,True,Lambayeque
136929,77.4074061096266,True,1344.1231233311983,True,504.0461712491997,True,Lambayeque
136931,78.64836026833808,True,1360.1547013810848,True,510.0580130179068,True,Lambayeque
136932,78.32763438012798,True,1356.384626831509,True,508.6442350618155,True,Lambayeque
136933,116.06987190750834,True,1276.361967214426,True,478.63573770540904,True,Lambayeque
136934,81.22200385372058,True,1382.419105345944,True,518.4071645047287,True,Lambayeque
136935,110.5177850866647,True,1538.1946335302425,True,576.8229875738418,True,Lambayeque
136936,81.21749968441986,True,1401.8859496478472,True,525.707231117943,True,Lambayeque
136937,89.50637215203338,True,1448.419584334951,True,543.1573441256064,True,Lambayeque
136938,125.35352661984213,True,1356.8508992005013,True,508.8190872001872,True,Lambayeque
136941,85.91896005029008,True,1424.7822549984364,True,534.2933456244133,True,Lambayeque
136942,81.53696626871258,True,1402.782233977547,True,526.0433377415803,True,Lambayeque
136943,85.60541272103143,True,1421.9951676272483,True,533.2481878602179,True,Lambayeque
136944,81.43416890236014,True,1393.7906903977444,True,522.6715088991544,True,Lambayeque
136945,96.43663511876503,True,1509.3144938450644,True,565.9929351918987,True,Lambayeque
136947,87.60971768661338,True,1426.1628529315183,True,534.8110698493189,True,Lambayeque
136948,117.03134697941324,True,1433.6563481726082,True,537.6211305647277,True,Lambayeque
136949,88.83663300828913,True,1437.0687669019694,True,538.9007875882379,True,Lambayeque
136951,89.76158985509892,True,1458.0508228526533,True,546.7690585697447,True,Lambayeque
136952,88.41004984025008,True,1433.2769165194002,True,537.4788436947745,True,Lambayeque
136953,87.67172517837183,True,1452.7240000543948,True,544.7715000203981,True,Lambayeque
136955,114.11784109901691,True,1498.8617696942445,True,562.0731636353408,True,Lambayeque
136956,100.37908516125914,True,1536.7466828143852,True,576.280006055395,True,Lambayeque
136957,84.24925326573367,True,1417.5968493980604,True,531.5988185242732,True,Lambayeque
136958,110.17155512900953,True,1494.5737836243839,True,560.4651688591434,True,Lambayeque
136959,87.37759766001766,True,1445.4043551250284,True,542.0266331718863,True,Lambayeque
136960,121.5373212276892,True,1301.4127904414725,True,488.02979641555197,True,Lambayeque
136961,85.25412481757108,True,1413.871734068482,True,530.2019002756817,True,Lambayeque
136962,109.76885609736509,True,1175.827685578276,True,440.9353820918539,True,Lambayeque
136965,105.57848209429802,True,1545.703456302596,True,579.6387961134727,True,Lambayeque
136967,87.3690274188145,True,1485.5998944739647,True,557.0999604277371,True,Lambayeque
136969,105.51299334224535,True,1561.082846550337,True,585.4060674563756,True,Lambayeque
136970,90.77821765772461,True,1462.9747815365138,True,548.6155430761933,True,Lambayeque
136971,130.74685552715465,True,1451.5887699333641,True,544.3457887250107,True,Lambayeque
136972,86.34174963133397,True,1478.1856231162421,True,554.3196086685915,True,Lambayeque
136973,90.084392113103,True,1469.4647502635644,True,551.0492813488371,True,Lambayeque
136974,98.91049327025225,True,1540.9706534818115,True,577.863995055679,True,Lambayeque
136975,94.39692160107717,True,1493.509671770454,True,560.0661269139208,True,Lambayeque
136976,94.93852815691714,True,1563.4233694678237,True,586.2837635504335,True,Lambayeque
136977,82.9292841654284,True,1463.647922859361,True,548.8679710722605,True,Lambayeque
136978,94.65322018416865,True,1508.0463114433617,True,565.517366791261,True,Lambayeque
136980,96.60958988701627,True,1513.177834312134,True,567.4416878670513,True,Lambayeque
136981,93.33119859663658,True,1517.6017303376823,True,569.1006488766308,True,Lambayeque
136983,106.73773366555243,True,1573.5631370414021,True,590.0861763905234,True,Lambayeque
136984,84.38683290590215,True,1489.1692945205552,True,558.4384854452081,True,Lambayeque
136985,88.84530490433228,True,1507.8806364562377,True,565.455238671089,True,Lambayeque
136986,96.09417683945132,True,1573.695802201461,True,590.1359258255472,True,Lambayeque
136987,110.41199011971338,True,1700.9433473615763,True,637.8537552605917,True,Lambayeque
136990,53.21800447530753,True,903.4893458955846,True,338.7037151775709,True,Lambayeque
136991,125.12331489949662,True,1485.493401447965,True,557.0600255429866,True,Lambayeque
136992,91.6004957912226,True,1470.2839205009404,True,551.3564701878532,True,Lambayeque
136993,119.23931977546202,True,1327.2077494679702,True,497.70290605048837,True,Lambayeque
136994,55.16434773668528,True,968.5783441366167,True,363.216879051232,True,Lambayeque
136995,122.94195533925084,True,1267.7369821666357,True,475.4013683124878,True,Lambayeque
136996,46.24574666878604,True,568.8538748471877,True,213.32020306769587,True,Lambayeque
136997,36.63064674752899,True,643.2880416366113,True,241.23301561372952,True,Lambayeque
136998,81.44499629434047,True,1377.1040178658961,True,516.4140066997116,True,Lambayeque
137000,52.488824047128,True,922.0910106422673,True,345.7841289908508,True,Lambayeque
137001,52.229842067808605,True,669.9466847021484,True,251.23000676330588,True,Lambayeque
137002,76.46974843015447,True,773.3318334725684,True,289.99943755221346,True,Lambayeque
137004,99.44294887543492,True,1539.9946145828255,True,577.4979804685605,True,Lambayeque
137005,97.23190289679414,True,1520.3408725504642,True,570.1278272064249,True,Lambayeque
137008,106.49979468459638,True,1590.8669723378275,True,596.5751146266861,True,Lambayeque
137009,45.57957212905689,True,698.0536612498349,True,261.7701229686884,True,Lambayeque
137010,53.72181393214797,True,679.8931637977443,True,254.9599364241543,True,Lambayeque
137011,53.72181393214797,True,679.8931637977443,True,254.9599364241543,True,Lambayeque
137012,74.03193596095149,True,757.079750344548,True,283.904906379206,True,Lambayeque
137013,62.790830184156604,True,1033.1615486814114,True,387.4355807555303,True,Lambayeque
137014,27.634232467176684,True,485.44303335760225,True,182.04113750910093,True,Lambayeque
137016,33.7165334756148,True,597.6268846514581,True,224.11008174429702,True,Lambayeque
137017,64.19829682450961,True,1046.734501137254,True,392.5254379264713,True,Lambayeque
137018,57.38961213282868,True,1011.5269087449543,True,379.3225907793585,True,Lambayeque
137019,50.33282708156171,True,893.0276598682922,True,334.88537245060985,True,Lambayeque
137020,46.96244893367886,True,811.3443288185857,True,304.25412330697026,True,Lambayeque
137021,49.38162014522839,True,843.7687490907566,True,316.4132809090342,True,Lambayeque
137022,53.24806490220954,True,803.563300116768,True,301.3362375437884,True,Lambayeque
137023,66.32406363418106,True,1083.2946377541032,True,406.2354891577896,True,Lambayeque
137024,29.43484798232117,True,508.7073107406684,True,190.76524152775085,True,Lambayeque
137025,28.870968173453353,True,495.43104410348514,True,185.78664153880695,True,Lambayeque
137026,59.185255676964076,True,1043.4494606406947,True,391.2935477402611,True,Lambayeque
137027,87.81020333249897,True,1452.7301060924074,True,544.773789784652,True,Lambayeque
137028,118.26851081180719,True,1541.6706047918162,True,578.1264767969307,True,Lambayeque
137029,104.45898286167174,True,1593.8186997425644,True,597.6820124034591,True,Lambayeque
137031,73.17441557344549,True,1292.1456365781423,True,484.5546137168036,True,Lambayeque
137032,76.26660447164527,True,1267.3949412491247,True,475.27310296842256,True,Lambayeque
137033,72.76066701044209,True,1264.5823000917553,True,474.2183625344084,True,Lambayeque
137034,106.627675923902,True,1591.7195139331982,True,596.8948177249501,True,Lambayeque
137035,71.50422124373408,True,1163.2564082305435,True,436.2211530864545,True,Lambayeque
137037,55.103431900754615,True,835.03578483559,True,313.13841931334645,True,Lambayeque
137038,85.6218783931473,True,832.3173734424935,True,312.1190150409358,True,Lambayeque
137039,44.20872184291736,True,733.3265995209186,True,274.99747482034485,True,Lambayeque
137041,41.02487499807159,True,695.4154343989471,True,260.7807878996056,True,Lambayeque
137042,61.14632617055887,True,878.3465060314494,True,329.3799397617941,True,Lambayeque
137043,67.12377894653858,True,1184.0562901569328,True,444.0211088088503,True,Lambayeque
137044,77.08494090640433,True,1274.7714236361915,True,478.0392838635716,True,Lambayeque
137045,77.53344880110345,True,1299.3470217854158,True,487.25513316953067,True,Lambayeque
137046,85.60088953855045,True,1416.954087143854,True,531.3577826789461,True,Lambayeque
137047,100.5907256779213,True,1584.8165263121612,True,594.3061973670599,True,Lambayeque
137049,122.94195533925084,True,1267.7369821666357,True,475.4013683124878,True,Lambayeque
137050,92.25307723945599,True,1481.0855189021327,True,555.4070695883,True,Lambayeque
137053,54.61963201683063,True,954.3304654101468,True,357.8739245288056,True,Lambayeque
137054,115.1539517827985,True,1271.2331921081256,True,476.71244704054817,True,Lambayeque
137055,81.1554784316448,True,1377.4393217491377,True,516.539745655927,True,Lambayeque
137056,63.04503717467226,True,1084.537578896419,True,406.70159208615803,True,Lambayeque
137057,32.91378789548201,True,494.8412521646785,True,185.5654695617546,True,Lambayeque
137058,76.62183504481732,True,1291.7147599665984,True,484.3930349874741,True,Lambayeque
137059,89.09856043694067,True,1305.905736316681,True,489.7146511187549,True,Lambayeque
137061,83.02348466759683,True,1357.1944763936515,True,508.94792864761905,True,Lambayeque
137062,95.36013939407634,True,1503.2870443665001,True,563.7326416374378,True,Lambayeque
137064,90.04285099956492,True,1496.6049081425733,True,561.2268405534651,True,Lambayeque
137070,36.435647028574024,True,660.3479832743525,True,247.63049372788245,True,Lambayeque
137071,29.733343723234494,True,501.9842880157315,True,188.24410800589936,True,Lambayeque
137072,28.817590452759237,True,512.4171549859552,True,192.15643311973335,True,Lambayeque
137073,64.35011307752285,True,1055.3909039235546,True,395.77158897133296,True,Lambayeque
137074,57.311669834669864,True,854.6573503281107,True,320.49650637304217,True,Lambayeque
137075,54.76485825430623,True,960.1585979164277,True,360.05947421866097,True,Lambayeque
137076,92.79319561504735,True,1568.5396192916987,True,588.2023572343871,True,Lambayeque
137077,75.50982775951465,True,1333.6640754415944,True,500.12402829059823,True,Lambayeque
137078,75.70397595363642,True,1264.9458599970953,True,474.3546974989112,True,Lambayeque
137079,81.44499629434047,True,1377.1040178658961,True,516.4140066997116,True,Lambayeque
137080,70.68346523033071,True,1237.8318148229216,True,464.1869305585957,True,Lambayeque
137081,71.52088997852402,True,1262.749626001761,True,473.5311097506604,True,Lambayeque
137083,54.29791591105509,True,932.632496023518,True,349.7371860088199,True,Lambayeque
137084,69.87887412112984,True,1229.917363353434,True,461.21901125753817,True,Lambayeque
137086,169.58008528282804,True,2121.626469110915,True,795.6099259165985,True,Lambayeque
137091,81.3423099123528,True,1221.306634165837,True,457.98998781218745,True,Lambayeque
137092,171.85865996326913,True,2146.943965560259,True,805.1039870851032,True,Lambayeque
137093,177.5300840922558,True,2278.0345004484534,True,854.2629376681739,True,Lambayeque
137094,58.279152276784735,True,893.8117586646765,True,334.93606843117175,True,Lambayeque
137096,174.0208951605131,True,2170.968801085192,True,814.1133004069524,True,Lambayeque
137098,167.81640812163798,True,2094.3966515858056,True,785.3987443446812,True,Lambayeque
137101,95.79722601772124,True,1312.0314928357664,True,492.0118098134133,True,Lambayeque
137104,110.21096621623535,True,1462.487222265849,True,548.4327083496954,True,Lambayeque
137108,81.31223972412135,True,1047.4288284975953,True,392.7858106865988,True,Lambayeque
137110,172.24224101351106,True,2134.3976711498663,True,800.3991266812046,True,Lambayeque
137113,75.78395454187974,True,1176.0823894378148,True,441.03089603917977,True,Lambayeque
137115,63.049516814799645,True,925.6773424354508,True,347.1290034132944,True,Lambayeque
137117,175.83736265982216,True,2168.9341878304476,True,813.3503204364237,True,Lambayeque
137120,235.25986267355952,True,2737.8882399954286,True,1026.708089998291,True,Lambayeque
137122,173.56581986336712,True,2165.912408894678,True,812.2171533355055,True,Lambayeque
137123,165.4123697508865,True,1984.41057547032,True,744.1539658013734,True,Lambayeque
137124,129.53131572625773,True,1640.4148120504258,True,615.1555545189141,True,Lambayeque
137125,169.41815736476684,True,2100.8807607931085,True,787.8302852974194,True,Lambayeque
137129,63.63321085389568,True,954.6535465710399,True,357.9950799641402,True,Lambayeque
137132,199.04520913125643,True,2420.98078976146,True,907.8677961605531,True,Lambayeque
137134,200.00704569854403,True,2431.18625243468,True,911.6948446630114,True,Lambayeque
137137,137.99700671974148,True,1873.6897221704285,True,702.6336458139103,True,Lambayeque
137141,71.71147545384036,True,842.0715149874974,True,315.77681812031136,True,Lambayeque
137143,71.03118347020049,True,834.5127151692764,True,312.9422681884786,True,Lambayeque
137145,77.03682941090261,True,900.6143995825986,True,337.7303998434739,True,Lambayeque
137147,198.32357287271563,True,2412.1813216608925,True,904.5679956228406,True,Lambayeque
137150,231.87264616134283,True,2722.408821216943,True,1020.9033079563611,True,Lambayeque
137151,98.99431497449453,True,1434.1001646819616,True,537.7875617557354,True,Lambayeque
137161,75.05191404225752,True,1049.6264937116891,True,393.60993514188357,True,Lambayeque
137166,78.77566747724308,True,920.5625374697502,True,345.21095155115563,True,Lambayeque
137167,80.0542584852458,True,920.4621865112822,True,345.17331994173,True,Lambayeque
137175,82.22221854132053,True,958.8575492928323,True,359.57158098481165,True,Lambayeque
137178,84.44441258051424,True,983.5485941727632,True,368.8307228147855,True,Lambayeque
137181,82.80683544413233,True,965.3532926574082,True,362.00748474652755,True,Lambayeque
137188,90.98387423380127,True,1330.4857036617452,True,498.9321388731541,True,Lambayeque
137190,100.16388700222936,True,1409.855476389152,True,528.6958036459313,True,Lambayeque
137217,171.35926116523817,True,2141.3950900265813,True,803.023158759974,True,Lambayeque
137222,177.06704164431497,True,2183.0188852967067,True,818.6320819862714,True,Lambayeque
137223,172.24224101351106,True,2134.3976711498663,True,800.3991266812046,True,Lambayeque
137226,179.11314740495365,True,2223.707685949133,True,833.8903822309271,True,Lambayeque
137229,77.59239728291662,True,1022.6298788895639,True,383.48620458358687,True,Lambayeque
137233,169.1686512816201,True,2092.846034176777,True,784.8172628162948,True,Lambayeque
137234,167.99808585079992,True,2104.0486976439356,True,789.0182616164813,True,Lambayeque
137238,183.5986486988039,True,2241.077614669943,True,840.4041055012343,True,Lambayeque
137239,178.35747145915212,True,2194.4893725397033,True,822.933514702395,True,Lambayeque
137242,67.843614750733,True,954.3829870715497,True,357.8936201518314,True,Lambayeque
137247,164.94626227850398,True,2068.7862969714215,True,775.7948613642868,True,Lambayeque
137250,183.9368785187093,True,2244.0841019579907,True,841.5315382342523,True,Lambayeque
137251,166.14459112606664,True,2083.4543118135666,True,781.2953669300928,True,Lambayeque
137252,185.0922399393887,True,2251.4127482109693,True,844.2797805791182,True,Lambayeque
137254,172.9447223935598,True,1930.5855476153806,True,723.96958035577,True,Lambayeque
137256,163.63913061756074,True,2055.615861719054,True,770.8559481446512,True,Lambayeque
137258,183.8906599652288,True,2251.958865609771,True,844.4845746036681,True,Lambayeque
137264,144.15816502957216,True,1839.1606885191793,True,689.6852581946965,True,Lambayeque
137265,171.15662302296136,True,2116.333788865949,True,793.6251708247347,True,Lambayeque
137267,184.2143180875607,True,2232.4021894401662,True,837.1508210400667,True,Lambayeque
137272,72.85572361301632,True,1057.1259105612696,True,396.42221646047636,True,Lambayeque
137274,165.1670879041688,True,2072.5931649035797,True,777.2224368388465,True,Lambayeque
137275,166.44337077937053,True,2086.7319755492563,True,782.5244908309749,True,Lambayeque
137276,157.6483203245631,True,1989.051302907966,True,745.8942385904918,True,Lambayeque
137278,129.16334258172435,True,1640.2762113565284,True,615.1035792587029,True,Lambayeque
137280,159.17431355324507,True,1987.71413534419,True,745.3928007540762,True,Lambayeque
137281,160.66575340235383,True,1998.3726535653286,True,749.3897450870037,True,Lambayeque
137282,162.09816980252188,True,2038.494074885289,True,764.4352780819886,True,Lambayeque
137283,159.1399578900904,True,2005.625053636049,True,752.1093951135239,True,Lambayeque
137286,173.56846113997895,True,2147.620361841035,True,805.3576356903931,True,Lambayeque
137297,151.25692932728026,True,1918.0358473826027,True,719.2634427684811,True,Lambayeque
137298,172.24496542379893,True,2127.310225831996,True,797.7413346870028,True,Lambayeque
137300,163.1144618689724,True,2049.7862089569617,True,768.6698283588664,True,Lambayeque
137305,81.86889775817933,True,1124.4063762536161,True,421.6523910951071,True,Lambayeque
137306,98.93477258017805,True,1208.8455506311584,True,453.3170814866845,True,Lambayeque
137308,169.54707982880032,True,2107.9693981125997,True,790.4885242922285,True,Lambayeque
137309,136.1353608522102,True,1750.0184198818235,True,656.2569074556887,True,Lambayeque
137311,141.3848047793277,True,1808.3455746275736,True,678.1295904853448,True,Lambayeque
137313,177.97992649664596,True,2169.5198539594126,True,813.5699452347807,True,Lambayeque
137316,123.54590182165433,True,1609.3805591508972,True,603.5177096815917,True,Lambayeque
137318,150.90111577603832,True,1895.0846296807877,True,710.6567361303009,True,Lambayeque
137322,169.2429588178719,True,2112.921559001961,True,792.3455846257378,True,Lambayeque
137324,129.55678489686116,True,1676.9231314890608,True,628.8461743084023,True,Lambayeque
137327,115.23166686602771,True,1518.2727850413191,True,569.3522943904969,True,Lambayeque
137328,172.40089124978633,True,2126.8384555391563,True,797.5644208271873,True,Lambayeque
137330,95.79722601772124,True,1312.0314928357664,True,492.0118098134133,True,Lambayeque
137336,88.13583704658299,True,1279.2080044979314,True,479.70300168672594,True,Lambayeque
137340,93.60628549449463,True,1287.6877092443585,True,482.88289096663556,True,Lambayeque
137342,84.18150650827268,True,1259.169844858265,True,472.188691821849,True,Lambayeque
137344,153.95013690124412,True,1945.8004060457204,True,729.6751522671497,True,Lambayeque
137353,102.4735124314876,True,1375.8008585421844,True,515.9253219533216,True,Lambayeque
137356,69.49534024383091,True,1105.8459911376754,True,414.69224667662803,True,Lambayeque
137358,74.08725822048906,True,1157.2302080890302,True,433.9613280333855,True,Lambayeque
137361,72.32013159412945,True,1137.5954677961458,True,426.5983004235542,True,Lambayeque
137362,106.14747829739642,True,1399.3904948307274,True,524.7714355615252,True,Lambayeque
137366,184.25264333135598,True,2214.886083951727,True,830.5822814819021,True,Lambayeque
137368,164.80046330728356,True,2066.5610604866465,True,774.9603976824963,True,Lambayeque
137369,164.23242580287632,True,2061.5118382252485,True,773.0669393344717,True,Lambayeque
137371,71.24080112470999,True,1125.6029070248185,True,422.1010901343065,True,Lambayeque
137379,183.82834365969723,True,2176.0243068339773,True,816.0091150627438,True,Lambayeque
137380,171.51086122885323,True,2093.907757295014,True,785.2154089856342,True,Lambayeque
137382,175.01884031267068,True,2157.391078312307,True,809.0216543671203,True,Lambayeque
137385,99.42479989421818,True,1444.1319714614808,True,541.5494892980553,True,Lambayeque
137391,184.748413982293,True,2274.7381576429393,True,853.026809116104,True,Lambayeque
137392,194.55617519370995,True,2260.742028430295,True,847.7782606613616,True,Lambayeque
137397,182.87179056801273,True,2267.0812274809023,True,850.1554603053409,True,Lambayeque
137401,189.50963749581769,True,2041.018314963769,True,765.3818681114151,True,Lambayeque
137409,216.99458532380376,True,2608.5838335244594,True,978.2189375716772,True,Lambayeque
137410,102.73174252587502,True,1481.8534533496927,True,555.6950450061348,True,Lambayeque
137412,151.12121767759535,True,2005.6622927868327,True,752.1233597950626,True,Lambayeque
137417,230.53160839230796,True,2713.4685694233776,True,1017.5507135337741,True,Lambayeque
137421,139.5260544775433,True,1707.7944281752723,True,640.4229105657282,True,Lambayeque
137422,113.23139840425276,True,1421.4300289401333,True,533.0362608525505,True,Lambayeque
137423,197.33901000007543,True,2303.2002823251537,True,863.7001058719343,True,Lambayeque
137424,195.80980053513434,True,2083.0194018925513,True,781.1322757097082,True,Lambayeque
137425,93.78330163781543,True,1317.8454946747013,True,494.1920605030146,True,Lambayeque
137430,215.1704975208521,True,2515.071469276163,True,943.1518009785665,True,Lambayeque
137432,215.32355553297646,True,2516.0918560236587,True,943.5344460088774,True,Lambayeque
137439,110.3503114192103,True,1402.1428376474958,True,525.803564117811,True,Lambayeque
137443,228.58241754613542,True,2710.1897957777824,True,1016.321173416675,True,Lambayeque
137445,116.49717052499133,True,1443.2018430783905,True,541.2006911543965,True,Lambayeque
137450,138.66091368436628,True,1881.0664662218144,True,705.3999248331802,True,Lambayeque
137455,194.59020123489816,True,2074.888739890976,True,778.0832774591179,True,Lambayeque
137464,158.38913471538365,True,1833.5482964275427,True,687.5806111603306,True,Lambayeque
137465,168.97110680535158,True,1904.0947770273285,True,714.035541385251,True,Lambayeque
137466,101.30518370820754,True,1367.9913751439822,True,512.9967656789944,True,Lambayeque
137470,192.42460275843766,True,2287.943850409863,True,857.9789439037008,True,Lambayeque
137472,190.48633007591698,True,2345.441321835904,True,879.5404956884668,True,Lambayeque
137476,138.00557454240572,True,1873.7849202000314,True,702.6693450750114,True,Lambayeque
137482,196.20877644727804,True,2389.464871050587,True,896.0493266439751,True,Lambayeque
137486,198.40921830332735,True,2424.151706346862,True,909.0568898800789,True,Lambayeque
137487,240.84321499832942,True,2775.1105888272277,True,1040.6664708102155,True,Lambayeque
137513,137.9691329655416,True,1697.4149514285943,True,636.5306067857231,True,Lambayeque
137524,86.70754766144275,True,1488.9900681695985,True,558.3712755636008,True,Lambayeque
137571,123.42985391222619,True,1489.0194679366566,True,558.382300476246,True,Lambayeque
137572,158.02744060588194,True,2078.049427090633,True,779.2685351589869,True,Lambayeque
137578,168.5858402393206,True,2086.016865005408,True,782.25632437703,True,Lambayeque
137580,105.48024684643367,True,1369.755685221341,True,513.6583819580029,True,Lambayeque
137589,164.80967424964638,True,2066.6429355298715,True,774.9911008237057,True,Lambayeque
137593,96.53246552677213,True,1554.489520605128,True,582.9335702269244,True,Lambayeque
137598,84.30100196740389,True,1111.2870798793313,True,416.7326549547491,True,Lambayeque
137603,208.8440374019011,True,2472.8950684831566,True,927.3356506811898,True,Lambayeque
137607,169.1686512816201,True,2092.846034176777,True,784.8172628162948,True,Lambayeque
137608,172.56585856572485,True,2128.8603270238473,True,798.3226226339464,True,Lambayeque
137609,176.73401249334862,True,2165.910584158281,True,812.2164690593592,True,Lambayeque
137641,141.5856984584521,True,1913.564074822768,True,717.5865280585377,True,Lambayeque
137643,138.68031650447747,True,1881.2820531119387,True,705.4807699169768,True,Lambayeque
137647,190.69684652599466,True,2237.306533969613,True,838.9899502386062,True,Lambayeque
137651,117.08332309032399,True,1641.3154596213462,True,615.4932973580043,True,Lambayeque
137654,133.68678967674936,True,1825.7984216927384,True,684.674408134778,True,Lambayeque
137657,123.42985391222619,True,1489.0194679366566,True,558.382300476246,True,Lambayeque
137660,143.47284659592248,True,1934.5323874613305,True,725.4496452979994,True,Lambayeque
137662,134.80070877178613,True,1838.17530052648,True,689.3157376974309,True,Lambayeque
137731,110.05548517680755,True,1563.2283716933866,True,586.2106393850204,True,Lambayeque
137732,123.49269503332495,True,1712.5307034324685,True,642.1990137871745,True,Lambayeque
137753,177.6953772583462,True,1962.2565800472903,True,735.8462175177364,True,Lambayeque
137759,99.57180665484572,True,1447.7481031952818,True,542.9055386982304,True,Lambayeque
137762,129.42339746112162,True,1640.443381399127,True,615.1662680246737,True,Lambayeque
137765,146.82588068702267,True,1756.459936238469,True,658.6724760894281,True,Lambayeque
137770,135.27629502765475,True,1843.4595922583537,True,691.2973470968832,True,Lambayeque
137771,138.68031650447747,True,1881.2820531119387,True,705.4807699169768,True,Lambayeque
137772,136.72580000178817,True,1859.5652030820588,True,697.3369511557721,True,Lambayeque
137773,134.96741791726572,True,1840.0276243651424,True,690.0103591369292,True,Lambayeque
137774,136.7361255746946,True,1859.679931669908,True,697.3799743762156,True,Lambayeque
137775,137.20128978796234,True,1864.8484229284388,True,699.3181585981644,True,Lambayeque
137781,188.85291123613246,True,2327.292223616074,True,872.7345838560311,True,Lambayeque
137782,197.01187362666087,True,2398.3881730437292,True,899.3955648914038,True,Lambayeque
137783,118.4590880197354,True,1656.6017366148058,True,621.2256512305514,True,Lambayeque
137800,130.36165318808443,True,1535.231463109044,True,575.7117986658907,True,Lambayeque
137801,118.5655311244074,True,1456.9909137411653,True,546.3715926529368,True,Lambayeque
137822,179.97900758283583,True,2194.754984953724,True,823.0331193576498,True,Lambayeque
137834,138.1077974941518,True,1874.9207307749878,True,703.0952740406203,True,Lambayeque
137844,196.3963420105097,True,2302.2147450316675,True,863.3305293868774,True,Lambayeque
137846,190.69684652599466,True,2237.5616476048986,True,839.0856178518383,True,Lambayeque
137850,197.33901000007543,True,2303.2002823251537,True,863.7001058719343,True,Lambayeque
137853,144.19050033272404,True,1839.5199696653108,True,689.8199886244959,True,Lambayeque
137855,169.08828147139488,True,2112.0965726485274,True,792.036214743203,True,Lambayeque
137859,142.98150508095608,True,1826.0866890901123,True,684.7825084087964,True,Lambayeque
137860,134.32722434904747,True,1729.928014291128,True,648.7230053591778,True,Lambayeque
137861,180.07829355062321,True,2238.273227641971,True,839.352460365745,True,Lambayeque
137863,85.27700928688584,True,1117.7937953425446,True,419.17267325345387,True,Lambayeque
137864,100.33272362416677,True,1410.7934576221378,True,529.0475466083009,True,Lambayeque
137865,92.57206718445075,True,1344.6029743341855,True,504.2261153753196,True,Lambayeque
137866,97.77101255608734,True,1201.0871504705538,True,450.4076814264579,True,Lambayeque
142717,133.1612045954935,True,1537.3730654708677,True,576.5148995515742,True,Lambayeque
142718,132.6861022784916,True,1535.9119839745981,True,575.9669939904737,True,Lambayeque
142723,95.38767062442199,True,1625.3926345308525,True,609.5222379490704,True,Lambayeque
142724,101.20522556429184,True,1723.167612211957,True,646.1878545794831,True,Lambayeque
142734,85.42545045925425,True,1509.9418123258547,True,566.2281796221955,True,Lambayeque
142735,96.03113508921972,True,1571.256109037818,True,589.2210408891812,True,Lambayeque
142736,88.10296883976123,True,1557.8063845739134,True,584.0783021589087,True,Lambayeque
142737,100.02802995005901,True,1647.1805458672543,True,617.6927047002205,True,Lambayeque
142743,91.0542054507885,True,1570.6501323185287,True,588.993799619449,True,Lambayeque
142744,115.30478495528904,True,1634.5900439471895,True,612.9712664801956,True,Lambayeque
142745,95.98824099950859,True,1627.4174605447904,True,610.2815477042961,True,Lambayeque
142746,95.48917339958774,True,1647.360021925075,True,617.7600082219028,True,Lambayeque
142747,127.26358137970082,True,1718.5720863292358,True,644.464532373464,True,Lambayeque
142749,116.32075973267848,True,1668.1273109766303,True,625.5477416162361,True,Lambayeque
142754,92.33557190530382,True,1620.8658921300816,True,607.8247095487803,True,Lambayeque
142757,96.70281095022848,True,1635.701693006744,True,613.388134877529,True,Lambayeque
142759,118.06312218094514,True,1652.6396447698157,True,619.7398667886807,True,Lambayeque
142764,105.61687909657988,True,1733.2730464309386,True,649.9773924116009,True,Lambayeque
142768,131.77377695679007,True,1758.6627136811403,True,659.4985176304282,True,Lambayeque
142769,131.42528546879305,True,1755.565011565611,True,658.3368793371045,True,Lambayeque
142770,95.36973115247058,True,1635.8446010502316,True,613.4417253938366,True,Lambayeque
142771,94.1414244361342,True,1661.804397049554,True,623.1766488935823,True,Lambayeque
142772,106.26875290707675,True,1712.939148158449,True,642.3521805594187,True,Lambayeque
142775,127.26358137970082,True,1718.5720863292358,True,644.464532373464,True,Lambayeque
142777,104.9925415075461,True,1710.769264603066,True,641.5384742261492,True,Lambayeque
142778,99.337317811712,True,1690.6704713583192,True,634.0014267593696,True,Lambayeque
142780,102.82681540635004,True,1710.0565691063082,True,641.2712134148657,True,Lambayeque
142784,95.68151396839797,True,1692.2718302661883,True,634.6019363498201,True,Lambayeque
142789,102.62373720914128,True,1751.7799760132243,True,656.917491004959,True,Lambayeque
142790,104.83342657406273,True,1728.0500296141577,True,648.018761105308,True,Lambayeque
142792,109.43715035533748,True,1758.7415214893235,True,659.528070558495,True,Lambayeque
142794,139.1901248417161,True,1824.585805991594,True,684.2196772468487,True,Lambayeque
142801,102.16490518468117,True,1804.150607530247,True,676.5564778238423,True,Lambayeque
142803,101.89948836356788,True,1802.3811620561582,True,675.892935771059,True,Lambayeque
142804,139.1901248417161,True,2070.8645941187583,True,776.5742227945357,True,Lambayeque
142807,114.9333811956258,True,2070.4552241139013,True,776.4207090427142,True,Lambayeque
142810,107.97972354987643,True,1874.3426192893862,True,702.8784822335198,True,Lambayeque
142812,104.911056371235,True,1855.3545349747512,True,695.7579506155314,True,Lambayeque
142818,108.28405066184988,True,1913.6545471904255,True,717.6204551964095,True,Lambayeque
142911,115.3898986924667,True,1680.8361202711299,True,630.313545101675,True,Lambayeque
142913,113.35935538488926,True,1891.1953780662452,True,709.1982667748405,True,Lambayeque
142914,139.1901248417161,True,1824.585805991594,True,684.2196772468487,True,Lambayeque
142915,111.15162724051964,True,1714.0751553513753,True,642.7781832567657,True,Lambayeque
142938,117.96848862931363,True,1653.480831895429,True,620.0553119607858,True,Lambayeque
142941,124.47794164509553,True,1595.6190273107013,True,598.3571352415125,True,Lambayeque
142954,119.79022348782777,True,1827.7620090392568,True,685.4107533897208,True,Lambayeque
142998,109.04059199984717,True,1929.7665508252846,True,723.6624565594816,True,Lambayeque
142999,108.78412217773271,True,1925.2070873210278,True,721.9526577453853,True,Lambayeque
143000,114.9333811956258,True,1798.097219304513,True,674.2864572391918,True,Lambayeque
143001,107.14261820860179,True,1835.9354920547996,True,688.4758095205493,True,Lambayeque
143002,104.58633888611982,True,1769.0376808433423,True,663.389130316253,True,Lambayeque
143006,111.37424909884068,True,1669.5281404489522,True,626.0730526683569,True,Lambayeque
143007,100.48183841137858,True,1737.5006506948062,True,651.5627440105521,True,Lambayeque
143008,91.63802682731948,True,1620.387614424793,True,607.645355409297,True,Lambayeque
143009,95.84679224853555,True,1656.7079498096914,True,621.2654811786342,True,Lambayeque
143010,129.8923767927673,True,1559.1652508223756,True,584.6869690583901,True,Lambayeque
143011,93.81457640573497,True,1625.4769027386617,True,609.5538385269979,True,Lambayeque
143014,139.1901248417161,True,2070.8645941187583,True,776.5742227945357,True,Lambayeque
143016,112.11183530233903,True,1880.106310665799,True,705.0398664996735,True,Lambayeque
143018,96.53312670537807,True,1635.574466361573,True,613.3404248855906,True,Lambayeque
143022,106.32348171339221,True,1876.4361555129426,True,703.6635583173532,True,Lambayeque
143025,119.7457703643751,True,1827.4656548829055,True,685.299620581089,True,Lambayeque
143026,105.59068034824172,True,1716.086054298138,True,643.5322703618015,True,Lambayeque
143027,105.42966213376123,True,1855.3885832735077,True,695.7707187275652,True,Lambayeque
143028,89.66058447480577,True,1585.233083713438,True,594.4624063925389,True,Lambayeque
143029,99.9267313910779,True,1693.9449912436853,True,635.2293717163819,True,Lambayeque
143030,98.62765677622517,True,1648.5329300521473,True,618.1998487695552,True,Lambayeque
19212,54.81387592576222,True,658.3399575429685,True,246.877484078613,True,Cusco
19282,42.72461273845601,True,498.51313003663375,True,186.9424237637375,True,Cusco
19370,85.17453735576738,True,1180.9129161931055,True,442.84234357241326,True,Cusco
19526,20.07919211731527,True,246.4727744758781,True,92.42729042845419,True,Cusco
19768,52.031418707285276,True,843.1486879605771,True,316.1807579852162,True,Cusco
20068,47.10207102484629,True,882.3330693545718,True,330.87490100796407,True,Cusco
20240,33.92506450341405,True,445.4306202175169,True,167.03648258156863,True,Cusco
20364,36.22983177158265,True,478.42724542801625,True,179.4102170355059,True,Cusco
20369,43.71233097578961,True,509.6062539920634,True,191.1023452470236,True,Cusco
20371,42.835388033064646,True,509.6062539920634,True,191.1023452470236,True,Cusco
20373,40.422705398792424,True,494.5415608417762,True,185.45308531566553,True,Cusco
20375,51.26374896961391,True,598.052820517643,True,224.269807694116,True,Cusco
20386,20.079492022401084,True,249.24546299841685,True,93.46704862440619,True,Cusco
20390,58.46184681268562,True,920.6567322253248,True,345.24627458449703,True,Cusco
20678,38.14219476093769,True,467.96367685317813,True,175.4863788199417,True,Cusco
20692,42.738410325897945,True,565.2082928188871,True,211.9531098070824,True,Cusco
20698,41.877955007061146,True,492.868745160668,True,184.82577943525035,True,Cusco
20720,41.37814705122087,True,489.5366921217328,True,183.57625954564963,True,Cusco
20758,36.60512805748619,True,483.43119590673,True,181.28669846502356,True,Cusco
20763,32.53399464074018,True,421.99986941791434,True,158.2499510317178,True,Cusco
20774,33.04503366246436,True,373.6641469972414,True,140.12405512396538,True,Cusco
20806,30.76808734068368,True,405.60398634936297,True,152.10149488101098,True,Cusco
20817,29.11576803824401,True,357.6545814807882,True,134.12046805529545,True,Cusco
20836,39.619289731137094,True,478.97041663432066,True,179.61390623787017,True,Cusco
20842,35.814120497656695,True,454.95053689920013,True,170.60645133719976,True,Cusco
20864,36.56898173997338,True,321.64058472499624,True,120.61521927187347,True,Cusco
20869,20.079492022401084,True,251.10606586744973,True,94.1647747002935,True,Cusco
20889,29.76104903828053,True,308.60362341154024,True,115.72635877932757,True,Cusco
20901,20.570514939693364,True,264.26978313895444,True,99.10116867710781,True,Cusco
20902,16.57669443096166,True,217.3586689729978,True,81.50950086487408,True,Cusco
20908,30.944309253286825,True,412.26327499210464,True,154.5987281220391,True,Cusco
20910,22.624948277501428,True,274.9451603601774,True,103.10443513506647,True,Cusco
21144,78.2613786362974,True,1254.6468489564113,True,470.49256835865384,True,Cusco
21492,90.07488295346225,True,1109.3522363563404,True,416.00708863362775,True,Cusco
22279,56.88297695143743,True,769.6230791205064,True,288.6086546701901,True,Cusco
22435,62.72227987425147,True,875.4955551748607,True,328.3108331905733,True,Cusco
29478,66.59407947507559,True,719.4337766831603,True,269.78766625618516,True,Cusco
29562,67.63738308953506,True,711.7787586411599,True,266.91703449043507,True,Cusco
29569,68.36606157083891,True,561.0470276478843,True,210.39263536795664,True,Cusco
29592,84.43676492761614,True,728.4761187810234,True,273.1785445428844,True,Cusco
29748,140.56687717109986,True,1102.6768670709123,True,413.5038251515932,True,Cusco
29760,120.1577411446933,True,966.6159602282033,True,362.48098508557734,True,Cusco
29796,80.63030492955258,True,619.2040910892691,True,233.95016507142998,True,Cusco
29799,134.90042550391624,True,1060.7536129443552,True,397.78260485413443,True,Cusco
29800,101.73906328265585,True,843.824774481288,True,316.4342904304841,True,Cusco
29819,80.63030492955258,True,619.2040910892691,True,233.95016507142998,True,Cusco
29828,84.35005196594989,True,966.0840393679333,True,362.28151476297603,True,Cusco
29889,85.37758288699305,True,931.2426333194184,True,349.21598749478113,True,Cusco
29907,70.85985749833716,True,779.6653372485921,True,292.3745014682224,True,Cusco
29946,62.97348876491468,True,754.5741173328673,True,282.9652939998251,True,Cusco
30038,88.81741927622036,True,891.8167165534658,True,334.4312687075498,True,Cusco
30140,48.54498821211157,True,581.3294762047522,True,217.99855357678157,True,Cusco
30185,111.43934677452066,True,908.0292648956671,True,340.5109743358762,True,Cusco
30200,49.91959184436984,True,418.8161264165428,True,157.05604740620348,True,Cusco
30204,28.431011765227325,True,429.9951317166794,True,161.24817439375445,True,Cusco
30236,43.10259637982787,True,492.46480427573044,True,184.67430160339907,True,Cusco
30246,47.786589601974384,True,503.5897502855557,True,188.8461563570834,True,Cusco
30286,31.96168474006716,True,466.05487181553667,True,174.7705769308259,True,Cusco
30328,104.65864814719517,True,1083.460504190588,True,406.29768907147155,True,Cusco
30329,76.89055369223917,True,984.0909701222865,True,369.0341137958581,True,Cusco
30335,90.42239340871942,True,1103.8030865124529,True,413.926157442171,True,Cusco
30350,70.26962386958364,True,918.2312171132421,True,344.33670641746727,True,Cusco
30351,74.3477245693993,True,945.4185551120133,True,354.5319581670061,True,Cusco
30411,40.96567288590729,True,427.5077119860428,True,160.31539199476597,True,Cusco
30416,66.40173701181999,True,836.6338701110403,True,313.73770129164,True,Cusco
30418,70.77355689900894,True,864.4854791980878,True,324.1820546992831,True,Cusco
30435,8.706537458483714,True,102.1868801542713,True,38.32008005785175,True,Cusco
30438,33.91735567308981,True,342.7182475986267,True,128.51934284948499,True,Cusco
30440,36.929491794494034,True,412.7066251057167,True,154.76498441464375,True,Cusco
30462,36.63179930092195,True,407.1077876533783,True,152.66542037001665,True,Cusco
30519,100.49465837023641,True,1197.7770277974155,True,449.1663854240315,True,Cusco
30547,47.05065747906405,True,337.1915533029905,True,152.88413772914234,True,Cusco
30549,28.374326662178458,True,260.0241655544744,True,97.50906208292795,True,Cusco
30569,41.17743581760286,True,554.9849691483323,True,208.11936343062433,True,Cusco
30577,33.7450927518435,True,505.4360153766035,True,189.53850576622608,True,Cusco
30580,42.004649617498764,True,563.4877491889316,True,211.30790594584914,True,Cusco
30585,31.081344098696995,True,354.00181915804507,True,132.75068218426665,True,Cusco
30611,72.03791117301321,True,797.6265580059371,True,299.1099592522257,True,Cusco
30616,49.04218547708774,True,474.1320209909545,True,177.7995078716074,True,Cusco
30629,61.55512054253703,True,752.63626240499,True,282.2385984018717,True,Cusco
30648,48.169726988606534,True,468.31563106774627,True,175.61836165040438,True,Cusco
30685,62.024229267178136,True,789.2473212474378,True,295.96774546778835,True,Cusco
30729,38.96438593956859,True,317.53933321170905,True,119.07724995439084,True,Cusco
30782,48.224558563483306,True,563.8459788271946,True,211.4422420601983,True,Cusco
30794,46.114367909646035,True,540.6929801661926,True,202.75986756232203,True,Cusco
30796,34.27257504405218,True,535.2556359147409,True,200.72086346802746,True,Cusco
30820,55.41102802458056,True,669.1309912735898,True,250.92412172759612,True,Cusco
30823,61.48145271552507,True,646.1134162422982,True,242.29253109086227,True,Cusco
30824,61.48145271552507,True,646.1134162422982,True,242.29253109086227,True,Cusco
30825,54.601506469711495,True,690.8263595354298,True,259.05988482578636,True,Cusco
30832,70.26871576550805,True,802.302750022612,True,300.8635312584803,True,Cusco
30836,57.26326309842453,True,709.8505226232828,True,266.1939459837317,True,Cusco
30864,71.27597971748808,True,924.9402560992717,True,346.85259603722824,True,Cusco
30865,80.92511786189242,True,1017.3020610108632,True,381.4882728790743,True,Cusco
30881,27.484768193693135,True,287.6511750075135,True,107.86919062781777,True,Cusco
30915,104.64015639705616,True,1190.4941984678721,True,446.4353244254505,True,Cusco
30935,26.86312491812148,True,413.8063432748235,True,155.17737872805844,True,Cusco
30938,31.053100147172994,True,485.65911103753416,True,182.122166639075,True,Cusco
30974,43.26765207303858,True,603.2750519270928,True,226.22814447266018,True,Cusco
30977,28.028968052854022,True,294.0890128073284,True,110.283379802748,True,Cusco
31003,23.676239200295733,True,249.93076492969521,True,93.72403684863575,True,Cusco
31005,45.79967730083827,True,456.07706172050507,True,171.02889814518932,True,Cusco
31008,86.29085197169698,True,872.2725684948622,True,327.1022131855729,True,Cusco
31014,63.948133572209436,True,814.8240617589465,True,305.5590231596048,True,Cusco
31035,29.70217969912718,True,256.61042085850374,True,96.22890782193902,True,Cusco
31041,50.72939492679723,True,740.3621205582098,True,277.6357952093289,True,Cusco
31043,19.875893164298102,True,171.244219594448,True,64.21658234791789,True,Cusco
31046,23.529105057760844,True,232.30862862637693,True,87.11573573489136,True,Cusco
31071,56.308850174492775,True,706.0027480223742,True,264.7510305083906,True,Cusco
31129,65.0541535345093,True,618.7201006704124,True,232.0200377514041,True,Cusco
31178,74.89162989542267,True,683.3104320214117,True,256.24141200802984,True,Cusco
31188,88.08726898625783,True,892.4905510189211,True,334.6839566320951,True,Cusco
31253,64.01066173559944,True,579.7800806937363,True,217.41753026015127,True,Cusco
31256,79.73521681274502,True,613.2368369772189,True,231.71244477941107,True,Cusco
31274,35.23416704126222,True,433.1526359432285,True,162.43223847871099,True,Cusco
31276,48.079227256880145,True,678.6243961617672,True,254.48414856066296,True,Cusco
31277,45.49891601675383,True,592.6261504886149,True,222.23480643323035,True,Cusco
31303,41.13358699994309,True,558.2448149477701,True,209.3418056054137,True,Cusco
31326,38.54308975399307,True,344.51868973125914,True,129.19450864922226,True,Cusco
31337,49.94976953453808,True,570.7800271140727,True,214.0425101677774,True,Cusco
31348,86.86971541557718,True,1080.1185665581718,True,405.04446245931547,True,Cusco
31350,52.26985863613956,True,505.47609076342263,True,189.55353403628345,True,Cusco
31375,40.55367935810713,True,593.5570566575924,True,222.5838962465964,True,Cusco
31436,54.789069264562386,True,748.6573737816024,True,280.74651516810155,True,Cusco
31445,43.24195672675839,True,445.5123148576212,True,167.06711807160798,True,Cusco
31451,42.856664966577924,True,594.7442217837374,True,223.029083168902,True,Cusco
31474,32.40450093828911,True,357.15433096083206,True,133.932874110312,True,Cusco
31479,56.98266284803443,True,718.1086226293689,True,269.2907334860128,True,Cusco
31486,7.465278538469918,True,94.04999451713314,True,35.26874794392493,True,Cusco
31489,46.50829289492916,True,668.071495269529,True,250.52681072607362,True,Cusco
31495,67.83024750887824,True,900.422516455673,True,337.6584436708789,True,Cusco
31500,44.04201927975991,True,624.2266309998524,True,234.08498662494515,True,Cusco
31507,83.86289176813717,True,1053.391245247594,True,395.0217169678488,True,Cusco
31532,55.87792071441207,True,719.2363114654021,True,269.7136167995262,True,Cusco
31548,25.557201348437527,True,208.4186007576599,True,78.15697528412251,True,Cusco
31549,2.3597307507661176,True,31.333705995943724,True,11.750139748478892,True,Cusco
31555,0.9172131137275943,True,5.956453814220409,True,2.2461993101616966,True,Cusco
31559,13.119137515744764,True,106.51140225529564,True,39.94177584573586,True,Cusco
31568,51.38925172598083,True,442.46141889358285,True,165.9230320850937,True,Cusco
31571,77.72330625762494,True,836.2584821820144,True,313.59693081825475,True,Cusco
31596,13.07567281828728,True,111.48018648722531,True,41.805069932709515,True,Cusco
31606,95.86626788713944,True,921.6032758134323,True,345.6012284300375,True,Cusco
31630,83.75762784320092,True,778.0180868357166,True,291.7567825633934,True,Cusco
31682,43.07386781473929,True,368.82784365717976,True,140.05907228439625,True,Cusco
31685,30.271292793389573,True,333.4520182397259,True,125.04450683989708,True,Cusco
31697,27.455796865951445,True,291.99558255003,True,109.49834345626117,True,Cusco
31714,36.849620927251834,True,558.162710432071,True,209.31101641202625,True,Cusco
31716,2.0961204728512097,True,17.33095766203322,True,6.499109123262457,True,Cusco
31722,20.774867091317468,True,301.213885896539,True,112.95520721120214,True,Cusco
31730,35.933610705566075,True,364.1697070094781,True,136.56364012855406,True,Cusco
31734,29.816624953796538,True,372.8942035665426,True,139.83532633745338,True,Cusco
31757,32.736224895417116,True,448.1038417795347,True,168.0389406673259,True,Cusco
31816,1.633180668605089,True,11.951333955162296,True,4.481750233185862,True,Cusco
31820,3.384715343486543,True,34.60946948127853,True,12.978551055479445,True,Cusco
31828,18.032492390205334,True,289.319907918831,True,108.49496546956168,True,Cusco
31834,32.55482875365012,True,447.4991970002489,True,167.8121988750936,True,Cusco
31837,56.18537466413916,True,546.4051505039714,True,204.90193143898932,True,Cusco
31841,50.14819081962284,True,672.172086031136,True,252.06453226167613,True,Cusco
31846,66.42267712107679,True,679.5817720115441,True,254.84316450432897,True,Cusco
31847,39.09396601496494,True,557.3003339173163,True,208.98762521899368,True,Cusco
31856,60.922666043182396,True,683.953124785344,True,256.4824217945036,True,Cusco
31881,33.03682006831079,True,519.8868602923034,True,194.9575726096137,True,Cusco
31902,51.854698209620466,True,537.341338400935,True,201.50300190035082,True,Cusco
31915,24.135016645205823,True,292.9863916436089,True,109.86989686635333,True,Cusco
31935,25.281982028069805,True,336.4517884814468,True,126.1694206805426,True,Cusco
31941,2.2797677142706987,True,13.385658019811887,True,5.019621757429456,True,Cusco
31943,1.8252568398100708,True,17.675473544468723,True,6.628302579175771,True,Cusco
31994,25.68472313690202,True,384.24733290950115,True,144.092749841063,True,Cusco
31996,26.716276098331665,True,381.2320577398599,True,142.96202165244748,True,Cusco
32033,41.714477033283096,True,519.9121604439291,True,194.96706016647315,True,Cusco
32045,18.40620855074756,True,153.78286577190894,True,57.6685746644659,True,Cusco
32050,9.520137231469878,True,70.10088777456227,True,26.28783291546082,True,Cusco
32056,23.87786984254246,True,327.4995852021299,True,122.81234445079863,True,Cusco
32083,29.3958902228032,True,324.55528883791237,True,121.70823331421725,True,Cusco
32125,7.82934600294911,True,69.56199964290728,True,26.085749866090225,True,Cusco
32152,23.235568552933625,True,286.32354276859166,True,107.37132853822186,True,Cusco
32176,22.195539684074454,True,316.61053329300415,True,118.72894998487659,True,Cusco
32182,31.42197380882728,True,297.00611195911796,True,111.37729198466926,True,Cusco
32187,5.831965855034124,True,56.246131990140704,True,21.09229949630276,True,Cusco
32189,9.66803139895871,True,79.92690843256345,True,29.972590662211278,True,Cusco
32191,3.4070822089526,True,30.56936838064272,True,11.46351314274102,True,Cusco
32194,6.330648170099351,True,58.518825402886314,True,21.94455952608236,True,Cusco
32291,22.79523132134263,True,341.8527920000824,True,128.1947970000308,True,Cusco
32310,5.815382033777299,True,54.242579331354,True,20.340967249257744,True,Cusco
32328,36.23315151601368,True,388.92581682469597,True,145.84718130926092,True,Cusco
32346,47.765932581803916,True,586.8108995664877,True,220.05408733743286,True,Cusco
32353,37.616920101244816,True,493.863260645751,True,185.19872274215658,True,Cusco
32364,28.3691986592296,True,205.18893516453016,True,76.94585068669873,True,Cusco
32369,32.415787712963215,True,403.60751118803563,True,151.35281669551384,True,Cusco
32379,27.5085510284873,True,266.61403860315426,True,99.98026447618282,True,Cusco
32411,2.22517134433488,True,26.005027817974078,True,9.751885431740279,True,Cusco
32437,11.990541863302484,True,156.2099680708755,True,58.57873802657824,True,Cusco
32497,3.451135086788999,True,35.91386921511811,True,13.467700955669299,True,Cusco
32531,15.581818913670922,True,124.74920820444919,True,46.78095307666847,True,Cusco
32542,6.739426828431811,True,64.3124517536757,True,24.117169407628385,True,Cusco
32550,9.651876887999551,True,91.37219997954239,True,34.26457499232841,True,Cusco
32552,28.231628343331575,True,441.18525359168325,True,165.44447009688153,True,Cusco
32559,15.914863659760957,True,226.14935596779515,True,84.80600848792322,True,Cusco
32604,3.8733697868949077,True,35.900241320316475,True,13.46259049511868,True,Cusco
32620,43.870317789623506,True,421.2223095140917,True,157.95836606778428,True,Cusco
32624,7.6582554996866605,True,115.99270327503912,True,43.49726372813966,True,Cusco
32628,20.918923581328116,True,239.62541812891803,True,89.8595317983444,True,Cusco
32636,3.407975938479519,True,32.53951667737669,True,12.20231875401626,True,Cusco
32685,20.95105353277995,True,178.16175328327327,True,66.81065748122747,True,Cusco
32687,1.9936358720147664,True,12.799562587558,True,5.141205457516281,True,Cusco
32724,29.137644698261997,True,353.157757343099,True,132.43415900366224,True,Cusco
32731,6.315812201086305,True,64.00943284417059,True,24.00353731656397,True,Cusco
32754,10.15025683384874,True,122.31378985330095,True,45.867671194987885,True,Cusco
32792,8.40496118163921,True,116.23018222916025,True,43.586318335935076,True,Cusco
32802,11.790561918326908,True,157.7407796322829,True,59.15279236210611,True,Cusco
32804,24.7251978510624,True,319.9719570511215,True,119.98948389417063,True,Cusco
32827,23.44381401263313,True,318.6778793040503,True,119.50420473901895,True,Cusco
32871,50.01831764569446,True,540.9832201463394,True,202.8687075548774,True,Cusco
32883,17.794033704263686,True,210.12934997194253,True,78.7985062394784,True,Cusco
32898,31.21555776589202,True,441.962268283467,True,165.7358506063,True,Cusco
32916,34.015831707882064,True,362.1999946038866,True,135.82499797645752,True,Cusco
32932,26.331197249132646,True,301.9827156413755,True,113.24351836551563,True,Cusco
32941,15.471825291817371,True,195.7709354590228,True,73.41410079713354,True,Cusco
32942,16.31584360436226,True,204.0679101824081,True,76.52546631840302,True,Cusco
32966,33.01401580095549,True,297.20167416825586,True,111.45062781309586,True,Cusco
32975,33.28635172252504,True,354.13809714137034,True,132.80178642801386,True,Cusco
33040,33.27819371243947,True,440.0624643782101,True,165.02342414182866,True,Cusco
33074,43.31134694373482,True,497.9468100235614,True,186.73005375883545,True,Cusco
33091,63.976311782631875,True,614.1015591238817,True,230.28808467145564,True,Cusco
33139,61.49250485169089,True,687.7520501754005,True,257.9070188157748,True,Cusco
33140,48.40994045508341,True,511.22293465813766,True,191.70860049680172,True,Cusco
33144,53.92097356671873,True,697.3239710117754,True,261.49648912941586,True,Cusco
33149,54.563491924645454,True,561.4261899294738,True,210.5348212235528,True,Cusco
33157,48.463501977901615,True,595.8430720882825,True,223.44115203310565,True,Cusco
33164,42.50773944532014,True,615.7523001749836,True,230.907112565619,True,Cusco
33168,37.600970806030915,True,562.8893221181893,True,211.08349579432127,True,Cusco
33182,58.95096086491806,True,564.8423918424975,True,211.81589694093648,True,Cusco
33183,61.44999478032983,True,729.0450933310002,True,273.3919099991247,True,Cusco
33184,58.69475949137107,True,640.0940843091768,True,240.03528161594105,True,Cusco
33189,42.24870195282718,True,549.7130982017144,True,206.14241182564254,True,Cusco
33216,49.91006844447362,True,524.6303728409374,True,196.73638981535166,True,Cusco
33230,64.33883507346624,True,742.495392987676,True,278.43577237037806,True,Cusco
33241,56.91295516665148,True,551.2556871873869,True,206.7208826952701,True,Cusco
33244,82.08934432859171,True,777.6047229450197,True,291.60177110438235,True,Cusco
33263,54.66358285316832,True,672.6883575902951,True,252.25813409636024,True,Cusco
33265,26.36536544901027,True,343.6743446210497,True,128.87787923289372,True,Cusco
33269,22.195539684074454,True,316.61053329300415,True,118.72894998487659,True,Cusco
33281,88.30650049069543,True,905.230752220141,True,340.96331492973644,True,Cusco
33293,22.95974589077087,True,316.71362025042686,True,118.76760759390997,True,Cusco
33302,30.35318288308413,True,382.43306018210063,True,143.41239756828745,True,Cusco
33311,71.67064278708138,True,672.4634981387966,True,252.17381180204856,True,Cusco
33316,71.93373574457142,True,717.341129581026,True,269.00292359288454,True,Cusco
33321,15.15765076634496,True,196.2323310676694,True,73.58712415037606,True,Cusco
33323,70.10486834660144,True,723.07057299358,True,271.1514648725926,True,Cusco
33348,19.664250800073432,True,381.2554927014378,True,142.9708097630391,True,Cusco
33350,30.22196417408508,True,386.8395199730829,True,145.06481998990628,True,Cusco
33388,9.698722515947322,True,94.07647211584528,True,35.27867704344198,True,Cusco
33559,71.78155715650513,True,678.366421443376,True,254.38740804126624,True,Cusco
33560,71.78155715650513,True,682.5567934453777,True,255.95879754201692,True,Cusco
33702,50.001191660315534,True,507.4521313513699,True,190.29454925676407,True,Cusco
33706,48.65343774841258,True,492.99652038859153,True,184.87369514572194,True,Cusco
34463,47.38204112223302,True,484.52054288072776,True,181.6952035802731,True,Cusco
34528,56.98148947144986,True,698.1471407468465,True,261.80517778006737,True,Cusco
34615,46.955156952061756,True,548.497204691614,True,205.68645175935498,True,Cusco
34626,36.69077987217017,True,413.24546788030875,True,154.96705045511592,True,Cusco
44460,73.62203321419335,True,1094.3164064272494,True,411.0074840551339,True,Cusco
44467,44.08502362824246,True,434.11321260557116,True,163.92372180955738,True,Cusco
44492,104.31400927393443,True,1151.3719341268297,True,431.76447529755916,True,Cusco
44503,57.68218868730242,True,676.0124527339742,True,254.63593685770903,True,Cusco
44514,115.98206792031026,True,1134.0750483117333,True,425.27814311689986,True,Cusco
44542,43.68166867596862,True,431.42417959041205,True,162.91533442887285,True,Cusco
44545,100.35875750610512,True,1153.0668013564332,True,432.40005050866114,True,Cusco
44558,38.247835281349055,True,435.4462669470418,True,164.4236171876093,True,Cusco
44560,43.36810476514883,True,521.9827129723429,True,195.74351736462853,True,Cusco
44585,40.06512006924417,True,539.760776330165,True,202.4102911238121,True,Cusco
44587,114.25640364763535,True,1227.309586123517,True,460.2410947963181,True,Cusco
44608,109.18672236374455,True,1159.7138356716396,True,434.892688376864,True,Cusco
44615,127.42027857736338,True,1402.8279185198908,True,526.0604694449577,True,Cusco
44685,102.42591381505535,True,1168.1791321124067,True,438.06717454215146,True,Cusco
44686,37.686802896037996,True,442.0740615507236,True,166.90904016399034,True,Cusco
44688,30.67515786946237,True,438.9311795590481,True,164.5991923346431,True,Cusco
44690,53.71183198036234,True,514.6035456754208,True,194.10759671075186,True,Cusco
44691,95.39525628134697,True,1074.0381933303745,True,402.76432249888927,True,Cusco
44693,39.01998259157907,True,451.8351916787697,True,170.56946396200792,True,Cusco
44716,64.67470438846358,True,832.4372738207766,True,312.1639776827905,True,Cusco
44725,105.0744416187456,True,1087.7121606217252,True,407.89206023314557,True,Cusco
44730,51.55473938677911,True,594.9938570184302,True,224.25396346438075,True,Cusco
44732,48.87267782671485,True,641.7241841308527,True,240.64656904906965,True,Cusco
44737,118.0744183219043,True,1157.6992070134027,True,434.1372026300266,True,Cusco
44773,93.87176514819227,True,1026.7814135081476,True,385.0430300655538,True,Cusco
44802,94.72753186040799,True,1300.7782464100687,True,487.79184240377526,True,Cusco
44837,105.25275945937828,True,1244.0160484096018,True,466.5060181535998,True,Cusco
44846,104.73413646271561,True,1090.8389288410299,True,409.7034299603021,True,Cusco
44851,81.08493748084746,True,1035.4214885852828,True,388.9218898643957,True,Cusco
44856,73.55627021095866,True,1047.8897957371735,True,392.95867340143946,True,Cusco
44863,85.23409065186893,True,1220.8453301742582,True,457.8169988153464,True,Cusco
44878,100.92617164925485,True,988.1190447431513,True,370.5446417786805,True,Cusco
44882,139.4329591448549,True,1551.328048695407,True,582.386849905692,True,Cusco
44889,93.8573595185516,True,1029.2635441983819,True,385.9738290743917,True,Cusco
44895,136.72718629336612,True,1477.6592665489559,True,554.7610566007731,True,Cusco
44932,107.82118147257272,True,1215.1862859557018,True,455.69485723338755,True,Cusco
44949,99.45411753986134,True,1218.8751977251993,True,457.07819914694903,True,Cusco
44964,118.2103851116687,True,1320.0928854022034,True,495.0348320258262,True,Cusco
44974,86.35150639841343,True,1203.1474786551125,True,451.1803044956667,True,Cusco
44975,92.1452468369227,True,1346.701580303387,True,505.01309261376986,True,Cusco
44987,77.80587997832384,True,1114.4469393588147,True,417.91760225955477,True,Cusco
44992,86.35524533289204,True,1108.976793790081,True,421.01568323256464,True,Cusco
44995,75.59786714170956,True,1105.191884909875,True,414.446956841203,True,Cusco
45017,102.70168781734397,True,1084.4396449565327,True,407.3036985036147,True,Cusco
45018,114.3930729700689,True,1206.6305634571966,True,453.1252929413646,True,Cusco
45030,106.67170474656481,True,1111.9376444599588,True,417.6154483174002,True,Cusco
45037,116.41210211741493,True,1260.397539902942,True,473.28790910851956,True,Cusco
45053,98.6256586548782,True,1076.5457488844409,True,404.3434874765804,True,Cusco
45056,92.0264571341723,True,995.5375121624301,True,373.9653987058265,True,Cusco
45058,118.25995262694568,True,1182.9807699831476,True,444.25662038859446,True,Cusco
45073,78.74886617738592,True,1070.313561827962,True,402.00641733040015,True,Cusco
45094,73.20873431358798,True,983.5166865560838,True,368.81875745853097,True,Cusco
45099,84.79946055184472,True,1120.5528360990131,True,420.846145182044,True,Cusco
45131,79.20625442303054,True,1021.4568566354693,True,388.19570679958576,True,Cusco
45136,71.31423315687171,True,1160.3624592247131,True,435.1359222092663,True,Cusco
45140,75.3976291245233,True,1103.6914488953598,True,414.5231249806751,True,Cusco
45158,73.73504973229916,True,834.029627649752,True,313.3999420135739,True,Cusco
45184,80.09624192173463,True,1117.0455471840478,True,419.530911838933,True,Cusco
45227,88.78162809366079,True,741.2400415840326,True,278.6038472389277,True,Cusco
45234,113.12035586218391,True,1265.2237062013826,True,492.2903354251079,True,Cusco
45271,67.92471257053556,True,598.3830466172789,True,225.0324741263946,True,Cusco
45281,83.67900619364852,True,1058.6542239240766,True,402.1447195328138,True,Cusco
45307,64.08567372337556,True,853.4504044170803,True,325.193287217691,True,Cusco
45316,75.38241706471133,True,689.7152364788963,True,259.2820453245013,True,Cusco
45321,114.33496234039002,True,1081.2280090984318,True,423.29194901150174,True,Cusco
45328,77.21356263848156,True,705.4692794476603,True,264.5509797928732,True,Cusco
45350,93.2277907365479,True,1149.6937887994939,True,431.1351707998096,True,Cusco
45367,85.69330118056975,True,783.964854704772,True,294.62565215920426,True,Cusco
45381,121.28104632550253,True,1368.4411107672781,True,530.9968621373198,True,Cusco
45382,108.2754371072,True,1373.3491952660981,True,515.6447798697023,True,Cusco
45393,105.34107831710413,True,1119.258096206723,True,419.72178607752005,True,Cusco
45397,108.83935109303097,True,1155.082218728792,True,433.15583202329606,True,Cusco
45413,103.27912168412058,True,957.206778910542,True,376.78398769104257,True,Cusco
45419,85.93930330079782,True,833.5504086632791,True,313.220234893645,True,Cusco
45421,114.77812284042685,True,1205.8090336629991,True,452.17838762362464,True,Cusco
45428,101.69582583058038,True,1162.511518163655,True,435.9418193113684,True,Cusco
45429,27.268523763686673,True,303.40409933417254,True,113.77653725031495,True,Cusco
45456,85.86941808767465,True,1138.4046723931488,True,432.0511377087149,True,Cusco
45460,106.76158187458707,True,1098.1867562257362,True,411.8200335846511,True,Cusco
45469,29.674492787638602,True,413.59173909832606,True,155.0969021618721,True,Cusco
45472,27.26970500299244,True,400.5137404229248,True,150.1926526585968,True,Cusco
45479,79.72171334195657,True,999.6262621929212,True,374.85984832234493,True,Cusco
45504,123.60879958633356,True,1169.2483413676991,True,456.29957361247705,True,Cusco
45510,101.46826320940517,True,1398.6198618595683,True,524.4824481973385,True,Cusco
45512,90.53322360597191,True,1121.2974311685268,True,420.48653668819657,True,Cusco
45513,84.65028067627041,True,1217.2184418506586,True,456.4569156939967,True,Cusco
45559,93.26314836911892,True,1126.7469717382746,True,422.53011440185196,True,Cusco
45561,103.13839994039148,True,1174.5123421153949,True,440.442128293272,True,Cusco
45573,105.08713520830857,True,1089.8671814722143,True,408.70019305207904,True,Cusco
45595,103.13895632670392,True,1040.7555244335144,True,390.2833216625691,True,Cusco
45599,125.73134084855641,True,1266.1758088044337,True,474.8159283016633,True,Cusco
45659,75.56955101299418,True,675.4782254127334,True,253.30433452977493,True,Cusco
45671,74.25839593820864,True,840.1837991635892,True,315.06892468634464,True,Cusco
45678,78.85177001150866,True,842.0334537571084,True,316.8938122413852,True,Cusco
45682,85.90842187391625,True,889.9180716924164,True,334.8505439671251,True,Cusco
45694,39.8517902994284,True,455.4286163300748,True,171.9169982062471,True,Cusco
45695,50.545650603783216,True,521.0368873535499,True,196.52009984004994,True,Cusco
45712,29.799612864607454,True,365.77854852877874,True,138.29822278076088,True,Cusco
45743,116.91992834241537,True,1397.5152306545244,True,541.8996570950375,True,Cusco
45756,111.48230240287997,True,1089.6768382403905,True,409.26764598506156,True,Cusco
45766,38.05473010936991,True,535.2517397680372,True,200.71940241301434,True,Cusco
45773,85.87214645356556,True,1127.559102690663,True,427.98404907028277,True,Cusco
45781,74.96013539816316,True,977.4126486244625,True,366.5361544440601,True,Cusco
45784,85.86941808767465,True,1128.923128406511,True,428.4955587137259,True,Cusco
45795,102.18513014877114,True,1203.707685212565,True,452.0292135996286,True,Cusco
45803,47.77633136021361,True,588.982700734219,True,220.86851277533214,True,Cusco
45811,123.73352968250505,True,1179.6052157616216,True,460.1834015101978,True,Cusco
45816,37.99544421890991,True,469.835254064611,True,176.18822027422908,True,Cusco
45831,77.58977577050472,True,838.3392692399995,True,315.50849304746936,True,Cusco
45852,105.08713520830857,True,1105.0526735991616,True,414.3947525996842,True,Cusco
45875,49.71014125633464,True,649.1683035052507,True,243.43811381446892,True,Cusco
45879,101.2805833409454,True,1054.367459219576,True,395.3877972073398,True,Cusco
45880,125.2152339021623,True,1262.7350958284728,True,473.52566093567805,True,Cusco
45882,127.75613419032534,True,1268.9275871646873,True,475.8478451867585,True,Cusco
45886,27.765237821806046,True,405.383597105363,True,152.0188489145111,True,Cusco
45905,87.86000201502902,True,931.6623754743049,True,350.01222244778,True,Cusco
45913,118.2103851116687,True,1258.2348186155552,True,471.83805698083194,True,Cusco
45915,80.56953289475466,True,1295.7577763435718,True,485.90916612883825,True,Cusco
45940,53.183503193546045,True,614.0586223676605,True,231.40325047034196,True,Cusco
45961,103.13224401498513,True,1077.6984448398814,True,404.13691681495425,True,Cusco
45965,65.33345575455111,True,867.3146492079195,True,330.39237901425605,True,Cusco
45975,76.56128625026459,True,953.0768545781722,True,357.4038204668149,True,Cusco
45981,39.909963990116694,True,352.38633157914876,True,132.14487434218094,True,Cusco
45989,42.46671976648415,True,346.36936901632515,True,129.8885133811219,True,Cusco
46004,54.984311788359555,True,825.3157833909755,True,309.49341877161567,True,Cusco
46008,13.261090188909016,True,117.70850341264823,True,44.140688779743115,True,Cusco
46021,12.351382799780636,True,155.21163828255206,True,58.20436435595704,True,Cusco
46022,28.21913522434037,True,219.39140873256338,True,82.27177827471132,True,Cusco
46029,5.705359237719464,True,63.94415850110451,True,23.97905943791419,True,Cusco
46054,16.965447237624097,True,167.69584941485016,True,62.88594353056886,True,Cusco
46058,14.38237450158787,True,87.92860410886672,True,32.97322654082504,True,Cusco
46066,58.41293870674442,True,832.0708492785121,True,312.0329796893286,True,Cusco
46075,8.855948087854802,True,99.50068193891121,True,37.31275572709167,True,Cusco
46081,96.0702540027305,True,1039.0185155995046,True,389.63194334981495,True,Cusco
46090,7.495454634670669,True,76.72004924161043,True,28.770018465603915,True,Cusco
46104,22.623442288770704,True,166.24720864892868,True,62.34270324334822,True,Cusco
46111,2.2398023603865216,True,14.433086414801386,True,5.41240740555052,True,Cusco
46115,18.139854198908957,True,266.9515796257818,True,100.10684235966815,True,Cusco
46120,10.29436555759717,True,97.86909211446641,True,36.70090954292492,True,Cusco
46123,73.03644279014604,True,639.8309495075792,True,239.93660606534272,True,Cusco
46125,121.48000175865346,True,1230.4290087339766,True,461.41087827524245,True,Cusco
46130,3.881276763556749,True,26.97051148612792,True,10.113941807297968,True,Cusco
46136,10.745056659435356,True,137.3635700564934,True,51.51133877118502,True,Cusco
46137,20.594879951152578,True,166.9295833178455,True,62.59859374419222,True,Cusco
46138,31.32323307406004,True,343.7543279953137,True,128.90787299824277,True,Cusco
46146,11.346346571963299,True,171.02158284776914,True,64.13309356791345,True,Cusco
46151,31.126271831372655,True,301.6516768376774,True,113.11937881412904,True,Cusco
46158,38.68647626945714,True,376.1787577844286,True,141.06703416916082,True,Cusco
46161,21.875213624660486,True,330.5772009862489,True,123.96645036984334,True,Cusco
46165,22.01568731434589,True,338.17717668102455,True,126.81644125538402,True,Cusco
46177,44.553844499147445,True,449.6730315668772,True,168.6273868375793,True,Cusco
46208,13.463570642894068,True,81.80324505090805,True,30.67621689409052,True,Cusco
46209,36.197510795550286,True,245.59208833684613,True,92.0970331263172,True,Cusco
46211,20.547882227338835,True,150.91257197214043,True,56.59221448955263,True,Cusco
46224,27.05704539893777,True,176.9815495043151,True,66.36808106411812,True,Cusco
46232,34.10314611831774,True,272.9159285671295,True,102.34347321267357,True,Cusco
46238,9.493248593291678,True,82.65621231127633,True,30.996079616728633,True,Cusco
46244,86.0399032840847,True,868.4340815066103,True,325.66278056497873,True,Cusco
46247,46.54720134372974,True,382.64031636961965,True,143.4901186386073,True,Cusco
46254,43.62220301425048,True,356.64033121869267,True,133.74012420700964,True,Cusco
46256,5.757950894598605,True,39.49855502264184,True,14.86326360118747,True,Cusco
46259,28.63449760087781,True,146.2640673746467,True,54.84902526549259,True,Cusco
46262,48.86814831160089,True,483.6764212338307,True,181.3786579626869,True,Cusco
46274,65.58299464074098,True,626.8269040131279,True,230.40514579833322,True,Cusco
46289,16.343813337751225,True,155.60200741885365,True,58.35075278207008,True,Cusco
46291,49.1612020113373,True,405.8758778594646,True,152.20345419729918,True,Cusco
46296,20.061917749921967,True,169.06369609135842,True,63.39888603425949,True,Cusco
46298,8.296690378136864,True,60.97425839766799,True,22.865346899125484,True,Cusco
46302,19.565741457240666,True,163.6006785077916,True,61.350254440421914,True,Cusco
46314,41.063084903906244,True,446.26637574270916,True,167.34989090351596,True,Cusco
46320,21.376799820542278,True,290.799657565635,True,109.04987158711316,True,Cusco
46329,63.879235403353896,True,687.604439347736,True,257.8516647554012,True,Cusco
46333,10.928401198158172,True,81.26605532478985,True,30.47477074679618,True,Cusco
46335,25.033111662095504,True,204.75226309376578,True,76.78209866016219,True,Cusco
46341,52.326522033083414,True,629.100195469519,True,235.9125733010697,True,Cusco
46346,68.55384836615144,True,888.8154931846985,True,333.3058099442615,True,Cusco
46347,80.12627220585848,True,974.8135231448953,True,365.55507117933604,True,Cusco
46348,35.52222630808324,True,471.0655385522461,True,176.64957695709228,True,Cusco
46353,12.444240001660033,True,129.5135954646628,True,47.31345433619279,True,Cusco
46354,79.23931453203377,True,759.9696409193614,True,284.98861534476003,True,Cusco
46357,106.80568201642087,True,1073.3486416754436,True,402.50574062829213,True,Cusco
46359,29.809448019166407,True,229.9237263883409,True,86.22139739562778,True,Cusco
46361,24.258790611022608,True,405.949124976405,True,152.15101290372888,True,Cusco
46370,10.058741157280345,True,149.25382251089266,True,55.97018344158472,True,Cusco
46381,72.30442475181252,True,752.4596987263642,True,282.1723870223859,True,Cusco
46390,14.89018527986134,True,183.42055472789312,True,68.78270802295998,True,Cusco
46397,53.53975266052224,True,586.9412464106074,True,220.1029674039779,True,Cusco
46398,60.7454078616695,True,866.593658701874,True,324.97262201320257,True,Cusco
46399,42.95930546826653,True,457.72800954899554,True,171.64800358087348,True,Cusco
46400,25.431736343734034,True,200.80874952852096,True,75.3032810731954,True,Cusco
46401,13.160789939605563,True,164.20505094727332,True,61.57689410522756,True,Cusco
46408,21.037844211313754,True,266.21218775649646,True,99.82957040868617,True,Cusco
46423,50.53489516071611,True,368.0933739986718,True,138.03501524950198,True,Cusco
46433,16.697627576887932,True,258.93920950344284,True,97.10220356379104,True,Cusco
46436,103.13895632670392,True,1040.7555244335144,True,390.2833216625691,True,Cusco
46441,13.871688508594879,True,216.48752017180385,True,81.18282006442642,True,Cusco
46442,14.685913576477116,True,181.15086913473513,True,67.93157592552572,True,Cusco
46455,39.604283389537166,True,337.3368496223699,True,126.50131860838881,True,Cusco
46460,40.50951033864034,True,364.8777899644902,True,136.82917123668392,True,Cusco
46462,23.25413446178569,True,284.67366449502447,True,106.75262418563423,True,Cusco
46475,58.9159503776385,True,799.7589380721737,True,299.90960177706535,True,Cusco
46485,41.55342523703363,True,566.0897487851448,True,212.28365579442925,True,Cusco
46492,34.54637293711692,True,583.8925974610497,True,218.9597240478933,True,Cusco
46496,62.54808353832843,True,956.9818198098721,True,358.86818242870174,True,Cusco
46508,35.07646196246331,True,514.3851154632479,True,192.89441829871777,True,Cusco
46513,60.869060362102424,True,722.1361351551855,True,270.8010506831944,True,Cusco
46532,25.02290071468064,True,415.7989012470795,True,155.92458796765473,True,Cusco
46538,43.22177186848047,True,567.0888253221459,True,212.65830949580473,True,Cusco
46556,30.17494918987948,True,443.5297769612709,True,166.32366636047638,True,Cusco
46561,37.5319043884473,True,528.4138992911045,True,198.15521223416422,True,Cusco
46571,69.75254473438751,True,877.2910150751408,True,328.98413065317783,True,Cusco
46578,49.56445168199267,True,511.2381904183334,True,191.714321406875,True,Cusco
46587,45.50996400604455,True,656.1183624611622,True,246.17581913404223,True,Cusco
46590,43.543837120496384,True,625.188942839241,True,234.4458535647154,True,Cusco
46601,59.23167831102483,True,839.3485346498936,True,314.7621117035967,True,Cusco
46612,30.141925689049952,True,638.3499640390097,True,239.38123651462925,True,Cusco
46617,32.627690964723264,True,537.1598670976122,True,201.4349501616043,True,Cusco
46620,46.79560483044289,True,587.0519493953259,True,220.14448102324704,True,Cusco
46623,55.38816756028396,True,761.430542958877,True,285.5364536095787,True,Cusco
46645,61.84223259672924,True,872.6871294522058,True,327.257673544577,True,Cusco
46650,50.804169662558216,True,801.5955695642677,True,300.5983385866003,True,Cusco
46667,58.18888700701333,True,852.3907650648956,True,319.64653689933573,True,Cusco
46708,83.70858902406776,True,900.8106216979266,True,339.0229398500681,True,Cusco
46715,75.85253649157148,True,918.5877053717679,True,344.4703895144137,True,Cusco
46717,58.201619878196986,True,801.9906221081503,True,300.7464832905572,True,Cusco
46728,54.27538952808593,True,842.4224192363755,True,315.90840721364094,True,Cusco
46729,75.83741506423739,True,918.4532926843536,True,344.41998475663337,True,Cusco
46741,57.49789446276235,True,900.2370107774666,True,337.58887904155,True,Cusco
46754,51.23187175199096,True,861.5692041789748,True,323.08845156711544,True,Cusco
46756,51.13371617013727,True,849.7982070536351,True,318.6743276451134,True,Cusco
46762,70.17904051951187,True,823.1089908230789,True,308.6658715586544,True,Cusco
46764,64.84018793568323,True,857.1760836350799,True,321.44103136315533,True,Cusco
46765,51.13371617013727,True,830.6818898551325,True,311.5057086956747,True,Cusco
46776,46.091563546830606,True,723.606389939304,True,271.3523962272381,True,Cusco
46778,75.48086985071247,True,954.9860416966245,True,358.1197656362343,True,Cusco
46796,82.09479018836582,True,1102.115295069693,True,393.3352074159992,True,Cusco
46798,61.99117339359007,True,919.8262036505458,True,344.93482636895476,True,Cusco
46861,64.19400515467788,True,921.3928983299388,True,345.5223368737268,True,Cusco
46867,82.08260387152083,True,1057.2939996227362,True,396.48524985852544,True,Cusco
46871,75.8205068212254,True,1042.7536118961928,True,391.03260446107197,True,Cusco
46882,59.403470564554915,True,868.7927709636591,True,325.7972891113723,True,Cusco
46892,50.72212317937458,True,821.1458138422837,True,307.9296801908555,True,Cusco
46906,67.65474327781065,True,970.1690470658397,True,363.8133926496896,True,Cusco
46909,72.30520992108458,True,945.854959286617,True,354.69560973248025,True,Cusco
46946,45.20810966380606,True,765.2076242380938,True,286.9528590892847,True,Cusco
46948,113.44860133748404,True,1142.1835260238897,True,428.31882225895794,True,Cusco
46958,85.18880109494013,True,1022.0820064877051,True,383.2807524328875,True,Cusco
46960,43.18768335337198,True,732.7564914500512,True,274.783684293769,True,Cusco
46970,6.146043509180518,True,21.211614897697267,True,13.550409798871348,True,Cusco
46980,60.160573597185504,True,933.0242007528949,True,349.8840752823356,True,Cusco
46984,5.980453291644286,True,48.42654325959709,True,18.159953722348906,True,Cusco
46992,57.91131257238157,True,852.9166597660213,True,319.84374741225815,True,Cusco
46998,62.247595679208736,True,859.8818080324719,True,322.45567801217663,True,Cusco
47012,66.32689184323391,True,940.7484025717048,True,352.78065096438917,True,Cusco
47013,76.26560009505842,True,1046.7099965524862,True,392.516248707182,True,Cusco
47017,61.07028644761115,True,606.9012568052427,True,227.58797130196658,True,Cusco
47028,77.32435851611213,True,785.6859674144504,True,294.63223778041885,True,Cusco
47041,68.45410612180223,True,714.6113772256563,True,267.97926645962116,True,Cusco
47046,48.62518731839455,True,486.10189165767116,True,182.28820937162715,True,Cusco
47062,24.9338346200938,True,414.15474969416806,True,155.30803113531294,True,Cusco
47066,27.259545582091167,True,429.84647175688286,True,161.19242690883104,True,Cusco
47068,18.29656030106187,True,248.3444399297621,True,93.12916497366068,True,Cusco
47089,68.00035412133016,True,907.0646349697241,True,340.1556493235332,True,Cusco
47107,8.038051892368749,True,91.04560642461381,True,34.14210240923019,True,Cusco
47108,11.855363813755575,True,116.16410263835994,True,43.561538489384915,True,Cusco
47110,16.702372236911074,True,103.39525567768807,True,38.77322087913305,True,Cusco
47111,5.418461041297359,True,17.16949007612417,True,12.034612990781433,True,Cusco
47112,0.8826545159037955,True,4.903636199465532,True,1.838863574799574,True,Cusco
47114,7.092752527410199,True,30.925277383217324,True,15.522720253516514,True,Cusco
47117,3.539724559118931,True,23.33937573160394,True,8.752265899351473,True,Cusco
47119,1.6112685706463625,True,10.160427879136977,True,3.810160454676366,True,Cusco
47122,68.74649419782823,True,667.8740498452696,True,250.4527686919768,True,Cusco
47154,42.50715301268671,True,732.078535209327,True,274.5294507034975,True,Cusco
47156,47.670831864796426,True,796.4954879437823,True,298.68580797891786,True,Cusco
47161,45.42223044713948,True,756.467336249512,True,283.67525109356643,True,Cusco
47169,99.52372870990942,True,1083.6543649761325,True,406.3703868660499,True,Cusco
47184,23.2494343394103,True,151.2401294722371,True,56.71504855208888,True,Cusco
47185,55.82055101018739,True,565.4745607923371,True,212.05296029712687,True,Cusco
47186,25.78044918245007,True,176.14501091617788,True,66.05437909356665,True,Cusco
47188,21.827089337879446,True,149.30403983626925,True,55.989014938600945,True,Cusco
47204,74.50412132879572,True,666.1380540682571,True,249.8017702755973,True,Cusco
47207,37.936150402286856,True,337.6388460891267,True,126.61456728342232,True,Cusco
47208,5.403105474226293,True,73.91267162811344,True,27.717251860542536,True,Cusco
47215,51.54860799121285,True,479.8149047292532,True,179.9305892734701,True,Cusco
47227,44.99585723094937,True,617.681803700916,True,231.63067638784335,True,Cusco
47285,26.446576086307253,True,443.70465629977906,True,166.389246112417,True,Cusco
47295,76.97649817357309,True,645.2602890891594,True,241.9726084084349,True,Cusco
47298,82.59285694093114,True,853.1489387302419,True,319.93085202384,True,Cusco
47318,8.980132670936358,True,122.68742579538515,True,46.007784673269455,True,Cusco
47321,15.589195927758542,True,180.26666505962427,True,67.59999939735907,True,Cusco
47329,25.36736006409702,True,303.3591850297443,True,113.75969438615394,True,Cusco
47330,25.700487941862555,True,287.4649532651746,True,107.79935747444054,True,Cusco
47339,31.355976612829785,True,341.3949470824969,True,128.02310515593612,True,Cusco
47350,27.343016738360827,True,307.4296122323295,True,115.28610458712356,True,Cusco
47353,20.033181459814127,True,317.63901032717854,True,119.11462887269185,True,Cusco
47357,26.33790118660095,True,359.99227948409043,True,134.99710480653383,True,Cusco
47366,19.868726487297394,True,124.5042840135969,True,46.68910650509885,True,Cusco
47369,11.36058555033735,True,151.0399726862617,True,56.639989757348154,True,Cusco
47371,9.003021553257724,True,122.54777078845106,True,45.95541404566914,True,Cusco
47372,8.150898303891728,True,113.98408175649118,True,42.74403065868418,True,Cusco
47373,8.942110580152047,True,116.8285202958276,True,43.81069511093533,True,Cusco
47378,25.033111662095504,True,204.75226309376578,True,76.78209866016219,True,Cusco
47381,17.548221812857232,True,143.50259965674962,True,53.81347487128112,True,Cusco
47384,5.323885584115334,True,54.15776843236247,True,20.309163162135928,True,Cusco
47385,7.382542366267921,True,92.1635160104412,True,34.561318503915466,True,Cusco
47386,16.334710781142395,True,163.49093970497208,True,61.309102389364604,True,Cusco
47391,11.041717215457105,True,103.5470813788546,True,38.8301555170705,True,Cusco
47394,39.346017680544925,True,322.9814142194131,True,121.11803033227983,True,Cusco
47405,17.208567088029195,True,125.46061751004446,True,47.047731566266606,True,Cusco
47407,19.67791934151017,True,169.3008082791151,True,63.48780310466812,True,Cusco
47436,50.80482264288314,True,728.7531366456896,True,273.28242624213345,True,Cusco
47441,58.61223481973333,True,833.8423702828582,True,312.69730006595836,True,Cusco
47446,43.369347244253554,True,354.3927243742754,True,132.89727164035324,True,Cusco
47450,19.565741457240666,True,163.6006785077916,True,61.350254440421914,True,Cusco
47458,39.346017680544925,True,322.9814142194131,True,121.11803033227983,True,Cusco
47462,101.14603847434053,True,966.0968108801214,True,362.2863040800461,True,Cusco
47465,28.211547951173493,True,219.2710592683881,True,82.22664722564552,True,Cusco
47472,37.936150402286856,True,337.6388460891267,True,126.61456728342232,True,Cusco
47485,27.05704539893777,True,176.9815495043151,True,66.36808106411812,True,Cusco
47497,8.256371540987063,True,73.40870633839684,True,27.52826487689883,True,Cusco
47503,39.71124021317442,True,619.5224112326067,True,232.32090421222736,True,Cusco
47523,61.97651622420107,True,667.684911856711,True,250.38184194626723,True,Cusco
47527,9.178354698361575,True,76.75138977950729,True,28.781771167315252,True,Cusco
47536,15.193435809505015,True,119.52506736849254,True,44.82190026318471,True,Cusco
47538,8.762054117276456,True,121.41324836259409,True,45.52996813597277,True,Cusco
47544,3.32525993070987,True,23.799029844572665,True,8.924636191714756,True,Cusco
47548,12.134942468135383,True,169.8527224704091,True,63.69477092640345,True,Cusco
47557,4.542995623754477,True,38.63229182760425,True,14.487109435351586,True,Cusco
47561,61.503828096153505,True,870.8071044490074,True,326.5526641683776,True,Cusco
47564,51.23187175199096,True,856.0253134104292,True,321.0094925289108,True,Cusco
47570,42.637422954811115,True,703.4263375506357,True,263.7848765814884,True,Cusco
47571,56.30513829800815,True,899.6878651606837,True,337.3829494352562,True,Cusco
47575,32.64957314836875,True,250.88603284429948,True,94.08226231661223,True,Cusco
47578,34.585056710649695,True,322.9814142194131,True,121.11803033227983,True,Cusco
47583,6.576640610169273,True,66.68750308498349,True,25.007813656868812,True,Cusco
47595,82.59285694093114,True,853.1489387302419,True,319.93085202384,True,Cusco
47603,70.89256299794516,True,923.985330623719,True,346.4944989838939,True,Cusco
47606,11.193220789585075,True,142.18919474858743,True,53.320948030720295,True,Cusco
47644,38.262316974646545,True,452.7364743293214,True,169.77617787349544,True,Cusco
47688,84.56144300214532,True,763.9913398866065,True,286.49675245747665,True,Cusco
47717,81.18152415430245,True,787.8108470650751,True,295.4290676494031,True,Cusco
47723,101.0516484184473,True,809.9017461743715,True,303.713154815389,True,Cusco
47740,89.73103748557413,True,629.4009894977247,True,236.0253710616471,True,Cusco
47741,74.53964320014848,True,740.0195901629132,True,277.5073463110927,True,Cusco
47749,55.30376986117707,True,530.6462578733533,True,198.99234670250738,True,Cusco
47807,75.16582994990813,True,623.1070332521562,True,233.6651374695583,True,Cusco
47817,55.325696808651706,True,480.6135263668465,True,180.23007238756722,True,Cusco
47818,55.25659322785138,True,501.5841506796259,True,188.09405650485957,True,Cusco
47838,61.631797420076786,True,487.59065175990855,True,182.84649440996606,True,Cusco
47854,63.4256291769403,True,465.6880421458126,True,174.63301580468004,True,Cusco
47857,55.09320994978247,True,398.48213925911426,True,149.43080222216804,True,Cusco
47937,66.20381990849086,True,691.3298389811637,True,259.2486896179363,True,Cusco
47997,123.91040173415404,True,1298.5560081374754,True,486.9585030515525,True,Cusco
48055,122.073873523892,True,1267.6427001956351,True,475.3660125733625,True,Cusco
48064,107.95219933029017,True,1134.402448776637,True,425.40091829123804,True,Cusco
48098,116.04942360370848,True,1201.2267694587888,True,450.4600385470455,True,Cusco
48104,106.09300593304668,True,1116.4473335035325,True,418.66775006382437,True,Cusco
48190,107.76289898127584,True,1104.2788436491685,True,414.1045663684372,True,Cusco
48242,117.93119409480815,True,1190.999433171313,True,446.62478743924186,True,Cusco
48256,83.93868361791888,True,716.4064692242862,True,268.65242595910684,True,Cusco
48280,54.949274607715786,True,456.0176033763633,True,171.00660126613596,True,Cusco
48321,43.43547587075436,True,376.1624174739547,True,141.06090655273292,True,Cusco
48327,81.14006997231769,True,691.5299034856083,True,259.3237138071028,True,Cusco
48328,74.52791211459281,True,625.1673306209849,True,234.43774898286918,True,Cusco
48329,74.52791211459281,True,685.4767523813299,True,257.0537821429985,True,Cusco
48334,90.8256832186102,True,767.6206676420635,True,287.8577503657733,True,Cusco
48337,96.45448921365274,True,779.8443020878022,True,292.44161328292546,True,Cusco
48346,75.16582994990813,True,623.1070332521562,True,233.6651374695583,True,Cusco
48351,75.16582994990813,True,623.1070332521562,True,233.6651374695583,True,Cusco
48356,75.16582994990813,True,623.1070332521562,True,233.6651374695583,True,Cusco
48361,68.48663130280258,True,581.4357047346459,True,218.03838927549216,True,Cusco
48363,75.16582994990813,True,588.2152273610475,True,220.58071026039286,True,Cusco
48369,47.82705001209751,True,394.0167489773326,True,147.75628086649968,True,Cusco
48376,55.30376986117707,True,480.6135263668465,True,180.23007238756722,True,Cusco
48380,45.40033927960675,True,376.1624174739547,True,141.06090655273292,True,Cusco
48385,51.65968943794415,True,486.62816914896086,True,182.4855634308598,True,Cusco
48387,55.325696808651706,True,519.2419825576059,True,194.71574345910264,True,Cusco
48389,63.4256291769403,True,469.81538172879556,True,176.18076814829848,True,Cusco
48392,55.25659322785138,True,479.3113920305088,True,179.74177201144056,True,Cusco
48396,56.40872174955654,True,468.9904668593923,True,175.87142507227188,True,Cusco
48401,63.17658814440411,True,452.37132722325845,True,169.63924770872225,True,Cusco
48467,103.18257826926948,True,1077.3118837381412,True,403.99195640180255,True,Cusco
48515,69.81218239885266,True,663.6454298957809,True,248.86703621091777,True,Cusco
48519,66.00553999837342,True,471.2310062497207,True,176.71162734364535,True,Cusco
48526,68.01863091435526,True,574.8948896370536,True,215.5855836138949,True,Cusco
48527,68.10630871617523,True,682.036998151422,True,255.76387430678304,True,Cusco
48529,68.27232045597901,True,680.198015181212,True,255.0742556929541,True,Cusco
48532,74.52791211459281,True,597.3931067918571,True,224.0224150469462,True,Cusco
48533,81.18152415430245,True,792.299001771718,True,297.1121256643943,True,Cusco
57538,144.68914385222402,True,1597.730816078964,True,589.9634019823264,True,Cusco
58226,107.37143162064041,True,1257.2210309338375,True,471.4578866001871,True,Cusco
58235,112.60282349251874,True,1383.3884969573796,True,518.7706863590166,True,Cusco
58283,145.66727244756333,True,1266.4127163053113,True,474.90476861449247,True,Cusco
58302,74.63939847886273,True,1034.0339898340605,True,391.1185913034887,True,Cusco
58305,57.910859850197774,True,785.095196311739,True,297.7665437326186,True,Cusco
58310,56.85316298451748,True,766.945581361267,True,290.96043812619183,True,Cusco
58315,60.68053663427281,True,805.6996209067598,True,305.4932029557513,True,Cusco
58325,34.01018198373297,True,531.649446854358,True,202.72438768610115,True,Cusco
58338,71.77217605380334,True,895.884554826299,True,348.89734874756147,True,Cusco
58353,71.40607750364107,True,998.3761664803872,True,377.74690754586123,True,Cusco
58455,45.65407345286306,True,630.3953276341557,True,239.75409297852545,True,Cusco
58487,43.281790215733324,True,537.5054325114876,True,204.92038230752516,True,Cusco
58491,30.96452472364631,True,510.99617837826213,True,194.97941200756526,True,Cusco
58503,56.79996385501485,True,634.85654319272,True,241.4270488129873,True,Cusco
58505,45.72320079169565,True,632.0009909795853,True,240.35621673306156,True,Cusco
58506,45.98822136941507,True,617.5129878556085,True,234.92321556157037,True,Cusco
58508,30.91995723760254,True,514.2496052416957,True,196.19944708135287,True,Cusco
58510,33.63046018902849,True,511.3260937023955,True,195.10313025411523,True,Cusco
58539,29.12861350440451,True,459.2723439478364,True,175.5829740961557,True,Cusco
58557,44.016768802606414,True,709.7307383611972,True,269.5048720011657,True,Cusco
58564,37.79103035939092,True,497.010941860795,True,189.73494831351553,True,Cusco
58582,78.62881563109694,True,901.2953393609106,True,341.3415973760585,True,Cusco
58587,54.27037890982799,True,746.0250461034409,True,283.11523740450684,True,Cusco
58591,75.38605316036293,True,894.1001101492013,True,338.6433864216675,True,Cusco
58601,75.1759604202021,True,952.5839793244143,True,360.5748373623717,True,Cusco
58678,54.24212316048612,True,640.3982061961375,True,245.0851348968211,True,Cusco
58714,44.198287862744,True,534.5896681604755,True,203.82697067589527,True,Cusco
58716,34.1098430347893,True,449.48327870338926,True,172.0172661383598,True,Cusco
58730,43.0534444665418,True,617.2895443913418,True,234.83942426246995,True,Cusco
58732,39.58375920962785,True,583.4620944282859,True,222.1541305263242,True,Cusco
58735,32.269946155588336,True,521.8615380437927,True,199.0539218821392,True,Cusco
58738,53.13260708525736,True,674.1515351096863,True,265.7474663538321,True,Cusco
58762,47.45919044022651,True,601.7271283877523,True,230.58348071867673,True,Cusco
58770,40.139719382142665,True,581.338413529184,True,221.35775018916095,True,Cusco
58823,60.37301797909905,True,800.804593751321,True,303.6575677724621,True,Cusco
58828,72.32561926595686,True,929.6548003021884,True,351.97639522903694,True,Cusco
58839,28.910252783833634,True,467.6683076909249,True,178.73146049981398,True,Cusco
58842,47.82544269644916,True,736.4091034407215,True,290.83052171797493,True,Cusco
58845,77.07491680602517,True,943.9334622447299,True,357.3308934574907,True,Cusco
58846,70.22880320248754,True,883.0791191021742,True,334.5105147790317,True,Cusco
58942,82.46551570721768,True,987.6614060843583,True,373.7288723973523,True,Cusco
58950,35.41456845113289,True,461.2599613911,True,176.34548960618983,True,Cusco
58954,59.45411749361565,True,731.2698937287638,True,287.1668508359859,True,Cusco
58959,67.11392792453917,True,923.2785808147772,True,349.58531292125775,True,Cusco
59002,111.71650645211669,True,1300.4053907921586,True,492.19299146439084,True,Cusco
59021,77.04066230251168,True,977.1338353125263,True,369.78103335791417,True,Cusco
59028,77.16176463262279,True,1068.864953861054,True,404.1802028136116,True,Cusco
59060,27.029288284456012,True,428.1850609196897,True,163.92524296060063,True,Cusco
59063,50.84568797797787,True,708.5767237681895,True,278.65691210077006,True,Cusco
59071,77.20467246119547,True,957.6158252459882,True,372.04657515494625,True,Cusco
59077,71.14021890631157,True,891.6715071763541,True,347.3174558788322,True,Cusco
59117,82.67964089545139,True,1075.348779876967,True,406.6116375695793,True,Cusco
59137,66.08058594010184,True,840.7478893946317,True,318.6363036387045,True,Cusco
59142,30.029988919991688,True,498.4279462619472,True,190.2663249639472,True,Cusco
59208,62.13352771558644,True,789.4953653422746,True,299.4166071190703,True,Cusco
59244,66.898736855249,True,953.8289760285111,True,361.04171112640796,True,Cusco
59249,30.241373593727715,True,469.0122194964902,True,179.2354274269007,True,Cusco
59300,86.81411615610001,True,1118.382715021769,True,422.7493632488791,True,Cusco
59311,39.52953024748137,True,582.1644620081055,True,221.6675183687569,True,Cusco
59312,34.66830011841388,True,449.48476335843594,True,171.91263137513062,True,Cusco
59313,58.64926375521444,True,794.1285743650153,True,301.15406050259736,True,Cusco
59320,95.07875540050199,True,1181.7062563771642,True,446.49569125715254,True,Cusco
59354,87.69726354439591,True,1090.7497093092604,True,412.38698610668945,True,Cusco
59382,68.87061119170038,True,1019.9502654441296,True,385.83719465726574,True,Cusco
59383,68.45197710016186,True,784.4985166453404,True,297.5427888577197,True,Cusco
59391,91.39392745972714,True,1028.4816564161756,True,390.1892795726813,True,Cusco
59399,74.67585664884449,True,1080.217270528134,True,409.59013486466546,True,Cusco
59403,74.67585664884449,True,1034.8732202542708,True,392.586116011967,True,Cusco
59406,61.22508389524868,True,678.5426843939238,True,257.80935176343866,True,Cusco
59433,68.45197710016186,True,842.8194096583509,True,320.9930861951515,True,Cusco
59443,54.561733951543694,True,738.528462925626,True,281.88398117037923,True,Cusco
59452,34.54872535567214,True,549.1736635901339,True,209.29596896201707,True,Cusco
59459,46.76428479898455,True,713.4103461387151,True,270.8847249177346,True,Cusco
59473,30.28469641091963,True,421.3170833175504,True,161.34975135979832,True,Cusco
59475,52.51596562855575,True,691.36773615103,True,264.1987086299058,True,Cusco
59480,54.24212316048612,True,640.3982061961375,True,245.0851348968211,True,Cusco
59483,2.0310130010304,True,17.78860040232001,True,6.669155530554482,True,Cusco
59484,17.119871192545173,True,273.716552828529,True,105.99955242641536,True,Cusco
59496,57.837275988112296,True,640.2459716052883,True,244.66191762909952,True,Cusco
59505,27.16899194988206,True,287.42669045737057,True,108.39012177971387,True,Cusco
59511,34.50974473652953,True,301.46448570474934,True,113.65429499748099,True,Cusco
59517,47.87124012072866,True,413.51396978303353,True,165.58282102109953,True,Cusco
59527,0.32084443334145013,True,4.0695238343359925,True,1.5260714378759974,True,Cusco
59531,48.20480436984349,True,519.1725336082603,True,197.93424744643391,True,Cusco
59534,42.60313025490028,True,602.6011975937397,True,225.97544909765227,True,Cusco
59535,16.79794332963531,True,135.3661245856398,True,45.928514121079495,True,Cusco
59536,4.363764759270907,True,39.69599498288083,True,14.88599811858031,True,Cusco
59541,4.627528693607834,True,51.29420651215199,True,19.235327442056974,True,Cusco
59543,4.854747842010561,True,39.75182813486605,True,14.90693555057476,True,Cusco
59546,5.838296397659753,True,56.92796676071047,True,21.347987535266405,True,Cusco
59554,33.267234334684936,True,239.4508378066804,True,89.74930667735238,True,Cusco
59565,2.0290784424476196,True,18.013966439640914,True,6.755237414865342,True,Cusco
59567,59.925825692214936,True,500.47676532339887,True,188.31761864118977,True,Cusco
59588,53.45674741797268,True,593.8361538676328,True,223.32738934527788,True,Cusco
59593,65.71273410656192,True,578.1981557958617,True,216.82430842344857,True,Cusco
59597,115.63002728395688,True,1032.1486399771925,True,404.8871855910358,True,Cusco
59599,69.6366665921823,True,565.5151712835562,True,212.70702087624895,True,Cusco
59613,55.35905442244338,True,530.1051570587543,True,198.7894338970328,True,Cusco
59622,58.9270685564104,True,503.42827615013545,True,189.29552794797846,True,Cusco
59660,72.67010117976135,True,618.2851073136651,True,249.68836084221388,True,Cusco
59668,51.709262131534835,True,657.3850922950683,True,247.99662944333585,True,Cusco
59674,45.61870297393242,True,620.9716008575459,True,234.34157015426536,True,Cusco
59693,50.27295791757452,True,652.1659980949951,True,246.03946911830872,True,Cusco
59701,65.65790706325787,True,540.3718393525149,True,220.47088535678276,True,Cusco
59704,51.037875984062175,True,472.1751916944148,True,177.06569688540569,True,Cusco
59728,2.7465678330933607,True,14.944647619824739,True,5.604242857434276,True,Cusco
59729,35.41112238824767,True,340.35323500142556,True,128.27129477045003,True,Cusco
59734,1.4988348575085644,True,7.151571626886318,True,3.3788024127227185,True,Cusco
59735,0.825207675986565,True,14.143967334122816,True,3.2323191365886883,True,Cusco
59737,0.5667084568119514,True,6.915181711904504,True,2.5931931419641883,True,Cusco
59738,5.389057586023938,True,49.0616609753777,True,18.412128582537623,True,Cusco
59739,1.036712476582328,True,11.61379328254455,True,3.3819309009297114,True,Cusco
59740,1.554041011879835,True,12.40502964138785,True,5.1177394385559705,True,Cusco
59741,2.937109716252773,True,43.46826190933761,True,16.832549888305795,True,Cusco
59742,1.5011976173911556,True,9.934052148022726,True,4.471692973309167,True,Cusco
59743,2.607874782191654,True,41.63917894233139,True,16.146643775678463,True,Cusco
59745,1.554041011879835,True,12.402643691862213,True,5.1177394385559705,True,Cusco
59746,2.3752087889622118,True,31.11833752518415,True,12.201328244248243,True,Cusco
59747,4.158099905127186,True,31.85357521877568,True,13.471306158382715,True,Cusco
59748,4.218611008750378,True,17.387861532751753,True,9.70411190248652,True,Cusco
59750,2.2558926441795495,True,13.427547104518053,True,5.78939743992277,True,Cusco
59751,0.4218976309842328,True,3.289972388614361,True,1.2337396457303853,True,Cusco
59752,2.6447430413789017,True,29.298459392277167,True,10.989373084271875,True,Cusco
59753,0.6982001851163635,True,8.395205789597373,True,2.8269127959304017,True,Cusco
59754,1.871922267496075,True,25.934413628513422,True,10.984454325623613,True,Cusco
59755,0.935909295420623,True,6.5869980595357225,True,2.4701242723258963,True,Cusco
59756,3.6416877494539803,True,47.03875126788292,True,19.635356532031263,True,Cusco
59757,1.3316469287212802,True,7.102618067513594,True,2.663481775317598,True,Cusco
59758,2.2907373670947977,True,14.95354459482232,True,5.965313643183767,True,Cusco
59760,1.7315182409838041,True,17.324061491882027,True,6.49652305945576,True,Cusco
59761,3.1799355260686615,True,39.78321864418406,True,16.394801592655003,True,Cusco
59762,49.537776064502296,True,576.8843048612451,True,225.30872445142774,True,Cusco
59767,8.553666090526303,True,103.71513799248979,True,38.31815130407249,True,Cusco
59768,4.807631511286607,True,55.47979281443165,True,22.956331508728592,True,Cusco
59769,10.379567079199395,True,59.68545284325297,True,26.358143663711385,True,Cusco
59778,24.133443088771383,True,393.60046481803073,True,150.95601942247842,True,Cusco
59782,18.676882676600904,True,297.50052127511503,True,114.91854059388503,True,Cusco
59785,40.93670494033136,True,410.77667058042266,True,163.9480169097372,True,Cusco
59802,33.544467764286956,True,419.7266451250053,True,160.75333703759418,True,Cusco
59812,5.956146005188951,True,48.47692546521137,True,24.812948409356988,True,Cusco
59815,47.22565601285083,True,452.3941328702165,True,174.13566617783601,True,Cusco
59816,49.902298706677655,True,421.7854997541572,True,158.774675266009,True,Cusco
59826,42.034936974298155,True,468.24059227426307,True,180.15990037996482,True,Cusco
59828,35.8898689867869,True,348.4878812774222,True,135.1708218305381,True,Cusco
59836,8.676967330455232,True,116.03498046338154,True,44.151949318683435,True,Cusco
59839,58.52948306384562,True,580.3787043254154,True,229.05747305836675,True,Cusco
59844,31.205002813207184,True,421.2264713806765,True,157.95992676775356,True,Cusco
59851,63.61363375886767,True,636.7433280822414,True,250.19420696717626,True,Cusco
59862,43.9455165673879,True,415.08134075427864,True,155.6555027828544,True,Cusco
59863,57.29612253089229,True,460.1850167413632,True,193.97849343189884,True,Cusco
59879,53.113069867758135,True,645.2090519782632,True,241.95339449184814,True,Cusco
59913,40.95168689481449,True,381.81656661457356,True,143.18121248046518,True,Cusco
59917,54.53915708845087,True,529.3257500070681,True,204.60168611308947,True,Cusco
59932,39.29464259610359,True,325.0189538256232,True,122.5209393295242,True,Cusco
59946,12.549365356029876,True,180.24608343374896,True,67.59228128765582,True,Cusco
59948,8.712387069299009,True,148.8888616019071,True,55.83332310071521,True,Cusco
59949,22.95424219856318,True,257.03729515294566,True,96.38898568235442,True,Cusco
59950,10.493761588147935,True,180.5577419369992,True,67.7091532263747,True,Cusco
59952,46.019707818415554,True,529.9575122680667,True,202.67150988729475,True,Cusco
59955,49.590678884240496,True,393.9509919565619,True,149.83866968526843,True,Cusco
59957,51.82072597015725,True,377.23865413470645,True,143.57154300207267,True,Cusco
59968,102.69003370227706,True,761.4281847314894,True,291.640099134748,True,Cusco
59970,118.4623139853824,True,1163.2745863101748,True,442.33249972675554,True,Cusco
59974,20.119175677103517,True,320.3115881962334,True,123.4726906893044,True,Cusco
59975,24.797368117786956,True,396.38494966298055,True,152.0002012393346,True,Cusco
59980,11.467943370653284,True,85.94798455020594,True,32.18573670617446,True,Cusco
59981,20.177044308558035,True,154.56979480425517,True,57.96367305159574,True,Cusco
59983,32.8213340350593,True,153.65197827622316,True,62.107358205088666,True,Cusco
59984,8.201073965096223,True,66.30491461134793,True,25.274421300029676,True,Cusco
59986,11.76486737304466,True,85.41502571910081,True,31.98587714451002,True,Cusco
59987,5.440649814650787,True,45.67232168276588,True,23.35087058934735,True,Cusco
59988,7.875273865122214,True,63.29087052952391,True,23.73407644857144,True,Cusco
59990,13.288510498243289,True,66.62192597026934,True,24.983222238850995,True,Cusco
59991,3.9652462740943024,True,32.13895647358076,True,12.059543287762951,True,Cusco
59992,4.238545139497345,True,40.622470454132525,True,15.233426420299686,True,Cusco
59994,4.904625879781225,True,37.94156708497711,True,14.228087656866423,True,Cusco
59995,6.070382748408574,True,47.12999174821048,True,20.800155270031947,True,Cusco
59996,3.851479649039965,True,33.40064608213927,True,13.164073925717586,True,Cusco
59997,4.458869884894097,True,34.38743319886019,True,13.500400307772518,True,Cusco
59998,3.753817084012023,True,31.827905342245508,True,12.286848157434942,True,Cusco
60000,14.223160701365591,True,155.32578776689354,True,58.28021151631993,True,Cusco
60001,3.066877239656591,True,45.35955398831585,True,17.009832745618457,True,Cusco
60011,0.6798127842025988,True,8.669002545623494,True,3.56493049471623,True,Cusco
60012,1.0298481987989037,True,7.538310669879242,True,2.8268665012047154,True,Cusco
60015,3.104980765083197,True,40.329763804194414,True,17.01997617285781,True,Cusco
60016,2.34568703736079,True,10.555550659076491,True,6.392137583899162,True,Cusco
60017,4.331467694252432,True,43.49775192041663,True,16.20881630801365,True,Cusco
60020,3.4857926923690123,True,16.608191247006665,True,9.08431303200944,True,Cusco
60021,2.046164626345977,True,17.611992473961035,True,6.604497177735388,True,Cusco
60022,1.6414349528837213,True,12.25943089099109,True,4.59728658412166,True,Cusco
60023,1.4479255486306115,True,10.646008782825874,True,3.990683673244182,True,Cusco
60024,3.643626769249075,True,39.75912041386845,True,15.44162182750486,True,Cusco
60025,1.4782359331672492,True,4.804288982841611,True,3.9150539004055824,True,Cusco
60026,3.7995655050453405,True,58.55650513282329,True,21.38366398169755,True,Cusco
60027,4.869875353310767,True,42.453709349350085,True,18.590353040966683,True,Cusco
60029,1.4572233901729528,True,10.62419260200544,True,3.772186328354452,True,Cusco
60030,1.9401966539994588,True,18.44842003590791,True,6.918157513465465,True,Cusco
60031,1.9285542793231316,True,29.432915358613904,True,11.552719616925545,True,Cusco
60032,1.221686312781088,True,7.7322388940312665,True,3.6163008818106985,True,Cusco
60033,1.4370372224185988,True,8.341969954079321,True,3.3566852283240562,True,Cusco
60034,0.07159481614405055,True,2.934974283724238,True,0.4161736300899212,True,Cusco
60035,2.2382966110526015,True,27.459197916554313,True,10.297199218707863,True,Cusco
60036,2.3607326754760156,True,18.6909095633104,True,7.0090910862413995,True,Cusco
60037,1.3217565352275713,True,11.14100450623633,True,4.273046895235094,True,Cusco
60038,2.5829256563114535,True,15.528425564698614,True,6.102515990290029,True,Cusco
60039,5.5970411970561775,True,56.920643463622056,True,21.46302450514439,True,Cusco
60040,3.1530130114439445,True,26.526304670694184,True,10.599995104071635,True,Cusco
60041,2.4934103821900626,True,27.412027422012976,True,10.279510283254863,True,Cusco
60042,2.8955371489048556,True,26.558995989364178,True,9.957538771449617,True,Cusco
60043,0.2721432399471598,True,1.854296669016556,True,0.6953612508812086,True,Cusco
60044,1.1004873377701228,True,6.752864268959764,True,2.532324100859912,True,Cusco
60045,3.599098939999483,True,14.50566588206967,True,8.413461759255487,True,Cusco
60046,1.9100282407021474,True,15.097042204098592,True,6.193342498841158,True,Cusco
60047,4.535521592422113,True,24.990301053811194,True,16.478187172830747,True,Cusco
60048,1.1845291292483893,True,9.432605064698182,True,4.011629137542497,True,Cusco
60049,2.073322434185461,True,17.14047579332478,True,6.248485397980722,True,Cusco
60050,2.135424665174926,True,27.3433283262717,True,10.253748122351881,True,Cusco
60053,0.9925848648130451,True,7.857167437581535,True,2.3626445579799564,True,Cusco
60054,3.400412657934025,True,46.04216714090012,True,17.79776435014174,True,Cusco
60055,0.7952334976559928,True,6.589302662078591,True,2.4709884982794716,True,Cusco
60056,1.8311068438677331,True,17.474130722712495,True,6.552799021017182,True,Cusco
60057,3.4868494247320947,True,50.024221806258524,True,18.380465833069145,True,Cusco
60058,1.6261370786582325,True,19.808582774844197,True,8.69628674484158,True,Cusco
60059,1.2248628472861867,True,6.213987403618785,True,4.2206567462694675,True,Cusco
60060,2.524603609401807,True,26.31011072505088,True,9.86629152189408,True,Cusco
60061,3.4461357931277092,True,12.396377440441599,True,7.930480349973961,True,Cusco
60062,1.1545585237758265,True,12.727568573357276,True,4.77283821500898,True,Cusco
60063,3.8168864778418237,True,48.35591058483234,True,18.665418141616318,True,Cusco
60064,1.0123473534846157,True,5.6294398662847085,True,2.8138736108272613,True,Cusco
60065,1.97754522739363,True,12.91836302353615,True,4.841306763377896,True,Cusco
60066,2.410619096601664,True,24.958879497262807,True,9.35957981147355,True,Cusco
60067,0.702798235480895,True,8.48343882598124,True,3.172159727523278,True,Cusco
60068,2.8793404986886384,True,32.41155315729844,True,14.06626128579805,True,Cusco
60069,3.41404768035714,True,26.895104775305168,True,10.085664290739436,True,Cusco
60070,2.9801113248955735,True,24.760709983989138,True,9.666816158380756,True,Cusco
60071,1.3212805672041343,True,13.922564662394516,True,5.211831916178256,True,Cusco
60072,1.5488282456648934,True,14.408059227201708,True,4.448838753185057,True,Cusco
60073,3.524011834384672,True,26.052151130958723,True,15.54183151047183,True,Cusco
60074,2.2296230771473238,True,14.6140207617808,True,5.8379922057931966,True,Cusco
60075,0.8734847630199757,True,7.024031914100719,True,2.6340119677877687,True,Cusco
60076,0.8205999310642546,True,9.46186797592838,True,3.548200490973142,True,Cusco
60077,1.9116544870289147,True,26.622332382826592,True,9.983374643559975,True,Cusco
60078,0.7825706708855262,True,6.761962584126797,True,2.5357359690475483,True,Cusco
60079,1.8399865162912827,True,16.934069463763922,True,6.35027604891147,True,Cusco
60080,2.9250983799978685,True,20.03364363951793,True,7.5656638175705515,True,Cusco
60081,4.660792497729953,True,39.62650224439086,True,14.702651227690316,True,Cusco
60082,2.1051774704510517,True,12.1324035150845,True,4.586577084201059,True,Cusco
60083,1.1148992219475522,True,15.280716064654566,True,5.73026852424546,True,Cusco
60084,3.4161139411211447,True,30.225049276863455,True,12.489540564356044,True,Cusco
60085,2.633524223423042,True,19.664095377324493,True,8.370300754970717,True,Cusco
60086,22.092856350551628,True,291.42795160209624,True,111.28130665736141,True,Cusco
60087,42.187567730568794,True,369.3479000209633,True,139.11057536606143,True,Cusco
60088,5.151416813837898,True,90.79330944106083,True,37.17389940485086,True,Cusco
60089,2.10871435925113,True,17.785373452481135,True,6.61637100281691,True,Cusco
60091,4.163765710677737,True,49.30417952058756,True,21.22534554043532,True,Cusco
60093,2.2124528566405948,True,20.758600655152225,True,8.41155865088556,True,Cusco
60094,2.6402212835414702,True,19.463778827450636,True,7.298917060293989,True,Cusco
60095,1.711384443823598,True,13.889636624807341,True,5.2086137343027525,True,Cusco
60096,3.353035997877702,True,33.23342026171494,True,12.464983410311044,True,Cusco
60097,4.17566194928923,True,34.24632592477681,True,13.993355818336575,True,Cusco
60098,2.868032932977736,True,33.36597171341131,True,13.137761479436781,True,Cusco
60099,3.5206342537738555,True,39.14649888529008,True,14.679937081983779,True,Cusco
60100,3.9196024618254843,True,34.68712570453125,True,13.459898552787104,True,Cusco
60101,2.6353232397637,True,26.300525211163524,True,9.862696954186323,True,Cusco
60102,1.2914068093289492,True,11.642770258456753,True,4.366038846921283,True,Cusco
60105,28.87447060432119,True,318.63695861362834,True,122.84470459582764,True,Cusco
60108,24.237543877122636,True,355.0217396813266,True,136.48899749621452,True,Cusco
60109,20.995310118689,True,326.46529415524475,True,125.78033042393385,True,Cusco
60110,18.282290236152253,True,293.4669836345296,True,113.40596397866565,True,Cusco
60114,19.5218999021827,True,304.5605011047702,True,117.56603303000576,True,Cusco
60117,27.242482865209375,True,343.65470030591933,True,132.2263577304369,True,Cusco
60119,29.912849722481912,True,357.18726587851165,True,143.81585838603712,True,Cusco
60120,19.093674607125017,True,285.78559802933216,True,110.52544437671655,True,Cusco
60123,24.661326759540845,True,283.04102323039353,True,109.49622882711493,True,Cusco
60127,11.982186589994447,True,156.9424486566002,True,62.20926336194223,True,Cusco
60131,10.67758352369412,True,161.94439948128996,True,64.08499492120093,True,Cusco
60135,32.04344401518102,True,383.3153914306756,True,147.09911690222063,True,Cusco
60136,28.051619255775936,True,353.7062168782181,True,135.99567644504907,True,Cusco
60138,18.348404892136312,True,291.90432484212255,True,112.81996693151288,True,Cusco
60153,47.17549136913162,True,394.61223836130324,True,159.3950483218243,True,Cusco
60155,36.77630210982373,True,198.44666461144791,True,74.41749922929309,True,Cusco
60166,13.375271727029991,True,152.22314803179995,True,57.72251215684037,True,Cusco
60168,10.88440855607249,True,103.8421948190019,True,39.57965470204108,True,Cusco
60170,6.80257808731505,True,91.92331160248676,True,33.896216407821335,True,Cusco
60174,14.264327399803914,True,123.42858931564452,True,46.28572099336671,True,Cusco
60175,10.036708613303027,True,116.91714548505905,True,43.87697066063201,True,Cusco
60177,3.6188488124495777,True,42.38698488600539,True,15.895119332252024,True,Cusco
60182,54.91683890815245,True,717.5146353203226,True,280.4834471814568,True,Cusco
60188,60.918238688835,True,486.1774480766766,True,182.31654302875387,True,Cusco
60200,49.107149991655454,True,641.8032609757144,True,242.1534426985785,True,Cusco
60204,19.444154313378128,True,288.30214288187864,True,108.11330358070445,True,Cusco
60206,5.859686680264003,True,96.29333597060553,True,36.11000098897709,True,Cusco
60213,2.200894191455803,True,33.20885921773438,True,12.453322206650393,True,Cusco
60216,1.9478066988937637,True,18.674762978391133,True,7.003036116896672,True,Cusco
60217,1.9863317721405633,True,16.40208820740959,True,6.150783077778597,True,Cusco
60220,0.8074404871325733,True,4.584478353480971,True,1.6821676815261943,True,Cusco
60221,1.9712931941990033,True,18.060191733947295,True,6.772571900230235,True,Cusco
60223,25.56644925278643,True,311.25864713498726,True,120.4935192885467,True,Cusco
60232,23.929319423017127,True,175.78734374215773,True,76.6752754611747,True,Cusco
60234,8.465222903447962,True,118.64545915581951,True,47.84789229914951,True,Cusco
60235,6.7641195198223825,True,87.36556103494178,True,36.117930503820375,True,Cusco
60236,5.725158834074652,True,76.46002864873937,True,32.028355858994466,True,Cusco
60237,4.815811481925182,True,59.914076572628986,True,25.82362383045306,True,Cusco
60238,6.223472453579948,True,75.36092520686962,True,30.256171759151282,True,Cusco
60240,3.955576668280707,True,45.32129962035531,True,16.995487357633227,True,Cusco
60241,14.944036626062092,True,142.99649924507867,True,53.623687216904536,True,Cusco
60242,12.936115426980416,True,199.93735440791775,True,74.97650790296917,True,Cusco
60243,20.334925747523993,True,100.02604643066368,True,37.509767411498885,True,Cusco
60244,7.7140679154276794,True,75.11277027831348,True,28.772401712567508,True,Cusco
60245,5.727151394419468,True,43.10780746681497,True,16.770540658255563,True,Cusco
60246,6.833077551470406,True,55.39587587849207,True,21.378566312634476,True,Cusco
60247,4.909838077341447,True,67.77418975817346,True,25.415321159315035,True,Cusco
60249,4.321973520744852,True,51.25712902756314,True,21.217248191911338,True,Cusco
60250,4.794891330041291,True,43.74944098024309,True,17.93225581893299,True,Cusco
60251,0.9251877005594655,True,6.775896724388942,True,3.4518923482092143,True,Cusco
60252,2.7404954309261123,True,20.148709284093297,True,7.555765981534985,True,Cusco
60253,1.592019022853951,True,5.078242155014743,True,4.683326801536433,True,Cusco
60255,7.485695929661286,True,60.56189275641933,True,29.28467021130664,True,Cusco
60256,5.814632802619843,True,25.83167035226939,True,16.338995942785512,True,Cusco
60258,3.4541125407536257,True,33.041039068782965,True,12.390389650793614,True,Cusco
60259,0.9254836543248549,True,6.387556903713541,True,2.395333838892577,True,Cusco
60260,3.3650293756470124,True,35.56567018597233,True,14.173170734997772,True,Cusco
60261,1.1195770760423538,True,1.5266189786361066,True,2.496110331710898,True,Cusco
60262,0.885097155985674,True,12.847995587310647,True,3.4270080062336223,True,Cusco
60268,23.331017391366128,True,391.31025755832616,True,146.7413465843724,True,Cusco
60276,33.67875714439228,True,477.1025928628145,True,178.9134723235556,True,Cusco
60278,20.39251165963151,True,128.35093352084323,True,49.141996721483004,True,Cusco
60279,19.893193583105994,True,142.86843527214248,True,54.5860598782202,True,Cusco
60280,17.303637970079215,True,135.22140002302777,True,51.31313786683539,True,Cusco
60281,16.13643788712754,True,126.50995199634258,True,48.04634485682845,True,Cusco
60285,18.759985491617496,True,93.50221922718467,True,41.468270907524236,True,Cusco
60286,9.595115892129146,True,62.89393345166933,True,24.595621695542828,True,Cusco
60287,19.897130548153495,True,161.60512114011212,True,68.90693750482981,True,Cusco
60289,47.498291082839735,True,410.2720441956973,True,155.91026987426446,True,Cusco
60292,46.71414911510454,True,424.1389619474673,True,161.15915843185778,True,Cusco
60294,43.98610440828588,True,461.6538644757321,True,175.12694664178494,True,Cusco
60295,45.80175009615735,True,458.3234092085565,True,173.87802591659408,True,Cusco
60296,42.64738942653278,True,471.3220403010498,True,178.74158991946908,True,Cusco
60299,43.79353301267873,True,483.0165548835935,True,183.12703288792304,True,Cusco
60301,44.5930829168566,True,496.18303303364723,True,188.06446219419323,True,Cusco
60303,45.18063199453811,True,523.57206477171,True,198.33534909596676,True,Cusco
60304,50.829197152915164,True,579.7603569074524,True,226.27412729000443,True,Cusco
60307,34.77807086164057,True,402.71995072787075,True,154.3758266386687,True,Cusco
60310,21.209136636319336,True,286.11472388484447,True,109.28884626339193,True,Cusco
60311,22.5722901529524,True,265.7378700227906,True,104.13956761005147,True,Cusco
60313,30.47777748725415,True,210.84191282705459,True,83.55358366165046,True,Cusco
60314,31.192863473767577,True,204.48559294693533,True,81.16996370660573,True,Cusco
60318,22.49597300499627,True,237.32876989918654,True,90.99411351877025,True,Cusco
60322,20.25111832243612,True,271.2985562715575,True,103.73278340840936,True,Cusco
60324,17.102901480902457,True,259.77795613071453,True,100.77257866473522,True,Cusco
60326,21.991140857319692,True,279.5070197325414,True,106.81095720627832,True,Cusco
60330,43.115359430180646,True,477.23080905586977,True,180.57485567732346,True,Cusco
60338,37.29950711928823,True,439.0900232940042,True,168.01460385096897,True,Cusco
60339,36.90641308303527,True,411.2076500934934,True,157.55871390077692,True,Cusco
60340,3.9965574244163813,True,32.47164318023129,True,12.176866192586738,True,Cusco
60344,2.08742349541057,True,24.26949734731571,True,9.111881590147231,True,Cusco
60346,0.9885774760806718,True,6.212711263356507,True,4.5307366714852115,True,Cusco
60347,2.02579195951273,True,9.015108727935099,True,4.859159050703292,True,Cusco
60348,0.8466832051196059,True,8.582930828211273,True,3.218599060579228,True,Cusco
60349,0.9949009936347005,True,6.614516620277721,True,3.0789504474274114,True,Cusco
60350,2.740643513003797,True,24.734190082826895,True,9.74089198232133,True,Cusco
60351,0.853243314062552,True,,False,2.1351150736002333,True,Cusco
60357,66.48925901646786,True,584.5838237506983,True,219.21893390651198,True,Cusco
60364,11.579192382203173,True,128.86877760934343,True,51.681636719221096,True,Cusco
60366,8.215466973939764,True,71.94384082528278,True,27.584053167680985,True,Cusco
60373,70.1868307101273,True,590.6932132066197,True,239.34140055207183,True,Cusco
60384,13.22382702900675,True,134.84098765571937,True,50.598411474629614,True,Cusco
60386,10.431461010164105,True,108.76057268792056,True,40.8182558617051,True,Cusco
60387,2.3204851183034756,True,24.767407964911587,True,9.28777798684184,True,Cusco
60391,6.573390754273309,True,50.82009412205147,True,25.666063552256166,True,Cusco
60408,59.894306596847535,True,576.8947827140668,True,220.82340986927983,True,Cusco
60412,39.583256396648615,True,436.70750746232244,True,168.25318164987576,True,Cusco
60433,26.835285207140178,True,246.9143843435343,True,92.59289412882522,True,Cusco
60436,73.27067973542303,True,640.2214698952713,True,246.18758107116633,True,Cusco
60441,3.3705700556561724,True,51.037926864289346,True,19.139222574108505,True,Cusco
60447,42.42489960256134,True,441.61109234774744,True,177.3051089903318,True,Cusco
60456,48.23786520219263,True,448.3409383312448,True,168.12785187421667,True,Cusco
60464,33.946343413865534,True,220.71775317030955,True,117.55309995631069,True,Cusco
60475,6.671200119749934,True,59.367086265458525,True,28.48640730785709,True,Cusco
60476,23.220182762532993,True,394.0019091008955,True,147.75071591283586,True,Cusco
60481,59.54235687755579,True,381.9512253436415,True,169.0157483961507,True,Cusco
60482,59.60011638707865,True,651.904280839704,True,249.03378359200536,True,Cusco
60483,61.62038728510401,True,647.3525693618391,True,247.32689178780603,True,Cusco
60485,3.0326131359348003,True,26.264216466364466,True,10.453354257533869,True,Cusco
60486,51.88642401044499,True,378.5360474210202,True,143.9468425894582,True,Cusco
60489,4.487435908141181,True,37.40190935072613,True,15.551931457864134,True,Cusco
60490,2.515285592091608,True,32.98197023548433,True,12.90019051061081,True,Cusco
60492,45.27273037366868,True,512.4373244978302,True,194.1811242759831,True,Cusco
60496,49.41298009776878,True,463.68002862131283,True,178.36787708449756,True,Cusco
60502,11.136311525515175,True,131.16088646887022,True,49.82416407074172,True,Cusco
60530,58.39371976725157,True,512.2832236030725,True,192.10620885115256,True,Cusco
60540,42.92713647867028,True,366.8851479938978,True,138.22076214262694,True,Cusco
60558,33.29623759390425,True,476.4859967716585,True,178.682248789372,True,Cusco
60574,38.26618207570669,True,452.52407303915686,True,169.69652738968352,True,Cusco
60577,38.04132558361956,True,450.525348665049,True,168.94700574939307,True,Cusco
60584,10.52588703215349,True,130.1022979094286,True,48.821402819770604,True,Cusco
60589,6.652888995599219,True,112.2755625139108,True,42.10333594271658,True,Cusco
60590,9.605514119949357,True,113.08430554413759,True,42.439655682786466,True,Cusco
60593,12.951129939104383,True,137.26496178818488,True,51.50740177430418,True,Cusco
60597,36.839525973958665,True,173.51279532366132,True,65.06729824637303,True,Cusco
60598,5.7548538120904515,True,72.5928219286862,True,29.484914066209885,True,Cusco
60604,34.78162335906934,True,421.55021778015816,True,158.08133166755908,True,Cusco
60609,30.54014025155725,True,449.5529531668561,True,168.58235743757118,True,Cusco
60625,26.608471191123247,True,417.63782355872365,True,156.6141838345213,True,Cusco
60631,24.576362281754385,True,407.23575167059573,True,152.71340687647347,True,Cusco
60638,55.955763836438294,True,501.6152450895281,True,188.105716908573,True,Cusco
60643,39.939610839204335,True,298.58579277246633,True,112.60850393459008,True,Cusco
60653,24.999971289350132,True,400.30700683612605,True,150.11512756354736,True,Cusco
60660,25.564682183042386,True,405.061879373133,True,151.89820476492503,True,Cusco
60669,27.29065353252391,True,425.53024076039884,True,159.57384028514969,True,Cusco
60673,44.82015172639773,True,401.54091889359125,True,164.74869366916036,True,Cusco
60676,21.5075736302378,True,374.2452899066678,True,140.3419837150005,True,Cusco
60680,27.88542909696148,True,425.226405001321,True,159.45990187549538,True,Cusco
60684,21.098634767242515,True,364.65933134675936,True,136.7472492550349,True,Cusco
60694,16.26841054050865,True,139.34018744192224,True,52.217044184482525,True,Cusco
60700,26.53067240076518,True,116.46041318875152,True,44.683051596948616,True,Cusco
60703,17.077342312112368,True,176.90361859901577,True,66.97768861954633,True,Cusco
60705,8.099203339409621,True,95.46564778809949,True,35.22459247742611,True,Cusco
60714,37.037857302310286,True,493.45276695744366,True,185.04478760904195,True,Cusco
60716,15.004870507761673,True,107.01504661721424,True,40.085884981302534,True,Cusco
60717,5.079333558741002,True,41.745206513324064,True,15.56304189621013,True,Cusco
60718,7.8554147370899,True,54.172165421768796,True,20.26980453301052,True,Cusco
60719,7.754738398210389,True,53.500989829238726,True,20.018113685811745,True,Cusco
60722,3.8772083817504606,True,31.19480603045865,True,12.079602175806821,True,Cusco
60723,30.328376766146736,True,456.85927887283583,True,177.1497457671925,True,Cusco
60732,28.032418286531406,True,226.23220276917792,True,85.47590768335705,True,Cusco
60741,44.52607310615686,True,501.63164058882796,True,188.11186522081096,True,Cusco
60752,5.778196273369437,True,48.842434701142984,True,24.95001437283134,True,Cusco
60761,26.65419242411377,True,204.48400366326814,True,77.32033301864091,True,Cusco
60764,28.388988929883748,True,208.22564172638087,True,78.72344729230811,True,Cusco
60766,25.250305404336206,True,378.856904807753,True,142.07133930290743,True,Cusco
60773,13.299830161598985,True,114.14277165931706,True,42.80353937224391,True,Cusco
60776,15.54740051218804,True,270.400211697712,True,101.4000793866421,True,Cusco
60783,18.437948108784507,True,185.97432391016326,True,70.37920311122664,True,Cusco
60784,22.918556136602284,True,206.07274054933853,True,77.9161093509173,True,Cusco
60786,19.12460207399105,True,148.7228935011052,True,55.7710850629145,True,Cusco
60791,14.706437579131364,True,161.0975870458091,True,61.050426787093805,True,Cusco
60792,28.270288256890883,True,217.13270535396174,True,81.38000700758289,True,Cusco
60793,32.31361922697847,True,438.004911053201,True,164.25184164495016,True,Cusco
60794,19.201426197470386,True,161.67604674378455,True,60.628517528919325,True,Cusco
60795,15.744860368894285,True,134.95323471165202,True,50.607463016869566,True,Cusco
60796,13.757062894251971,True,154.76842247994648,True,58.67699007489533,True,Cusco
60803,12.665770143460012,True,206.71272875762244,True,77.51727328410847,True,Cusco
60804,15.057282870987354,True,133.93883436020647,True,50.22706288507744,True,Cusco
60805,15.757298933349823,True,130.0156538308762,True,48.755870186578605,True,Cusco
60807,11.51476484538652,True,192.80121705952214,True,72.30045639732081,True,Cusco
60814,19.029743806404884,True,131.25402182310305,True,49.175500683510904,True,Cusco
60816,1.7266340276873682,True,12.59975670584368,True,5.097016023635415,True,Cusco
60822,24.950345722199398,True,312.6989760699291,True,120.61796114194073,True,Cusco
60823,20.923341698049036,True,261.6211768106493,True,101.46378641971049,True,Cusco
60824,17.14426491140715,True,179.8841099470455,True,69.05367040482007,True,Cusco
60825,15.129818507258648,True,131.40905737740198,True,49.2783965165258,True,Cusco
60828,43.95564173653516,True,389.0163095727346,True,155.7878815318539,True,Cusco
60832,9.731776841820352,True,159.9587600864191,True,59.98453503240719,True,Cusco
60835,11.699443738482833,True,114.15567357770759,True,42.80837759164032,True,Cusco
60836,14.363642589865744,True,177.031096526482,True,66.38666119743078,True,Cusco
60838,8.431865009466122,True,95.10159958821609,True,36.30193149049642,True,Cusco
60844,12.892074198823602,True,117.31689491419179,True,43.99383559282193,True,Cusco
60846,14.488809260641116,True,191.89619919072408,True,71.96107469652154,True,Cusco
60847,2.672140506401679,True,40.330417822395354,True,15.123906683398253,True,Cusco
60848,2.6993379192172697,True,41.461458923475895,True,15.512616506448131,True,Cusco
60851,10.90961775074272,True,59.15437614757825,True,22.18289105534184,True,Cusco
60852,12.620143157810874,True,175.63001919341116,True,65.86125719752918,True,Cusco
60854,8.876841105796181,True,92.68904231746693,True,35.39722251396545,True,Cusco
60857,12.32583835555057,True,100.11440091075934,True,37.542900341534775,True,Cusco
60858,15.507648364500715,True,138.73717616655068,True,51.990914956218184,True,Cusco
60860,14.199637446081931,True,108.29573597994838,True,40.57537488624244,True,Cusco
60861,13.24512607448965,True,127.64368293048143,True,47.83085499269225,True,Cusco
60862,5.83224146471656,True,60.43995232488855,True,23.303813766748565,True,Cusco
60864,7.300123613460597,True,114.20144032244411,True,42.825540120916564,True,Cusco
60865,32.09353030474598,True,317.9658825274979,True,119.23720594781147,True,Cusco
60867,6.990450454448944,True,87.22818880558606,True,33.34940244701013,True,Cusco
60870,9.231742768825772,True,83.33618037128993,True,31.215541532995495,True,Cusco
60872,35.42652302982953,True,435.5055337043489,True,173.221340581209,True,Cusco
60873,11.277912021359098,True,130.07431714937456,True,48.777868931015476,True,Cusco
60874,21.72477669222845,True,366.4222477813181,True,137.40834291799436,True,Cusco
60883,17.298394603272314,True,149.1026211894374,True,56.51859580423902,True,Cusco
60885,7.295781960889261,True,105.55125157617398,True,39.581719341065266,True,Cusco
60887,12.144598545258814,True,123.98846188876249,True,46.52871431202079,True,Cusco
60889,13.55033772886716,True,146.3540371354965,True,54.882763925811204,True,Cusco
60891,9.052220719566039,True,115.25334193466453,True,43.22000322549921,True,Cusco
60892,32.422659641712265,True,320.1600781072731,True,120.06002929022719,True,Cusco
60893,5.948698524998948,True,58.84961702527669,True,22.03308027824052,True,Cusco
60894,4.825998634988841,True,50.429866325915455,True,18.911199872218287,True,Cusco
60896,5.584659403137705,True,59.802035041306354,True,22.42576314048988,True,Cusco
60897,5.13581824783541,True,94.13865500226194,True,38.428403990301256,True,Cusco
60900,4.16919760828647,True,43.88259516723212,True,16.455973187712036,True,Cusco
60901,7.9875465080411185,True,81.74926393581651,True,30.080948532820006,True,Cusco
60902,6.628045962685394,True,93.0189053311081,True,38.00849786361856,True,Cusco
60903,6.991733676806064,True,52.594441743011444,True,20.320456727082696,True,Cusco
60904,4.383870024104889,True,42.92919697276815,True,16.73728050970342,True,Cusco
60913,25.967378198311987,True,313.84020524585947,True,119.6859017737724,True,Cusco
60919,40.77508463436219,True,397.4295996768375,True,153.68613645361165,True,Cusco
60921,4.43898099239876,True,38.9566715055802,True,14.608751814592571,True,Cusco
60922,4.43898099239876,True,39.81504964501002,True,14.930643616878752,True,Cusco
60923,9.806554418714887,True,63.820124582366795,True,24.39620695049427,True,Cusco
60926,4.466875995808169,True,37.58257990183736,True,14.093467463189004,True,Cusco
60928,10.857402001336133,True,79.07332993410972,True,30.143772216340498,True,Cusco
60930,2.4561789592858814,True,30.316133654346842,True,11.368550120380059,True,Cusco
60933,31.049669442884852,True,305.0313624068446,True,116.34355402677096,True,Cusco
60935,28.137906992557095,True,233.00418262048711,True,87.37656848268261,True,Cusco
60938,5.769848977471095,True,53.40288387282681,True,20.026081452310038,True,Cusco
60944,14.363452617095865,True,72.25350280106757,True,50.99268874474784,True,Cusco
60949,14.58405844373835,True,71.14401591333018,True,48.98232564122686,True,Cusco
60953,10.716139058451981,True,78.5224945840046,True,29.44593546900173,True,Cusco
60956,31.59252636617045,True,466.3367132885368,True,184.78303292527963,True,Cusco
60958,29.70098675305831,True,246.5820869731435,True,92.46828261492877,True,Cusco
60960,3.1021314974339305,True,35.14829010914266,True,13.180608790928492,True,Cusco
60961,8.650498667321225,True,52.88974716179621,True,21.077050187389833,True,Cusco
60962,3.3787738288615428,True,32.915840982083,True,12.343440368281128,True,Cusco
60965,20.655860738876832,True,278.26791367232704,True,107.70631274283976,True,Cusco
60968,15.231153451681488,True,74.70807079117637,True,47.64580506203455,True,Cusco
60971,6.110714111997178,True,62.02782431406384,True,26.371333824889074,True,Cusco
60972,1.5756237200397527,True,11.62382470685377,True,4.358934265070164,True,Cusco
60973,1.4278065133157931,True,12.675634544131727,True,4.753362954049396,True,Cusco
60975,4.948823458003541,True,55.57287623632139,True,22.090096750034427,True,Cusco
60976,4.119113990624736,True,27.153315778623373,True,10.182493416983762,True,Cusco
60978,20.12683074034015,True,139.86213504782202,True,52.40354314278047,True,Cusco
60979,33.86804169196537,True,368.5769391321704,True,142.7042185260688,True,Cusco
60980,68.7994628406231,True,643.1230093086931,True,246.2818334534738,True,Cusco
60985,3.7407241410518006,True,47.93278649155443,True,18.506746606637105,True,Cusco
60988,3.4015761398970006,True,40.71541624893216,True,14.961697533138059,True,Cusco
60989,2.4827524263425818,True,33.006286326002474,True,12.486512544019115,True,Cusco
60991,9.660995905602412,True,73.33922368629098,True,27.457451382206347,True,Cusco
60992,2.275486661274421,True,18.853206309211114,True,9.519781681743194,True,Cusco
60993,9.81536980109481,True,73.7928678822027,True,27.62756795567327,True,Cusco
60994,3.5855018353311072,True,44.8701969164059,True,16.867152952565437,True,Cusco
60996,13.682817474277702,True,98.20135972732105,True,36.780752397592586,True,Cusco
60999,5.894061765642591,True,38.51193785131615,True,14.441976694243555,True,Cusco
61000,2.8085094827282964,True,15.617688467055016,True,5.85663317514563,True,Cusco
61002,3.358541923258648,True,39.32899297960758,True,14.64202725541487,True,Cusco
61005,4.959256602540174,True,30.046350286158813,True,11.267381357309565,True,Cusco
61007,2.1289116058950133,True,17.911683218042928,True,6.776886718462545,True,Cusco
61008,2.9449192470294823,True,16.616286033358758,True,6.231107262509537,True,Cusco
61011,7.543442840832884,True,57.05756798685564,True,21.351830494918094,True,Cusco
61014,43.438266414456514,True,488.852506961026,True,185.3155149169603,True,Cusco
61017,6.599067193354655,True,36.917107957387515,True,13.843915484020311,True,Cusco
61020,0.947687171185782,True,7.652294769478171,True,2.869610538554314,True,Cusco
61023,3.599064512579169,True,47.4709854344383,True,17.801619537914355,True,Cusco
61027,5.36756208405954,True,30.075412905747974,True,11.278279839655495,True,Cusco
61028,5.654601153797889,True,37.0979034656523,True,13.911713799619616,True,Cusco
61029,1.5484954726899665,True,11.345421123267238,True,4.418976363173702,True,Cusco
61034,28.513919694383546,True,332.3762955766917,True,127.99695595697658,True,Cusco
61036,39.66624265869727,True,380.84967543446544,True,150.5959768048154,True,Cusco
61037,6.4668747089764365,True,34.966015207099275,True,15.225701234502207,True,Cusco
61047,2.813992926734326,True,24.833899765651203,True,9.754082852194198,True,Cusco
61051,2.3688667613829875,True,11.913065579595814,True,5.945892870076059,True,Cusco
61053,28.163994079534902,True,315.5769378529783,True,121.6971968105838,True,Cusco
61054,3.553000076325224,True,26.945644187642106,True,10.54598701044078,True,Cusco
61055,34.51378803798323,True,450.4355856252502,True,168.91334460946908,True,Cusco
61058,11.439308775525841,True,83.24463506897531,True,31.17198065071297,True,Cusco
61064,5.112385614873668,True,70.20616789734605,True,26.32731296150477,True,Cusco
61065,4.782725056245259,True,24.116192564881235,True,11.157017743670446,True,Cusco
61070,5.736595463240079,True,26.766211773574994,True,10.87413266505312,True,Cusco
61075,7.656623510618667,True,94.05362455381444,True,38.625954323397615,True,Cusco
61080,17.983781177989606,True,82.29764082280843,True,30.861615308553176,True,Cusco
61084,5.834116068071397,True,35.63415926549463,True,15.47625525640046,True,Cusco
61090,20.67442161587452,True,265.646454761909,True,102.973265651433,True,Cusco
61091,12.945799935700212,True,59.392374345130165,True,26.760006730928872,True,Cusco
61096,23.510118323326132,True,331.3117346001007,True,127.59774559075487,True,Cusco
61097,7.164542840049704,True,45.63974806562136,True,19.228351056447995,True,Cusco
61098,5.573430797709844,True,36.06650517585625,True,21.64230269896394,True,Cusco
61099,6.021184450637879,True,23.767346262400512,True,15.564874409084682,True,Cusco
61103,6.084844988885124,True,47.94577545354075,True,18.584778653277727,True,Cusco
61106,8.371339057766086,True,74.47550889479363,True,28.533428693747553,True,Cusco
61107,41.87234649072352,True,603.4313091058443,True,226.2867409146914,True,Cusco
61114,20.524244058424337,True,105.26394300589696,True,45.87891732454135,True,Cusco
61116,9.546754179165141,True,63.23995912568932,True,24.725381323300326,True,Cusco
61118,12.299216943362756,True,63.947397288199404,True,29.13703871912397,True,Cusco
61126,9.835525300589296,True,62.58530221530689,True,24.306291580702556,True,Cusco
61129,7.1619950569731925,True,95.41634330867913,True,37.776953547329875,True,Cusco
61131,8.998174642734392,True,73.10275227072385,True,34.3428957480649,True,Cusco
61141,14.742195818936006,True,54.00417710669897,True,24.739432766517176,True,Cusco
61144,5.83253334842479,True,52.33606720748341,True,25.82602345192045,True,Cusco
61153,49.797883040550424,True,601.5805445428733,True,225.5927042035773,True,Cusco
61154,26.53067240076518,True,111.7033307202126,True,42.8991456712465,True,Cusco
61156,18.12184506747394,True,237.59296629398503,True,92.45320747596138,True,Cusco
61160,55.9072429863365,True,560.0206926297263,True,221.42321867248316,True,Cusco
61173,50.922166552006225,True,609.0634563788408,True,239.81425507840106,True,Cusco
61177,20.21703571151243,True,185.33812233595063,True,70.10690873418146,True,Cusco
61179,46.40418867801682,True,265.50132343526883,True,104.05086263973071,True,Cusco
61180,66.22475868070224,True,627.1372938872958,True,240.28719017045003,True,Cusco
61197,20.913913892479815,True,284.36885696807195,True,108.84318497389795,True,Cusco
61203,53.88958855303466,True,427.87047775451435,True,178.67142900390573,True,Cusco
61206,31.07375894984436,True,331.97373486264195,True,126.27493270085857,True,Cusco
61207,23.51262562849877,True,297.7142259767816,True,113.63865954786827,True,Cusco
61210,31.209947802798755,True,330.1578834899166,True,126.95587696563058,True,Cusco
61214,40.869842537945935,True,404.470826116624,True,156.3265963685315,True,Cusco
61217,30.09017950775201,True,192.45657478830879,True,76.65908189712079,True,Cusco
61219,36.6621489807021,True,268.5758754943398,True,105.34478167223321,True,Cusco
61221,50.79753020383285,True,398.56099833810197,True,154.08920273864402,True,Cusco
61227,16.581150331943768,True,231.73688415109345,True,90.25717667237713,True,Cusco
61229,18.913645626125653,True,300.016483266938,True,115.86202634081863,True,Cusco
61238,12.489096067192772,True,63.65839626183493,True,30.127611778070378,True,Cusco
61239,22.221363776570602,True,350.475532994209,True,134.78416998854527,True,Cusco
61240,7.2665961992663854,True,60.21274974289184,True,23.18489401178439,True,Cusco
61242,58.17462349169576,True,523.5098131106894,True,207.73163885284447,True,Cusco
61245,25.81451932348786,True,222.0687576114378,True,83.8808969624891,True,Cusco
61250,8.585673668027118,True,86.64614874718511,True,34.811296447284015,True,Cusco
61251,12.480869193496327,True,183.37573328471413,True,72.12174509748493,True,Cusco
61261,24.171205600297974,True,277.2773580000286,True,104.58412210821065,True,Cusco
61267,39.39463928238706,True,348.72980790332116,True,131.3787908219455,True,Cusco
61270,25.11456243956794,True,381.608072940254,True,146.45887246831228,True,Cusco
61273,25.56847602283099,True,272.9160473978658,True,102.94863063239958,True,Cusco
61280,29.635132413380642,True,241.13190602864813,True,91.02957761894294,True,Cusco
61283,31.328183724472048,True,198.46914696594106,True,78.91379646373285,True,Cusco
61287,21.345976482360275,True,284.7115253722278,True,108.76264682116064,True,Cusco
61291,34.54386881912904,True,327.2806147222361,True,123.33534337903856,True,Cusco
61296,30.771513811531825,True,319.42938368283745,True,120.391131739264,True,Cusco
61305,42.99607820696303,True,395.368898871382,True,152.75120342827293,True,Cusco
61310,33.778827862644974,True,381.2445717921941,True,146.32255953779006,True,Cusco
61312,50.598872767048825,True,315.90814881792727,True,153.44566336901482,True,Cusco
61318,64.77276264816204,True,624.9531301447082,True,245.7728827406013,True,Cusco
61330,44.49290344107467,True,456.4654457954603,True,173.28158987485548,True,Cusco
61335,30.840858450655624,True,342.4608210449837,True,129.53408984167874,True,Cusco
61338,57.66209916011861,True,356.3044758100158,True,159.39821732104116,True,Cusco
61346,43.58096544766711,True,495.64857639445563,True,187.86404095449637,True,Cusco
61347,45.50554091114499,True,493.43411624018574,True,187.044416989727,True,Cusco
61359,49.89279303179533,True,519.8927618946466,True,197.06683341205007,True,Cusco
61365,60.64713259834671,True,371.8570485625311,True,165.23043210323434,True,Cusco
61373,35.5359112650716,True,377.6955719802842,True,146.12370584411144,True,Cusco
61375,49.39150969943022,True,477.82780872117405,True,182.5412733861577,True,Cusco
61376,31.367508977739355,True,372.2711959756552,True,142.95754360658788,True,Cusco
61381,49.12224703879914,True,483.04728839568736,True,184.49857826409976,True,Cusco
61382,44.47091084700683,True,450.44169096395336,True,175.02016397192165,True,Cusco
61407,45.754256465194466,True,504.5980958962456,True,192.58013107680958,True,Cusco
61408,54.57956962041603,True,491.735443065682,True,188.88865750113618,True,Cusco
61414,42.64002077193825,True,402.8698807153591,True,155.56407161976452,True,Cusco
61416,43.742337891147194,True,374.2259406509475,True,144.82259409561004,True,Cusco
61422,82.2301247228142,True,725.855040386613,True,292.5134758142754,True,Cusco
61426,40.266178089145505,True,459.81553198457004,True,175.78666960993095,True,Cusco
61432,34.95605290943491,True,418.5836058256295,True,160.32469730032818,True,Cusco
61449,39.40677244325272,True,421.31877120861674,True,164.38129348491182,True,Cusco
61490,45.51201184416198,True,458.3234092085565,True,173.87802591659408,True,Cusco
61498,41.040971068817186,True,462.8442076114096,True,176.92242296999578,True,Cusco
61506,42.332904703465935,True,469.67102593973976,True,178.1224595339778,True,Cusco
61517,41.53894957534208,True,465.26689150992723,True,177.92269035372058,True,Cusco
61525,46.959452803200605,True,509.48568110504436,True,193.05295522096716,True,Cusco
61530,46.68962996188872,True,506.29948028693656,True,193.10685245093745,True,Cusco
61532,47.291199629702064,True,522.8480961612448,True,205.7777055520741,True,Cusco
61535,44.45876476267677,True,503.28158716345325,True,195.49585712360187,True,Cusco
61536,47.94098054207426,True,521.2356237877137,True,197.45918372696798,True,Cusco
61538,44.56618501438681,True,500.78747037761667,True,192.3649796687225,True,Cusco
61543,45.02037130730121,True,496.93490019724595,True,190.9202658510835,True,Cusco
61546,49.43444623232388,True,522.4027015270353,True,200.38887942414374,True,Cusco
61550,63.20532707274129,True,767.1408495724035,True,293.7823484500905,True,Cusco
61553,50.455467961159044,True,534.6653567008012,True,202.49533356937573,True,Cusco
61557,48.55152646095611,True,537.8738530726037,True,203.69851970880183,True,Cusco
61558,46.15237322320654,True,509.6322686643542,True,195.68177902624913,True,Cusco
61560,58.654629225623175,True,575.4790472000204,True,220.2925090515124,True,Cusco
61562,47.51285944644844,True,554.1992049441865,True,215.6687560600036,True,Cusco
61575,72.07828105529939,True,602.0196048171366,True,230.24521815793105,True,Cusco
61577,53.78048928445897,True,556.3770920568994,True,210.63723432791272,True,Cusco
61584,47.697599250490185,True,558.1108607888197,True,213.86125107292335,True,Cusco
61591,60.12286465357076,True,585.4301131362499,True,224.10597070321006,True,Cusco
61592,132.91664708447658,True,1253.8051011787518,True,476.28144280247307,True,Cusco
61602,75.10720015599408,True,659.2925252440066,True,251.72256331800725,True,Cusco
61606,51.73806252436235,True,560.7305601164497,True,214.8436383207849,True,Cusco
61610,49.5826730216568,True,610.5251706031759,True,233.5166172533067,True,Cusco
61613,56.28225357847338,True,655.872921868152,True,250.52202397767334,True,Cusco
61618,47.697599250490185,True,607.8498985061958,True,232.5133902169392,True,Cusco
61620,53.24902619661223,True,589.9422158772775,True,231.54473624581013,True,Cusco
61622,4.534411345224495,True,51.750125457327385,True,23.46632642891734,True,Cusco
61623,1.5449293991064912,True,15.705460913993056,True,5.889547842747394,True,Cusco
61624,37.35068805427351,True,427.3907491314798,True,165.59191880181967,True,Cusco
61626,27.116555035445078,True,211.95358684874824,True,83.97046141978558,True,Cusco
61628,82.6973736664581,True,770.8197893800805,True,295.1619508779699,True,Cusco
61631,21.754535405955778,True,286.17312656102274,True,109.31074726695888,True,Cusco
61632,3.5316445604864413,True,45.52527201736296,True,19.067801813086273,True,Cusco
61634,9.328679742840698,True,66.97555077578792,True,25.071074040767705,True,Cusco
61635,8.888239237813394,True,48.858121765372104,True,22.809662013519596,True,Cusco
61636,3.157091198149976,True,17.55425355273102,True,6.582845082274132,True,Cusco
61637,2.688354640440562,True,15.190927107864754,True,5.696597665449286,True,Cusco
61638,3.454381254340863,True,19.446630518421976,True,7.292486444408246,True,Cusco
61641,17.32277801487028,True,148.61400923056894,True,55.694727355225005,True,Cusco
61642,14.608679508869638,True,126.7767107250552,True,47.541266521895736,True,Cusco
61643,7.957153955774481,True,86.76673220445727,True,32.570565680406354,True,Cusco
61645,6.885114539884432,True,77.23749295210133,True,28.99710096077286,True,Cusco
61646,9.531927930303912,True,112.43020608062254,True,42.19436838396832,True,Cusco
61647,6.09304182687975,True,102.32272395889807,True,38.371021484586805,True,Cusco
61648,3.0304735001376675,True,44.39605784247479,True,16.64852169092806,True,Cusco
61653,28.835816875066996,True,318.3792670852671,True,122.74807027269215,True,Cusco
61654,19.43168676360176,True,298.20793161653467,True,115.18381947191749,True,Cusco
61657,23.036893343690295,True,374.1062471277002,True,143.64568778860442,True,Cusco
61664,41.568730463471226,True,443.6318939375331,True,172.4352321543132,True,Cusco
61665,45.06325565351456,True,502.11467144424205,True,192.862680068707,True,Cusco
61670,50.31282923574505,True,471.84433759253733,True,181.4294929487065,True,Cusco
61674,49.17279664684715,True,479.82236094079275,True,185.0440903155114,True,Cusco
61677,24.899435864848613,True,272.9510762829281,True,102.96176646429795,True,Cusco
61682,16.352125896596558,True,147.61371575034428,True,55.960256264579115,True,Cusco
61684,21.756529837636695,True,163.95191212302996,True,62.087079904336186,True,Cusco
61699,35.47974187609686,True,427.75571570929174,True,160.40839339098417,True,Cusco
61704,33.95553161764647,True,414.2071800786215,True,155.3276925294829,True,Cusco
61712,7.913206695905159,True,132.04102408698415,True,49.51538403261911,True,Cusco
61713,59.54246608832971,True,617.3713488502923,True,240.37824926856987,True,Cusco
61714,23.57371694855669,True,327.34678857534675,True,124.75087052233039,True,Cusco
61719,22.169367717461068,True,288.43614568589317,True,110.1593794387853,True,Cusco
61720,20.08501904939447,True,256.91930591153965,True,99.70058483254462,True,Cusco
61724,21.60139438583588,True,251.68796743938793,True,97.73883290548771,True,Cusco
61733,4.16919760828647,True,41.17923300730137,True,15.442212377738006,True,Cusco
61734,39.41288331636137,True,423.3863663606905,True,162.12573250097623,True,Cusco
61736,26.104482273190197,True,448.77734428870906,True,168.2915041082658,True,Cusco
61740,48.53645877839487,True,704.3719272015338,True,264.13947270057514,True,Cusco
61745,54.09234058553838,True,734.6242770426467,True,289.88808128523857,True,Cusco
61746,48.953130840275094,True,705.8414344101874,True,274.18554581304124,True,Cusco
61752,94.67625005510315,True,1100.698948628042,True,412.76210573551606,True,Cusco
61754,56.324812522293286,True,763.8450724950376,True,286.441902185639,True,Cusco
61756,55.00200971764591,True,816.1664940506591,True,307.94100271405944,True,Cusco
61765,35.12968749894604,True,511.42340767062876,True,222.19817541121375,True,Cusco
61766,62.204526619554365,True,918.901096598898,True,346.4664786696493,True,Cusco
61773,27.444828749955366,True,469.5826925990108,True,176.09350972462894,True,Cusco
61781,53.649979923124654,True,639.9842486709588,True,239.99409325160926,True,Cusco
61800,93.7536334196095,True,1268.05122060813,True,477.3977751731108,True,Cusco
61804,71.96053684149288,True,953.1828445102286,True,357.4435666913343,True,Cusco
61839,97.42697415988255,True,1367.9248799819966,True,513.5194219286906,True,Cusco
61860,71.50401032168367,True,925.7761813704723,True,347.16606801392726,True,Cusco
61861,114.29904022503274,True,1421.787551369291,True,535.0488992085469,True,Cusco
61877,97.42697415988255,True,1375.6740641407264,True,515.8985599409583,True,Cusco
61881,58.5761965712989,True,792.4094357318445,True,297.1535383994426,True,Cusco
61884,94.98738497878382,True,1285.3606605208795,True,483.88881514039247,True,Cusco
61904,35.84814756323523,True,596.9669930790666,True,223.86262240464967,True,Cusco
61933,58.42418240529467,True,705.3375161365482,True,264.5015685512053,True,Cusco
61936,57.41739794105938,True,679.2991100739994,True,254.7371662777495,True,Cusco
61939,49.04683232380312,True,709.342052875012,True,269.87769293690275,True,Cusco
61947,106.45138677982165,True,1041.4692923543569,True,410.8688203021796,True,Cusco
61948,109.39619277500097,True,1411.714852494554,True,532.7798057166424,True,Cusco
61953,52.992247677282585,True,780.4373911108668,True,294.54258911163726,True,Cusco
61955,142.79764029921105,True,1276.1698529313758,True,501.5174401623034,True,Cusco
61956,173.28702608611604,True,1370.0647214316307,True,534.0921062061574,True,Cusco
61987,96.17022570203918,True,1295.8748002831496,True,487.83161755124377,True,Cusco
62002,58.149453129037774,True,728.3816018377905,True,273.14310068917115,True,Cusco
62005,65.92758811688172,True,821.0928605859606,True,307.909822719735,True,Cusco
62011,49.85213647333398,True,522.6550711827025,True,195.9956516935136,True,Cusco
62012,47.75504508230249,True,507.3024231900319,True,190.23840869626216,True,Cusco
62014,38.17070441216633,True,499.4763566108744,True,214.46815758259,True,Cusco
62019,30.10956384274651,True,511.67694996594673,True,191.8788562372297,True,Cusco
62024,33.2811835056077,True,568.0612995279237,True,213.02298732297095,True,Cusco
62035,88.62336153858158,True,859.4494632570172,True,342.61138439067696,True,Cusco
62046,114.15927060440363,True,1127.935908228178,True,445.92971089860526,True,Cusco
62094,91.73775286069677,True,1315.5722178921494,True,496.7263177407415,True,Cusco
62112,67.22598402815018,True,888.7667080067753,True,333.28751550254066,True,Cusco
62125,156.3190602857332,True,1361.10887419743,True,530.7336634933329,True,Cusco
62126,164.8981785139526,True,1429.2624711239257,True,556.2912623407685,True,Cusco
62141,116.48131895666295,True,1113.381314365026,True,437.83582855618175,True,Cusco
62142,115.43868283392177,True,1094.555150692328,True,430.7760171789197,True,Cusco
62147,82.99591212795953,True,927.2180554350949,True,368.02460645745606,True,Cusco
62158,215.34363439587153,True,2322.6794527083857,True,877.0469038954417,True,Cusco
62161,96.17022570203918,True,1297.1006696986021,True,488.2913185820383,True,Cusco
62195,92.9654321366149,True,1301.9578840917266,True,491.05706439899353,True,Cusco
62207,144.2272261076764,True,2028.2895530314845,True,762.4871498318687,True,Cusco
62208,138.04601980777704,True,1911.6268235826453,True,718.7386262885543,True,Cusco
62216,100.9419951726515,True,1519.4177151337524,True,571.6602106202197,True,Cusco
62226,144.2272261076764,True,2237.4366114405125,True,823.9025714615215,True,Cusco
62227,51.83435028032383,True,774.5623489597953,True,290.4608808599231,True,Cusco
62248,34.993575833953756,True,564.5814432078702,True,211.7180412029509,True,Cusco
62261,71.06171987128602,True,881.2808328121232,True,341.8957712408817,True,Cusco
62266,93.4886577373413,True,970.6858255058004,True,375.4226435010115,True,Cusco
62285,27.081352897899347,True,458.68553952685744,True,172.00707732257158,True,Cusco
62286,28.46936932972994,True,476.61644522315055,True,178.7311669586814,True,Cusco
62289,39.219366013046404,True,672.1878805619311,True,252.070455210724,True,Cusco
62291,42.127621900619125,True,696.7025858936371,True,261.2634697101135,True,Cusco
62301,84.40565545634828,True,1089.23853518889,True,410.2784155855241,True,Cusco
62304,87.92689003885252,True,1066.5050144536904,True,399.9393804201344,True,Cusco
62310,65.67010002939843,True,948.269797316767,True,357.4797414388501,True,Cusco
62324,85.91772056516177,True,1308.1603051424229,True,492.4386818734713,True,Cusco
62325,36.680437643311734,True,601.5818534515516,True,225.59319504433157,True,Cusco
62332,79.3457858547499,True,969.9843248382356,True,363.7441218143385,True,Cusco
62333,100.94605174838777,True,1078.7421047355795,True,404.52828927584204,True,Cusco
62338,72.84021539848348,True,1071.3347596358353,True,403.6291023085011,True,Cusco
62361,59.00888296304892,True,842.3425848223848,True,315.8784693083948,True,Cusco
62385,93.62794493712249,True,1274.3123391437964,True,479.7456946239865,True,Cusco
62390,59.78501967083493,True,839.3588492113199,True,316.6381358993071,True,Cusco
62393,89.3414302854389,True,1211.8427156731946,True,456.31958582251,True,Cusco
62395,80.79601105486508,True,1086.3151372145417,True,409.24674390051524,True,Cusco
62398,36.29401220284667,True,579.3243748050086,True,217.24664055187796,True,Cusco
62399,89.17343018540618,True,1280.7812295600384,True,483.1158189496105,True,Cusco
62411,54.89840389145724,True,529.870465997802,True,198.701424749176,True,Cusco
62413,56.075433252606246,True,525.9495624727963,True,197.2310859272989,True,Cusco
62414,42.222627933937346,True,484.0724780958331,True,181.52717928593785,True,Cusco
62421,110.7152348942839,True,1300.9991085093147,True,508.2149920427853,True,Cusco
62425,78.08044093647071,True,1062.1767361621478,True,400.19484350586754,True,Cusco
62450,36.02273431594154,True,581.6953686301408,True,218.13576323630238,True,Cusco
62455,69.20955656061136,True,902.9533746599894,True,340.4860829425578,True,Cusco
62457,27.1172590414253,True,458.1522887897496,True,171.80710829615612,True,Cusco
62460,87.6544408159898,True,1254.7490723528367,True,473.3537599969097,True,Cusco
62464,31.37662280555671,True,530.4343616073545,True,200.21949710265852,True,Cusco
62486,92.4182296284475,True,1277.6358612213605,True,480.9920154030733,True,Cusco
62495,66.18486572099094,True,956.4382898023268,True,360.5429261209347,True,Cusco
62505,92.53215291244409,True,1278.395349781337,True,481.27682361306466,True,Cusco
62511,76.86858107638263,True,1147.286714230795,True,432.1110852816109,True,Cusco
62513,79.34879997966972,True,1164.8449499792457,True,438.69542368728,True,Cusco
62521,92.64274605541667,True,1279.1326374011549,True,481.55330647049624,True,Cusco
62531,67.99348458394526,True,989.2210990803113,True,372.8364796001793,True,Cusco
62537,62.23568723994412,True,922.343493236934,True,347.7573774089127,True,Cusco
62553,53.4087274632071,True,783.9803366824563,True,295.87119370098327,True,Cusco
62555,100.09328211206503,True,1328.8028777788115,True,500.1796466121172,True,Cusco
62563,54.72053797375436,True,730.2828049088117,True,288.2600292350505,True,Cusco
62567,47.588711478290335,True,509.12837311274575,True,190.92313991727997,True,Cusco
62569,52.14527528045603,True,719.7464293032168,True,283.9275877397493,True,Cusco
62582,55.22533766954975,True,783.5159857659928,True,295.6342177206787,True,Cusco
62584,68.35370659568947,True,927.3374583078395,True,349.63011431050217,True,Cusco
62588,58.17443843929326,True,558.6440945249218,True,209.49153544684606,True,Cusco
62592,52.13022680987808,True,716.6263046187233,True,279.57425343018207,True,Cusco
62610,83.40255577450829,True,1263.446264419694,True,475.67091660244813,True,Cusco
62623,48.23124196790663,True,674.0673477227244,True,260.4080008065209,True,Cusco
62625,85.310954586596,True,1319.8278703441317,True,496.8140188241119,True,Cusco
62675,51.887014142462675,True,666.4781248175206,True,249.92929680656985,True,Cusco
62694,69.97549600725483,True,932.9596569101781,True,351.67383623100704,True,Cusco
62697,128.84820722930942,True,1743.7130285026785,True,655.7709531335654,True,Cusco
62699,60.09344112344224,True,788.9692631693645,True,295.8634736885114,True,Cusco
62706,87.43276137214554,True,1435.3897837489667,True,540.1497363509249,True,Cusco
62731,96.81644313330594,True,1255.1202597386664,True,472.5486648470618,True,Cusco
62739,57.70446659306255,True,659.241894978105,True,247.21571061678904,True,Cusco
62740,129.59024299931167,True,1957.3352637961254,True,735.8792913686078,True,Cusco
62763,116.55855575109064,True,1410.7124323310006,True,530.8957295691846,True,Cusco
62785,76.90486116879774,True,884.8667815840985,True,331.8250430940362,True,Cusco
62797,74.79523944802241,True,933.5776501445936,True,350.0916188042225,True,Cusco
62802,54.13728360979043,True,687.2524447988892,True,257.71966679958285,True,Cusco
62813,52.991520974549736,True,709.9912991144704,True,266.24673716792614,True,Cusco
62817,52.399172208315996,True,690.4710151375692,True,258.9266306765882,True,Cusco
62842,49.206050301338536,True,655.0964416857652,True,249.9991601086252,True,Cusco
62853,66.05233542990962,True,781.5334082660075,True,304.4904870360881,True,Cusco
62857,60.77502281290313,True,745.1703425675049,True,290.8543373991498,True,Cusco
62871,124.90521127816329,True,1164.4947890099688,True,457.00338154803364,True,Cusco
62875,99.62328315998482,True,927.542296908456,True,368.2983068989186,True,Cusco
62876,116.97036014900385,True,1111.5957814822384,True,437.16625372513516,True,Cusco
62894,89.314447684538,True,850.7162006048438,True,339.3364108961119,True,Cusco
62899,92.31976897103739,True,901.0139258451271,True,360.83396750496115,True,Cusco
62908,87.72111896062269,True,842.889027028314,True,336.4012208049132,True,Cusco
62909,91.56399408867378,True,894.9638000090898,True,355.9292606727041,True,Cusco
62918,129.08842959338682,True,1121.5833251120307,True,441.0636924752588,True,Cusco
62931,66.57350049910107,True,891.1002339578768,True,334.1625877342038,True,Cusco
62932,64.18870300667307,True,953.3579051599856,True,359.3877818800568,True,Cusco
62939,55.10473127520173,True,642.672755628368,True,241.002283360638,True,Cusco
62943,28.914289653731753,True,475.9561823118441,True,178.8545494496299,True,Cusco
62950,64.65600529494411,True,870.8787012694811,True,328.45808042111736,True,Cusco
63013,163.99012146793777,True,1754.4556332526238,True,657.9208624697341,True,Cusco
63031,172.21141258274056,True,1836.6154613760382,True,688.7307980160127,True,Cusco
63058,151.52912322191042,True,1526.0824339737505,True,572.2809127401548,True,Cusco
63079,165.67014715026568,True,1770.5994348129643,True,663.9747880548618,True,Cusco
63088,137.8191082784991,True,1842.1251522584366,True,690.7969320969115,True,Cusco
63093,168.27503218400494,True,2570.553519573118,True,963.9575698399134,True,Cusco
63094,174.79180855696578,True,2686.407321759087,True,1007.402745659653,True,Cusco
63096,148.60533029283002,True,2220.869930396674,True,832.8262238987485,True,Cusco
63184,149.445782148016,True,1927.9620956041827,True,722.9857858515676,True,Cusco
63240,126.6494641419199,True,1834.2072504991972,True,687.8277189371967,True,Cusco
63276,118.18761526604327,True,1853.2507366209982,True,696.8475936779362,True,Cusco
63282,158.40010044936983,True,2394.999177624048,True,898.1246916090137,True,Cusco
63300,196.63662176683576,True,3074.7595566012233,True,1153.0348337254513,True,Cusco
63302,175.52333241096989,True,2669.765733003835,True,1001.1621498764313,True,Cusco
70555,37.3372155503296,True,495.8438022823523,True,186.01793481856555,True,Cusco
70587,68.54226559355659,True,1107.5162876339048,True,415.39511682539705,True,Cusco
70588,50.202009807014655,True,700.8079065980041,True,262.8794739369351,True,Cusco
70648,43.34472180834148,True,628.5459162392042,True,235.78122755238553,True,Cusco
70652,55.06681560481208,True,688.8605037047732,True,258.39919785197407,True,Cusco
70653,31.81370017222737,True,522.4932188249169,True,196.01146602202763,True,Cusco
70658,20.84692632111418,True,327.5283503606828,True,122.89964034793961,True,Cusco
70716,28.16391753374612,True,457.6081941408061,True,171.67958176548603,True,Cusco
70735,21.947211270062287,True,339.07539883285074,True,127.22978352500262,True,Cusco
70744,34.12287811740395,True,556.2841725236323,True,208.6830736590461,True,Cusco
70745,48.09089337296266,True,664.7905975986586,True,249.37298306218023,True,Cusco
70878,25.152218844314582,True,346.237649940428,True,129.91562769034405,True,Cusco
70943,20.390500370349887,True,319.41411123598425,True,119.85680067617766,True,Cusco
70960,110.44559543014309,True,1713.7343104596052,True,641.7522940605055,True,Cusco
70967,59.656595589610085,True,837.697621160526,True,314.1366079351972,True,Cusco
70972,91.14788929423025,True,1158.5087591364015,True,434.4407846761491,True,Cusco
70973,61.906698142522586,True,867.698988532693,True,325.3871206997598,True,Cusco
70977,61.30197447732948,True,859.6360063301182,True,322.36350237379423,True,Cusco
70981,48.71535083484639,True,691.8143577636765,True,259.43038416137864,True,Cusco
70984,92.6396626405634,True,1164.0368910277657,True,436.51383413541026,True,Cusco
70993,79.32178957022742,True,927.8557908612602,True,347.94592157297336,True,Cusco
71065,98.94425013095359,True,1377.646581750526,True,516.6174681564473,True,Cusco
71075,44.05620056960077,True,629.6923542270681,True,236.13463283515074,True,Cusco
71092,127.32119021755626,True,1709.5294567030703,True,640.1754739018035,True,Cusco
71112,108.20698116560271,True,1490.4315141577652,True,558.013745447315,True,Cusco
71127,92.6396626405634,True,1123.1360696010981,True,421.17602610041035,True,Cusco
71129,75.2627486104846,True,989.3018501965981,True,370.9881938237244,True,Cusco
71159,154.3062833553216,True,1907.1629620293209,True,715.1861107609911,True,Cusco
71172,88.16735406656177,True,1102.259580090635,True,413.3473425339869,True,Cusco
71181,74.113500474251,True,1041.1156885890496,True,405.06175731620766,True,Cusco
71197,82.131354687438,True,1111.2936912637074,True,418.08522266905493,True,Cusco
71200,95.64330034466603,True,1379.5860544927957,True,517.3447704347979,True,Cusco
71201,73.97002121521277,True,1008.1376850103674,True,378.05163187888724,True,Cusco
71217,91.14788929423025,True,1158.5087591364015,True,434.4407846761491,True,Cusco
71234,76.91489560063891,True,1044.3620906038345,True,391.6357839764374,True,Cusco
71258,139.0243589521897,True,1953.0085458116557,True,732.3782046793674,True,Cusco
71259,116.08767176189137,True,1777.8074442176994,True,665.7797192197888,True,Cusco
71269,29.26489375015786,True,177.47142427220254,True,69.33125785181883,True,Cusco
71274,20.024279367214096,True,211.5678183925794,True,82.11740564696021,True,Cusco
71280,17.326010949127628,True,295.95089022308883,True,110.98158383365823,True,Cusco
71285,41.026895937679896,True,604.5435243553212,True,228.0539100784108,True,Cusco
71287,32.03371439318009,True,149.85899217728587,True,58.976595816225085,True,Cusco
71288,11.54345615240838,True,135.93306009434733,True,53.75437128512316,True,Cusco
71292,17.520879081361635,True,192.0432720531683,True,74.795700769681,True,Cusco
71301,28.143258990397108,True,394.1782781056409,True,146.91878192776693,True,Cusco
71304,57.75368197519719,True,775.6820232948307,True,295.81656630883094,True,Cusco
71315,37.94518556941684,True,512.9146824253835,True,192.34300590951884,True,Cusco
71346,9.339413160591809,True,105.09351270023265,True,42.189541012330174,True,Cusco
71347,33.49468781617113,True,491.39178808524105,True,184.27192053196566,True,Cusco
71350,28.226469943509525,True,333.80935114768437,True,125.22403685169523,True,Cusco
71352,22.693245828225148,True,397.51856279440796,True,149.06946104790273,True,Cusco
71364,23.180628160340568,True,376.87021741175784,True,141.32633152940903,True,Cusco
71373,25.27301153332176,True,132.42286969805602,True,63.715788339998184,True,Cusco
71374,5.1781144464045905,True,48.457588444353995,True,17.273523304784497,True,Cusco
71380,32.351079509758556,True,298.6102977542783,True,114.75833540759744,True,Cusco
71382,7.154782373249104,True,55.57259598479449,True,19.941651132449707,True,Cusco
71391,9.46758430038226,True,108.07911800328942,True,43.309143000976526,True,Cusco
71405,37.46817955172371,True,633.469636079977,True,236.6530411681427,True,Cusco
71411,25.45570279561162,True,203.33150595435004,True,79.02878848262425,True,Cusco
71412,13.68512278107829,True,151.9027494529121,True,56.963531044841965,True,Cusco
71413,5.065357766750927,True,41.22309216567088,True,15.458659562126579,True,Cusco
71418,2.5771971860863645,True,24.094096212682626,True,9.035286079755986,True,Cusco
71425,97.36330096646105,True,1237.5359251793582,True,463.1778995804104,True,Cusco
71427,26.78453385944091,True,248.18933625755116,True,95.8504748463247,True,Cusco
71434,21.590640060375545,True,222.01022301365566,True,86.0333073798638,True,Cusco
71435,26.78453385944091,True,288.24556894643587,True,110.8715621046565,True,Cusco
71439,106.22077477452042,True,1424.709318922582,True,533.3679222341184,True,Cusco
71440,14.557583416104576,True,160.95495873290432,True,59.46003716299094,True,Cusco
71446,10.223793889724137,True,72.5023191995228,True,29.967843449563976,True,Cusco
71451,1.8599672991337843,True,17.748499687177674,True,5.757615020843376,True,Cusco
71454,16.77147475136428,True,172.90775356345767,True,63.94233522444845,True,Cusco
71455,13.39051486262051,True,184.07677617336967,True,71.80826481475654,True,Cusco
71457,26.633320840557058,True,184.22125616914064,True,71.86244481317065,True,Cusco
71462,23.681687280890603,True,159.78263066415604,True,59.02041413721022,True,Cusco
71467,5.354236903603794,True,54.2972468730809,True,23.140941327148262,True,Cusco
71468,6.139618906484049,True,68.28875992740504,True,28.387758722519816,True,Cusco
71474,18.821370559198655,True,208.29195289809437,True,80.8889560865282,True,Cusco
71475,9.769560240111907,True,129.0348042262865,True,47.48997922300925,True,Cusco
71478,18.20245433539572,True,280.08040928800875,True,104.13208112115505,True,Cusco
71479,21.236635916148682,True,230.1078039216959,True,85.39235410878783,True,Cusco
71484,23.05859088334429,True,300.37742433213623,True,111.74346176270302,True,Cusco
71495,94.42103421237215,True,1275.4474266689083,True,477.39471263899105,True,Cusco
71511,39.12153470678804,True,481.9605441825135,True,179.837131706594,True,Cusco
71513,90.59460774760306,True,1184.413966716836,True,443.2571651569649,True,Cusco
71515,89.66566043713054,True,1178.2209846470193,True,440.9347968807835,True,Cusco
71521,78.73602525671417,True,1099.6290191752416,True,411.46280982886697,True,Cusco
71526,111.00575646953476,True,1339.8119992187544,True,501.53142734518485,True,Cusco
71533,10.247015965454898,True,111.87093207401105,True,41.95159952775415,True,Cusco
71539,24.929832776582547,True,196.62423179424417,True,73.7340869228416,True,Cusco
71540,42.36013322891999,True,426.67980830963717,True,160.05045828742772,True,Cusco
71553,18.278323418742833,True,108.78828568944435,True,43.57508088328453,True,Cusco
71555,31.58424094191429,True,378.1171343812936,True,144.57339914272782,True,Cusco
71556,121.22462857000725,True,1264.7976836053247,True,483.2824802612394,True,Cusco
71563,33.875600683077444,True,493.95102240675715,True,185.23163340253404,True,Cusco
71589,41.990770057158265,True,441.73671009869554,True,179.06278637537443,True,Cusco
71597,6.282346166369663,True,73.8239972695442,True,26.785926614230828,True,Cusco
71606,13.397796425261506,True,177.91231965772275,True,69.49659362138894,True,Cusco
71616,35.198023753510746,True,500.7338726538912,True,187.7752022452095,True,Cusco
71628,23.42615226259026,True,351.5857087833345,True,159.75585174332207,True,Cusco
71633,93.42307698916976,True,1203.2704283272806,True,450.32833826088165,True,Cusco
71644,47.000099316184624,True,636.3020631628674,True,248.35692375983734,True,Cusco
71661,2.744527853899387,True,26.51659782662294,True,9.9437241849836,True,Cusco
71662,18.054577548811867,True,306.2603511327478,True,114.89316184609406,True,Cusco
71665,99.50598137411198,True,1337.4079916888975,True,500.62992452148785,True,Cusco
71668,22.45928924393238,True,354.11693499110646,True,132.7938506216651,True,Cusco
71674,23.981447467266914,True,411.0192582317675,True,153.23414947506433,True,Cusco
71676,4.470101484495328,True,70.2590997199161,True,26.347162394968528,True,Cusco
71682,13.305023790367496,True,145.8487967952621,True,54.69329879822325,True,Cusco
71691,0.5107066098013132,True,2.945688999652839,True,1.2891210274085845,True,Cusco
71693,75.24626513822105,True,915.7749397124865,True,363.00563698321395,True,Cusco
71723,108.58063127253101,True,1497.6045093235318,True,560.703618634473,True,Cusco
71726,94.33286331095944,True,1309.321592562901,True,490.09752484923746,True,Cusco
71735,1.9407073198117295,True,16.121345452381053,True,6.045504544642895,True,Cusco
71738,39.88962333008691,True,698.9651766761273,True,262.11194125354785,True,Cusco
71745,86.19328840166962,True,1217.784933951816,True,455.771277870082,True,Cusco
71785,21.310496790099,True,366.8948654485423,True,137.58557454320325,True,Cusco
71793,9.326802822080152,True,150.49224231733535,True,55.536518507152536,True,Cusco
71796,27.135765634858206,True,452.7414963136221,True,169.77806111760802,True,Cusco
71799,26.079262522490176,True,446.5067733694727,True,167.44004001355205,True,Cusco
71808,16.06936041099023,True,270.3599327868479,True,100.48690243321978,True,Cusco
71809,19.884374614943038,True,321.81330809896485,True,119.78191817526373,True,Cusco
71810,24.878644674231317,True,356.32218545696526,True,132.72274718451382,True,Cusco
71817,94.85906518453551,True,1316.3376175439157,True,492.72853421711795,True,Cusco
71822,66.56646799590268,True,1009.3423081014239,True,410.51443575862453,True,Cusco
71829,47.000099316184624,True,718.4454644414616,True,269.63610119362306,True,Cusco
71835,64.98204863505408,True,844.4376592581146,True,321.5999297950627,True,Cusco
71836,69.7352559909311,True,994.46785993482,True,377.8612550488277,True,Cusco
71862,80.00890391123853,True,906.7369529641833,True,341.3764458067341,True,Cusco
71878,32.39839102687492,True,439.4686107443542,True,164.80072902913287,True,Cusco
71879,47.17569566319544,True,945.9036228626809,True,445.93904769642864,True,Cusco
71886,47.000099316184624,True,858.002062427404,True,269.63610119362306,True,Cusco
71887,43.173351239979596,True,958.0453344053766,True,445.93904769642864,True,Cusco
71894,43.173351239979596,True,822.3496023770533,True,269.63610119362306,True,Cusco
71918,26.14291160487927,True,413.82342546390987,True,155.183784548966,True,Cusco
71923,4.580535047307963,True,33.34026224594331,True,12.999045634146325,True,Cusco
71925,29.62071931049941,True,177.64500784740554,True,69.39635169251997,True,Cusco
71927,23.40421948512695,True,158.53290336527465,True,58.55176640012971,True,Cusco
71932,63.95143706982731,True,832.9864196444838,True,317.30571493995103,True,Cusco
71935,100.0326827887315,True,1230.4172550104036,True,460.50839826705226,True,Cusco
71936,7.015408273456994,True,76.44619847112352,True,31.446798176414255,True,Cusco
71937,16.568914551767335,True,105.13174097131761,True,39.42440286424413,True,Cusco
71938,21.62213663427856,True,118.5591788678175,True,69.57813419789606,True,Cusco
71949,21.724873238305157,True,156.97706187777214,True,61.64587195390754,True,Cusco
71960,42.54307409943143,True,588.8813535744132,True,230.5741576641666,True,Cusco
71968,78.8068946709373,True,937.1339777783836,True,383.4363118874835,True,Cusco
71987,100.27574518844672,True,1091.403660437242,True,413.8460509410826,True,Cusco
71988,152.60246077228462,True,1507.0118574479109,True,576.0130870857156,True,Cusco
71990,142.06740348237116,True,1455.518272945457,True,550.3890306316623,True,Cusco
71997,125.27982809094598,True,1060.4885944778428,True,399.79027063074824,True,Cusco
72000,99.37090247495406,True,1085.3713756806244,True,411.5839441573509,True,Cusco
72001,99.49221026601094,True,1122.013034480163,True,425.3245662071782,True,Cusco
72005,117.77424790649515,True,988.2880052359179,True,372.71504966502664,True,Cusco
72036,121.27143434572878,True,1141.8669228366205,True,430.3071437652906,True,Cusco
72055,161.83599379552214,True,1637.7762774067548,True,618.7357823046506,True,Cusco
72066,168.92888994949192,True,2022.0978384965847,True,762.8563677133345,True,Cusco
72078,105.66866406686925,True,1473.4638727264294,True,551.6508799105626,True,Cusco
72088,108.20164809603506,True,1507.2369931153078,True,564.3158000563918,True,Cusco
72106,91.5133482235013,True,711.5747278167967,True,268.9475706328562,True,Cusco
72111,100.1470332345375,True,863.5106631902509,True,333.1515042233931,True,Cusco
72140,92.81244846411205,True,834.6302257569749,True,317.4742010103699,True,Cusco
72141,124.98781726456848,True,1062.1129821437833,True,400.39941600547576,True,Cusco
72144,100.2116965550515,True,1091.2666322443254,True,411.3320347931791,True,Cusco
72146,98.19511415543194,True,819.8388606300346,True,311.2636036099003,True,Cusco
72149,99.63780653858443,True,827.764513409485,True,312.5187402301144,True,Cusco
72152,163.04741557209357,True,1943.6781801312725,True,733.4489958263425,True,Cusco
72206,115.37057928997888,True,1423.019598045057,True,538.2020275440138,True,Cusco
72220,152.6903877761206,True,1556.4820016787414,True,588.2504289066458,True,Cusco
72225,166.27430869976885,True,1915.983591512305,True,723.0635250942319,True,Cusco
72236,144.06667824502486,True,1433.304108915972,True,542.0587191206054,True,Cusco
72238,135.8277572429535,True,1390.5074692105986,True,532.3239414967233,True,Cusco
72239,133.58880319985215,True,1365.6302020650282,True,522.9949663171344,True,Cusco
72242,131.8153135635427,True,1345.9247616615908,True,515.6054261658451,True,Cusco
72244,143.25904774908625,True,1393.9424855116258,True,527.2981103439754,True,Cusco
72245,129.68672094106927,True,1322.2737325229969,True,506.73629023887213,True,Cusco
72246,130.14427115919315,True,1327.3576238354842,True,508.64274948105503,True,Cusco
72262,113.65410132659771,True,1115.9283067705294,True,433.3828387898513,True,Cusco
72266,110.37433848646778,True,1091.285339673726,True,415.33653223808716,True,Cusco
72298,156.489647721858,True,1353.5086488421898,True,512.1354215929371,True,Cusco
72319,127.89875029398381,True,1307.1455359763652,True,501.063216533885,True,Cusco
72329,168.1934271981042,True,1609.218843067064,True,608.0267444272682,True,Cusco
72360,147.3875034326621,True,1679.6288825350316,True,634.4305092277544,True,Cusco
72370,65.75261722326294,True,743.9302174293381,True,283.54350981311853,True,Cusco
72375,72.87649185344682,True,675.008718538718,True,257.6979477291357,True,Cusco
72383,86.80952378814808,True,690.7587631749072,True,263.6042144677068,True,Cusco
72407,78.25078180669055,True,889.1503763745144,True,342.872545532335,True,Cusco
72412,63.20354583006644,True,611.1321188843559,True,233.7442228587497,True,Cusco
72416,86.11107942793947,True,667.3916665270425,True,254.84155322475758,True,Cusco
72422,61.901593903428264,True,698.7117941757863,True,266.58660109303645,True,Cusco
72432,64.79824167069174,True,667.2407747563456,True,254.7849688107459,True,Cusco
72442,69.0430151432638,True,801.8890511923985,True,309.5723876468592,True,Cusco
72445,86.11107942793947,True,696.7550601036374,True,265.85282581598057,True,Cusco
72451,62.40760980959546,True,742.039575605664,True,292.4116212462743,True,Cusco
72454,76.10235020016302,True,886.0519876549605,True,341.2528442798517,True,Cusco
72455,61.6778478043235,True,706.6847406109238,True,273.87077117880636,True,Cusco
72464,141.31230615036367,True,1451.4469015151583,True,553.5352695150272,True,Cusco
72473,106.396575052147,True,807.4419926848391,True,306.6147781304519,True,Cusco
72476,101.15122886947279,True,836.2974335612269,True,315.71858528701756,True,Cusco
72484,67.39442713943602,True,748.3888286674178,True,285.21548902739863,True,Cusco
72485,70.40663110533102,True,773.8018133884406,True,294.74535829778205,True,Cusco
72487,66.29192820662722,True,744.1309527672413,True,283.61878556483225,True,Cusco
72488,112.52910509681455,True,763.8721783844824,True,290.2760977678181,True,Cusco
72489,115.28326197563223,True,751.3001131041042,True,285.5615732876765,True,Cusco
72496,99.09852673702571,True,740.5154589376295,True,279.8003448031687,True,Cusco
72518,206.09305751039827,True,2232.3559826666374,True,852.0432172508913,True,Cusco
72527,193.5917212099616,True,2035.5872466092967,True,778.2549412293866,True,Cusco
72537,190.65153233784545,True,2060.281155416357,True,787.5151570320353,True,Cusco
72551,203.54377111839463,True,2296.2628562132377,True,876.008294830865,True,Cusco
72591,199.62132930726384,True,2075.784633924643,True,793.3289614726419,True,Cusco
72633,182.78002939939336,True,2000.0948427116698,True,764.9452897677767,True,Cusco
72747,209.80107078553752,True,3308.7942058225863,True,1240.7978271834638,True,Cusco
72773,214.2080988897213,True,3387.14137211919,True,1270.1780145446894,True,Cusco
78353,50.99620829466887,True,639.6880739229922,True,239.88302772112203,True,Cusco
78678,57.18351184202501,True,711.8181168869074,True,266.9317938325904,True,Cusco
78679,54.56343929030276,True,706.722714481452,True,265.0210179305444,True,Cusco
78731,62.83624717800111,True,806.657488105268,True,302.49655803947485,True,Cusco
78732,57.61843988363297,True,753.3050907809053,True,282.4894090428393,True,Cusco
78734,56.44060511323224,True,709.1145982144756,True,265.9179743304281,True,Cusco
78735,53.90462608534195,True,689.851268458707,True,258.6942256720154,True,Cusco
78825,34.558443921120116,True,414.22043727032764,True,155.33266397637257,True,Cusco
78840,11.80748148604256,True,149.5704928672512,True,56.16544378790279,True,Cusco
78863,22.541391211362207,True,283.266502011591,True,106.22493825434655,True,Cusco
78866,26.46213065070648,True,295.41650357448714,True,110.78118884043258,True,Cusco
78872,30.30622032286235,True,371.09616426069596,True,139.2375705604444,True,Cusco
78879,10.425928735522712,True,108.03288752644104,True,40.5123328224154,True,Cusco
78882,25.056581095990616,True,262.1467811516311,True,98.30504293186168,True,Cusco
78891,17.956698393919908,True,193.61863733262223,True,72.6069889997332,True,Cusco
78900,11.62469433838992,True,144.96124855546293,True,54.36046820829858,True,Cusco
78909,17.839775115260938,True,214.57596884641873,True,80.46598831740701,True,Cusco
78928,45.57336495605747,True,497.90169688250677,True,186.71313633093976,True,Cusco
78933,88.4524319817634,True,1032.7625436148712,True,387.28595385557776,True,Cusco
78942,5.701560392815986,True,66.0385022579368,True,24.764438346726315,True,Cusco
78943,28.677331025924083,True,294.33122497326184,True,110.3742093649733,True,Cusco
78947,9.376983867944874,True,142.02229149708134,True,53.33486827408911,True,Cusco
78948,41.42677323395026,True,399.84603461414576,True,149.9422629803047,True,Cusco
78952,53.774875706963684,True,590.2236323834642,True,221.33386214379945,True,Cusco
78953,52.704136946294675,True,655.6278880253656,True,245.86045800951192,True,Cusco
78957,29.18782680669095,True,374.23024975501227,True,140.33634365812966,True,Cusco
78958,5.049844633781881,True,35.92472320338882,True,13.47177120127081,True,Cusco
78968,30.521236434795828,True,332.7248556311681,True,124.7718208616881,True,Cusco
78976,29.23774120251828,True,374.89577503270993,True,140.58591563726628,True,Cusco
78978,32.61112544402522,True,389.38938099080707,True,146.02101787155252,True,Cusco
78982,29.217572446283885,True,350.95960684278833,True,131.6098525660456,True,Cusco
78986,18.544673742537775,True,219.43002317388482,True,82.28625869020682,True,Cusco
78987,18.583790456908655,True,219.86465333356128,True,82.4492450000855,True,Cusco
78993,11.052919538843172,True,139.05610297509887,True,52.14603861566205,True,Cusco
78995,1.494457110567005,True,8.30253950315003,True,3.1134523136812606,True,Cusco
79000,6.739845733904352,True,96.92480771779724,True,36.423311856857566,True,Cusco
79001,23.495172509334544,True,298.32819245692747,True,111.87307217134779,True,Cusco
79011,56.526739769996674,True,717.5438278268226,True,269.0789354350584,True,Cusco
79015,25.108096519902734,True,313.0160412970089,True,117.45752444906186,True,Cusco
79016,7.598158227864297,True,52.28126756271276,True,19.60547533601729,True,Cusco
79017,41.595986839176284,True,507.1002376752732,True,190.16258912822752,True,Cusco
79020,25.218015048481426,True,321.2994263122191,True,120.48728486708215,True,Cusco
79023,53.87873978138019,True,637.9439626941953,True,239.22898601032338,True,Cusco
79029,78.62859548256775,True,1254.1544655690184,True,469.40985222653427,True,Cusco
79031,124.16248509816246,True,1823.0561549026054,True,683.0595599444025,True,Cusco
79037,93.85509832525902,True,1533.5314456273222,True,574.1762197483987,True,Cusco
79046,84.98653115183873,True,1409.0984911379924,True,527.5138618148995,True,Cusco
79048,74.84717255470879,True,1248.3097634351254,True,467.21808892632373,True,Cusco
79058,137.6442420264185,True,1945.9653179905877,True,758.6063791402719,True,Cusco
79066,187.74067144327793,True,2050.380306571219,True,768.3061168201318,True,Cusco
79072,201.26692484366302,True,2180.3470880400155,True,817.0436598709293,True,Cusco
79075,201.22243904127419,True,2188.9701596605196,True,896.1240708230065,True,Cusco
79079,201.22243904127419,True,2189.1698543382777,True,896.1989563271658,True,Cusco
79083,130.6596207315736,True,1940.1175440979614,True,728.4465827402285,True,Cusco
79084,80.84957529759609,True,1350.687883224895,True,505.6098838474874,True,Cusco
79089,146.48950942388947,True,2025.9222254855308,True,759.134336413,True,Cusco
79095,195.90257219829346,True,2086.0968927929307,True,781.699836653274,True,Cusco
79096,168.64527831562137,True,2176.1104029650332,True,815.4549029678125,True,Cusco
79101,141.89315397117505,True,1984.9172017469375,True,743.7574525110267,True,Cusco
79107,73.21983722200305,True,1137.1360503568371,True,425.52794652196644,True,Cusco
79112,106.12796971606717,True,1671.4145959877567,True,625.8824011335626,True,Cusco
79115,121.73957691386536,True,1844.8768981855173,True,690.9307644577219,True,Cusco
79122,71.63689171281773,True,1166.0699526857663,True,436.37815989531424,True,Cusco
79126,103.81007979747184,True,1707.4639085029785,True,641.2014693921111,True,Cusco
79140,151.9089372510289,True,1989.4967877106,True,745.4747972473996,True,Cusco
79148,138.13873655185824,True,1962.3867819736938,True,735.3085450960613,True,Cusco
79164,132.82812452068083,True,1944.8702794022488,True,730.2288584793356,True,Cusco
79171,121.10365106660433,True,1903.5789423319886,True,714.744607077989,True,Cusco
79172,123.41092252679354,True,1795.847280940275,True,730.9914156890462,True,Cusco
79173,116.88668056979915,True,1790.9558276958921,True,670.7103630241126,True,Cusco
79174,128.7650631572199,True,1853.571105611458,True,752.6378499407386,True,Cusco
79191,178.85409881566895,True,1983.0186685180336,True,743.0455025501875,True,Cusco
79192,175.59053525404468,True,1946.7568511666495,True,729.4473210434193,True,Cusco
79212,56.167546527370156,True,912.4613551340026,True,341.2749358134021,True,Cusco
79226,63.25233279919106,True,1060.7342754972467,True,396.8772809496192,True,Cusco
79252,85.2198284724535,True,1118.1692662085,True,418.415402466339,True,Cusco
79262,149.4819063019726,True,1842.6852867255523,True,690.1089101602325,True,Cusco
79275,130.96416656902298,True,1669.089513310201,True,625.010495129476,True,Cusco
79276,150.8196335554995,True,1815.1519529515574,True,679.7839099949838,True,Cusco
79283,79.98659161660568,True,1133.9849860697025,True,424.34629741428853,True,Cusco
79286,68.43031507394883,True,938.595983801415,True,369.3652334666911,True,Cusco
79287,147.07081302695877,True,1781.5616396344005,True,667.1875425010505,True,Cusco
79290,59.48124108521195,True,928.2711263399556,True,347.20360001563427,True,Cusco
79298,68.37887865277753,True,983.957243988643,True,368.0858941338909,True,Cusco
79305,70.5057827106052,True,1099.912279428135,True,411.5690324237018,True,Cusco
79308,58.49655068419238,True,841.9093037301831,True,329.42267576784434,True,Cusco
79314,70.79060611799736,True,1049.5921819297328,True,392.69899586180026,True,Cusco
79315,72.18840447581427,True,1061.9885285983726,True,397.3476258625406,True,Cusco
79320,66.49934027402333,True,958.0095598461762,True,358.3555125804672,True,Cusco
79326,71.49177439735263,True,996.9079722129997,True,378.6609218539277,True,Cusco
79332,82.5257300832662,True,1068.8025794294997,True,399.9028949242141,True,Cusco
79340,52.40128819920163,True,779.218119618803,True,291.3087224952029,True,Cusco
79343,77.13222204648535,True,1053.679827812891,True,394.2318630679842,True,Cusco
79345,77.35776866836653,True,1048.899637998172,True,392.4392918874648,True,Cusco
79348,47.66950166345063,True,696.6753137569866,True,279.5444614667961,True,Cusco
79350,72.04212932062725,True,1085.521432012953,True,406.17246464300894,True,Cusco
79359,85.94275974845317,True,1320.4081006821018,True,494.25496539394004,True,Cusco
79367,39.7438956152127,True,660.0864689003951,True,246.63435347579923,True,Cusco
79375,71.63986173964382,True,1151.6832326261656,True,430.9831398729643,True,Cusco
79376,86.73442152405879,True,1263.0567678060438,True,472.74821556541946,True,Cusco
79384,67.6632879756713,True,972.0402511903679,True,363.617021834539,True,Cusco
79392,60.48602609138767,True,849.128992479935,True,317.525299818127,True,Cusco
79400,140.31337078071402,True,1720.8484337530351,True,644.4200902955381,True,Cusco
79401,140.67159421164928,True,1664.8645593928145,True,623.4261374104573,True,Cusco
79407,66.25924509008017,True,1042.4874725347,True,390.03472983866385,True,Cusco
79417,57.367878912473984,True,753.9309050131436,True,281.82601701808136,True,Cusco
79437,81.73171519925621,True,1273.6187168021368,True,476.70894643895264,True,Cusco
79440,143.11561888049053,True,1686.518657608595,True,631.546424241375,True,Cusco
79442,79.10152669555272,True,1080.2676393621266,True,404.2022923989478,True,Cusco
79447,143.5043973394578,True,1789.824785153147,True,670.2862220705833,True,Cusco
79451,133.6025518196279,True,1706.4166719420614,True,639.0081796164254,True,Cusco
79456,133.58618553111089,True,1732.9870943820183,True,648.972088031409,True,Cusco
79467,155.81627386508995,True,1893.8060653006728,True,709.2792021259063,True,Cusco
119284,0.0,True,0.0,True,0.0,True,Loreto
119295,0.0,True,0.0,True,0.0,True,Loreto
119296,0.0,True,0.0,True,0.0,True,Loreto
123665,0.0,True,0.0,True,0.0,True,Loreto
123667,0.0,True,0.0,True,0.0,True,Loreto
123670,0.0,True,0.0,True,0.0,True,Loreto
123673,0.0,True,0.0,True,0.0,True,Loreto
123674,0.0,True,0.0,True,0.0,True,Loreto
123676,0.0,True,0.0,True,0.0,True,Loreto
123678,0.0,True,0.0,True,0.0,True,Loreto
123679,0.0,True,0.0,True,0.0,True,Loreto
123680,0.0,True,0.0,True,0.0,True,Loreto
123683,0.0,True,0.0,True,0.0,True,Loreto
123685,0.0,True,0.0,True,0.0,True,Loreto
123687,0.0,True,0.0,True,0.0,True,Loreto
123688,0.0,True,0.0,True,0.0,True,Loreto
123689,0.0,True,0.0,True,0.0,True,Loreto
123706,0.0,True,0.0,True,0.0,True,Loreto
123711,0.0,True,0.0,True,0.0,True,Loreto
123713,0.0,True,0.0,True,0.0,True,Loreto
123720,0.0,True,0.0,True,0.0,True,Loreto
123725,0.0,True,0.0,True,0.0,True,Loreto
123734,0.0,True,0.0,True,0.0,True,Loreto
123735,0.0,True,0.0,True,0.0,True,Loreto
123745,0.0,True,0.0,True,0.0,True,Loreto
123748,0.0,True,0.0,True,0.0,True,Loreto
123750,0.0,True,0.0,True,0.0,True,Loreto
123751,0.0,True,0.0,True,0.0,True,Loreto
123752,0.0,True,0.0,True,0.0,True,Loreto
123753,0.0,True,0.0,True,0.0,True,Loreto
123754,0.0,True,0.0,True,0.0,True,Loreto
123767,0.0,True,0.0,True,0.0,True,Loreto
123772,0.0,True,0.0,True,0.0,True,Loreto
129281,1.5234950315210178,True,0.0,True,12.645852602981089,True,Loreto
129285,1.5234950315210178,True,0.0,True,12.645852602981089,True,Loreto
129288,1.5234950315210178,True,0.0,True,12.645852602981089,True,Loreto
129310,1.5234950315210178,True,0.0,True,12.645852602981089,True,Loreto
129331,1.5234950315210178,True,0.0,True,12.645852602981089,True,Loreto
129332,1.5234950315210178,True,0.0,True,12.645852602981089,True,Loreto
129340,0.0,True,0.0,True,12.645852602981089,True,Loreto
129341,1.5234950315210178,True,0.0,True,12.645852602981089,True,Loreto
129349,1.5234950315210178,True,0.0,True,12.645852602981089,True,Loreto
129361,0.0,True,0.0,True,0.0,True,Loreto
129364,0.0,True,0.0,True,0.0,True,Loreto
129368,0.0,True,0.0,True,0.0,True,Loreto
129377,0.0,True,0.0,True,0.0,True,Loreto
129382,0.0,True,0.0,True,0.0,True,Loreto
129383,0.0,True,0.0,True,0.0,True,Loreto
129384,0.0,True,0.0,True,0.0,True,Loreto
129385,0.0,True,0.0,True,0.0,True,Loreto
129386,0.0,True,0.0,True,0.0,True,Loreto
129387,0.0,True,0.0,True,0.0,True,Loreto
129391,0.0,True,0.0,True,0.0,True,Loreto
129392,0.0,True,0.0,True,0.0,True,Loreto
129395,0.0,True,0.0,True,0.0,True,Loreto
129402,0.0,True,0.0,True,0.0,True,Loreto
129406,0.0,True,0.0,True,0.0,True,Loreto
129407,0.0,True,0.0,True,0.0,True,Loreto
129411,0.0,True,0.0,True,0.0,True,Loreto
129413,0.0,True,0.0,True,0.0,True,Loreto
129414,0.0,True,0.0,True,0.0,True,Loreto
129416,0.0,True,0.0,True,0.0,True,Loreto
129418,0.0,True,0.0,True,0.0,True,Loreto
129419,0.0,True,0.0,True,0.0,True,Loreto
129421,0.0,True,0.0,True,0.0,True,Loreto
129423,0.0,True,0.0,True,0.0,True,Loreto
129426,0.0,True,0.0,True,0.0,True,Loreto
129427,0.0,True,0.0,True,0.0,True,Loreto
129430,0.0,True,0.0,True,0.0,True,Loreto
129434,0.0,True,0.0,True,0.0,True,Loreto
129435,0.0,True,0.0,True,0.0,True,Loreto
129436,0.0,True,0.0,True,0.0,True,Loreto
129439,0.0,True,0.0,True,0.0,True,Loreto
129443,0.0,True,0.0,True,0.0,True,Loreto
129448,0.0,True,0.0,True,0.0,True,Loreto
129450,0.0,True,0.0,True,0.0,True,Loreto
129452,0.0,True,0.0,True,0.0,True,Loreto
129453,0.0,True,0.0,True,0.0,True,Loreto
129454,0.0,True,0.0,True,0.0,True,Loreto
129456,0.0,True,0.0,True,0.0,True,Loreto
129458,0.0,True,0.0,True,0.0,True,Loreto
129459,0.0,True,0.0,True,0.0,True,Loreto
129460,0.0,True,0.0,True,0.0,True,Loreto
136617,0.0,True,0.0,True,0.0,True,Loreto
136625,0.0,True,0.0,True,0.0,True,Loreto
136626,0.0,True,0.0,True,0.0,True,Loreto
136627,0.0,True,0.0,True,0.0,True,Loreto
136628,0.0,True,0.0,True,0.0,True,Loreto
136631,0.0,True,0.0,True,0.0,True,Loreto
136633,0.0,True,0.0,True,0.0,True,Loreto
136634,0.0,True,0.0,True,0.0,True,Loreto
136636,0.0,True,0.0,True,0.0,True,Loreto
136639,0.0,True,0.0,True,0.0,True,Loreto
136640,0.0,True,0.0,True,0.0,True,Loreto
136641,0.0,True,0.0,True,0.0,True,Loreto
136646,0.0,True,0.0,True,0.0,True,Loreto
136649,0.0,True,0.0,True,0.0,True,Loreto
136661,0.0,True,0.0,True,0.0,True,Loreto
136662,0.0,True,0.0,True,0.0,True,Loreto
136665,0.0,True,0.0,True,0.0,True,Loreto
136667,0.0,True,0.0,True,0.0,True,Loreto
136684,0.0,True,0.0,True,0.0,True,Loreto
136698,0.0,True,0.0,True,0.0,True,Loreto
141495,1.172991478317032,True,0.0,True,0.0,True,Loreto
141496,1.172991478317032,True,0.0,True,0.0,True,Loreto
141636,1.172991478317032,True,0.0,True,0.0,True,Loreto
141641,1.172991478317032,True,0.0,True,0.0,True,Loreto
141644,1.172991478317032,True,0.0,True,0.0,True,Loreto
141647,1.172991478317032,True,0.0,True,0.0,True,Loreto
141648,0.0,True,0.0,True,0.0,True,Loreto
141650,0.0,True,0.0,True,0.0,True,Loreto
141651,0.0,True,0.0,True,0.0,True,Loreto
141652,0.0,True,0.0,True,0.0,True,Loreto
141658,1.172991478317032,True,0.0,True,0.0,True,Loreto
141659,0.0,True,0.0,True,0.0,True,Loreto
141662,0.0,True,0.0,True,0.0,True,Loreto
141667,0.0,True,0.0,True,0.0,True,Loreto
141671,0.0,True,0.0,True,0.0,True,Loreto
141672,0.0,True,0.0,True,0.0,True,Loreto
141674,0.0,True,0.0,True,0.0,True,Loreto
141675,0.0,True,0.0,True,0.0,True,Loreto
141677,0.0,True,0.0,True,0.0,True,Loreto
141678,0.0,True,0.0,True,0.0,True,Loreto
141680,0.0,True,0.0,True,0.0,True,Loreto
141686,0.0,True,0.0,True,0.0,True,Loreto
141688,0.0,True,0.0,True,0.0,True,Loreto
141689,0.0,True,0.0,True,0.0,True,Loreto
141690,0.0,True,0.0,True,0.0,True,Loreto
141691,0.0,True,0.0,True,0.0,True,Loreto
141694,0.0,True,0.0,True,0.0,True,Loreto
141698,0.0,True,0.0,True,0.0,True,Loreto
141701,0.0,True,0.0,True,0.0,True,Loreto
141702,0.0,True,0.0,True,0.0,True,Loreto
141703,0.0,True,0.0,True,0.0,True,Loreto
141731,0.0,True,0.0,True,0.0,True,Loreto
141769,1.172991478317032,True,0.0,True,0.0,True,Loreto
141772,0.0,True,0.0,True,0.0,True,Loreto
141773,0.0,True,0.0,True,0.0,True,Loreto
141775,0.0,True,0.0,True,0.0,True,Loreto
141776,0.0,True,0.0,True,0.0,True,Loreto
141780,0.0,True,0.0,True,0.0,True,Loreto
141781,1.172991478317032,True,0.0,True,0.0,True,Loreto
141792,0.0,True,0.0,True,0.0,True,Loreto
141814,0.0,True,0.0,True,0.0,True,Loreto
141815,0.0,True,0.0,True,0.0,True,Loreto
141816,0.0,True,0.0,True,0.0,True,Loreto
141818,0.0,True,0.0,True,0.0,True,Loreto
141820,0.0,True,0.0,True,0.0,True,Loreto
141827,0.0,True,0.0,True,0.0,True,Loreto
141856,1.172991478317032,True,0.0,True,0.0,True,Loreto
141876,1.5234950315210178,True,0.0,True,0.0,True,Loreto
141877,1.5234950315210178,True,0.0,True,0.0,True,Loreto
141945,0.0,True,0.0,True,0.0,True,Loreto
141946,0.0,True,0.0,True,0.0,True,Loreto
141961,0.0,True,0.0,True,0.0,True,Loreto
142074,1.5234950315210178,True,0.0,True,0.0,True,Loreto
142089,1.5234950315210178,True,0.0,True,0.0,True,Loreto
142093,1.172991478317032,True,0.0,True,0.0,True,Loreto
142094,1.172991478317032,True,0.0,True,0.0,True,Loreto
142095,1.172991478317032,True,0.0,True,0.0,True,Loreto
142096,1.172991478317032,True,0.0,True,0.0,True,Loreto
142100,1.172991478317032,True,0.0,True,0.0,True,Loreto
142103,1.172991478317032,True,0.0,True,0.0,True,Loreto
142106,1.172991478317032,True,0.0,True,0.0,True,Loreto
142107,1.172991478317032,True,0.0,True,0.0,True,Loreto
142109,1.172991478317032,True,0.0,True,0.0,True,Loreto
142111,1.5234950315210178,True,0.0,True,0.0,True,Loreto
142118,1.172991478317032,True,0.0,True,0.0,True,Loreto
142121,1.172991478317032,True,0.0,True,0.0,True,Loreto
142123,0.0,True,0.0,True,0.0,True,Loreto
142124,1.172991478317032,True,0.0,True,0.0,True,Loreto
142125,1.172991478317032,True,0.0,True,0.0,True,Loreto
142130,1.172991478317032,True,0.0,True,0.0,True,Loreto
142131,0.0,True,0.0,True,0.0,True,Loreto
142132,0.0,True,0.0,True,0.0,True,Loreto
142133,1.172991478317032,True,0.0,True,0.0,True,Loreto
142134,0.0,True,0.0,True,0.0,True,Loreto
142135,0.0,True,0.0,True,0.0,True,Loreto
142136,0.0,True,0.0,True,0.0,True,Loreto
142138,1.172991478317032,True,0.0,True,0.0,True,Loreto
142139,0.0,True,0.0,True,0.0,True,Loreto
142141,0.0,True,0.0,True,0.0,True,Loreto
142142,0.0,True,0.0,True,0.0,True,Loreto
142143,1.172991478317032,True,0.0,True,0.0,True,Loreto
142145,0.0,True,0.0,True,0.0,True,Loreto
142146,1.172991478317032,True,0.0,True,0.0,True,Loreto
142150,0.0,True,0.0,True,0.0,True,Loreto
142151,0.0,True,0.0,True,0.0,True,Loreto
142152,0.0,True,0.0,True,0.0,True,Loreto
142153,0.0,True,0.0,True,0.0,True,Loreto
142155,0.0,True,0.0,True,0.0,True,Loreto
142156,0.0,True,0.0,True,0.0,True,Loreto
142157,0.0,True,0.0,True,0.0,True,Loreto
142158,0.0,True,0.0,True,0.0,True,Loreto
142159,0.0,True,0.0,True,0.0,True,Loreto
142161,0.0,True,0.0,True,0.0,True,Loreto
142162,0.0,True,0.0,True,0.0,True,Loreto
142163,0.0,True,0.0,True,0.0,True,Loreto
142164,1.5234950315210178,True,0.0,True,0.0,True,Loreto
142167,0.0,True,0.0,True,0.0,True,Loreto
142168,0.0,True,0.0,True,0.0,True,Loreto
142169,0.0,True,0.0,True,0.0,True,Loreto
142170,0.0,True,0.0,True,0.0,True,Loreto
142186,0.0,True,0.0,True,0.0,True,Loreto
142187,0.0,True,0.0,True,0.0,True,Loreto
142196,0.0,True,0.0,True,0.0,True,Loreto
142197,0.0,True,0.0,True,0.0,True,Loreto
142199,1.172991478317032,True,0.0,True,0.0,True,Loreto
142200,1.172991478317032,True,0.0,True,0.0,True,Loreto
142201,1.172991478317032,True,0.0,True,0.0,True,Loreto
142202,0.0,True,0.0,True,0.0,True,Loreto
142203,0.0,True,0.0,True,0.0,True,Loreto
142205,0.0,True,0.0,True,0.0,True,Loreto
142206,1.172991478317032,True,0.0,True,0.0,True,Loreto
142209,0.0,True,0.0,True,0.0,True,Loreto
142217,1.172991478317032,True,0.0,True,0.0,True,Loreto
142220,0.0,True,0.0,True,0.0,True,Loreto
142230,1.172991478317032,True,0.0,True,0.0,True,Loreto
142231,1.5234950315210178,True,0.0,True,0.0,True,Loreto
142232,0.0,True,0.0,True,0.0,True,Loreto
142237,0.0,True,0.0,True,0.0,True,Loreto
142240,0.0,True,0.0,True,0.0,True,Loreto
142263,0.0,True,0.0,True,0.0,True,Loreto
142264,0.0,True,0.0,True,0.0,True,Loreto
142267,0.0,True,0.0,True,12.645852602981089,True,Loreto
142275,1.5234950315210178,True,0.0,True,12.645852602981089,True,Loreto
142276,1.5234950315210178,True,0.0,True,12.645852602981089,True,Loreto
142284,1.5234950315210178,True,0.0,True,12.645852602981089,True,Loreto
142287,0.0,True,0.0,True,0.0,True,Loreto
142289,0.0,True,0.0,True,0.0,True,Loreto
142296,1.5234950315210178,True,0.0,True,12.645852602981089,True,Loreto
142299,0.0,True,0.0,True,0.0,True,Loreto
142304,0.0,True,0.0,True,0.0,True,Loreto
142306,0.0,True,0.0,True,0.0,True,Loreto
142307,1.5234950315210178,True,0.0,True,12.645852602981089,True,Loreto
142308,0.0,True,0.0,True,0.0,True,Loreto
142310,1.5234950315210178,True,0.0,True,12.645852602981089,True,Loreto
142311,0.0,True,0.0,True,0.0,True,Loreto
142312,0.0,True,0.0,True,0.0,True,Loreto
142315,0.0,True,0.0,True,0.0,True,Loreto
142316,1.5234950315210178,True,0.0,True,12.645852602981089,True,Loreto
142325,0.0,True,0.0,True,0.0,True,Loreto
142327,1.5234950315210178,True,0.0,True,12.645852602981089,True,Loreto
142331,1.5234950315210178,True,0.0,True,12.645852602981089,True,Loreto
142334,0.0,True,0.0,True,0.0,True,Loreto
142341,0.0,True,0.0,True,12.645852602981089,True,Loreto
142342,1.5234950315210178,True,0.0,True,12.645852602981089,True,Loreto
142345,0.0,True,0.0,True,0.0,True,Loreto
142348,0.0,True,0.0,True,0.0,True,Loreto
142350,0.0,True,0.0,True,0.0,True,Loreto
142354,0.0,True,0.0,True,0.0,True,Loreto
142360,0.0,True,0.0,True,0.0,True,Loreto
142363,0.0,True,0.0,True,0.0,True,Loreto
142371,0.0,True,0.0,True,0.0,True,Loreto
142377,0.0,True,0.0,True,0.0,True,Loreto
142380,0.0,True,0.0,True,0.0,True,Loreto
142381,0.0,True,0.0,True,0.0,True,Loreto
145467,25.262655516038603,True,1.2783238658897915,True,0.4793714497086718,True,Loreto
145497,25.262655516038603,True,1.2783238658897915,True,0.4793714497086718,True,Loreto
145501,25.6004455201391,True,1.2783238658897915,True,0.4793714497086718,True,Loreto
145502,25.6004455201391,True,1.2783238658897915,True,0.4793714497086718,True,Loreto
145509,25.262655516038603,True,1.2783238658897915,True,0.4793714497086718,True,Loreto
145510,25.262655516038603,True,1.2783238658897915,True,0.4793714497086718,True,Loreto
145528,25.6004455201391,True,1.2783238658897915,True,0.4793714497086718,True,Loreto
145529,25.262655516038603,True,1.2783238658897915,True,0.4793714497086718,True,Loreto
145534,0.0,True,0.0,True,0.0,True,Loreto
145536,0.0,True,0.0,True,0.0,True,Loreto
145542,0.0,True,0.0,True,0.0,True,Loreto
145543,0.0,True,0.0,True,0.0,True,Loreto
145545,0.0,True,0.0,True,0.0,True,Loreto
145547,0.0,True,0.0,True,0.0,True,Loreto
145553,0.0,True,0.0,True,0.0,True,Loreto
145554,0.0,True,0.0,True,0.0,True,Loreto
145562,0.0,True,0.0,True,0.0,True,Loreto
145563,0.0,True,0.0,True,0.0,True,Loreto
145567,0.0,True,0.0,True,0.0,True,Loreto
145570,25.262655516038603,True,1.2783238658897915,True,0.4793714497086718,True,Loreto
145576,25.262655516038603,True,1.2783238658897915,True,0.4793714497086718,True,Loreto
145583,25.262655516038603,True,1.2783238658897915,True,0.4793714497086718,True,Loreto
145587,0.0,True,0.0,True,0.0,True,Loreto
145588,0.0,True,0.0,True,0.0,True,Loreto
145591,0.0,True,0.0,True,0.0,True,Loreto
145595,0.0,True,0.0,True,0.0,True,Loreto
145609,25.262655516038603,True,1.2783238658897915,True,0.4793714497086718,True,Loreto
145611,25.262655516038603,True,1.2783238658897915,True,0.4793714497086718,True,Loreto
145612,25.262655516038603,True,1.2783238658897915,True,0.4793714497086718,True,Loreto
145613,25.262655516038603,True,1.2783238658897915,True,0.4793714497086718,True,Loreto
145618,0.0,True,0.0,True,0.0,True,Loreto
145619,0.0,True,0.0,True,0.0,True,Loreto
145620,0.0,True,0.0,True,0.0,True,Loreto
145621,25.262655516038603,True,1.2783238658897915,True,0.4793714497086718,True,Loreto
145624,25.262655516038603,True,1.2783238658897915,True,0.4793714497086718,True,Loreto
145629,25.262655516038603,True,0.0,True,0.0,True,Loreto
145639,0.0,True,0.0,True,0.0,True,Loreto
145645,0.0,True,0.0,True,0.0,True,Loreto
145649,25.262655516038603,True,1.2783238658897915,True,0.4793714497086718,True,Loreto
145651,25.262655516038603,True,1.2783238658897915,True,0.4793714497086718,True,Loreto
145653,0.0,True,0.0,True,0.0,True,Loreto
145662,0.0,True,0.0,True,0.0,True,Loreto
145666,0.0,True,0.0,True,0.0,True,Loreto
145667,25.262655516038603,True,0.0,True,0.0,True,Loreto
145669,0.0,True,0.0,True,0.0,True,Loreto
145670,0.0,True,0.0,True,0.0,True,Loreto
145672,0.0,True,0.0,True,0.0,True,Loreto
145680,0.0,True,0.0,True,0.0,True,Loreto
145685,0.0,True,0.0,True,0.0,True,Loreto
145686,0.0,True,0.0,True,0.0,True,Loreto
145689,0.0,True,0.0,True,0.0,True,Loreto
145691,0.0,True,0.0,True,0.0,True,Loreto
145692,0.0,True,0.0,True,0.0,True,Loreto
145693,0.0,True,0.0,True,0.0,True,Loreto
145694,0.0,True,0.0,True,0.0,True,Loreto
145697,0.0,True,0.0,True,0.0,True,Loreto
145701,0.0,True,0.0,True,0.0,True,Loreto
145703,0.0,True,0.0,True,0.0,True,Loreto
145707,0.0,True,0.0,True,0.0,True,Loreto
145708,0.0,True,0.0,True,0.0,True,Loreto
145710,0.0,True,0.0,True,0.0,True,Loreto
145712,0.0,True,0.0,True,0.0,True,Loreto
145713,0.0,True,0.0,True,0.0,True,Loreto
145725,0.0,True,0.0,True,0.0,True,Loreto
145726,0.0,True,0.0,True,0.0,True,Loreto
145730,0.0,True,0.0,True,0.0,True,Loreto
145737,0.0,True,0.0,True,0.0,True,Loreto
145738,25.262655516038603,True,0.0,True,0.0,True,Loreto
145740,25.262655516038603,True,0.0,True,0.0,True,Loreto
145742,0.0,True,0.0,True,0.0,True,Loreto
145745,0.0,True,0.0,True,0.0,True,Loreto
145746,0.0,True,0.0,True,0.0,True,Loreto
145750,0.0,True,0.0,True,0.0,True,Loreto
145753,0.0,True,0.0,True,0.0,True,Loreto
145770,0.0,True,0.0,True,0.0,True,Loreto
145771,0.0,True,0.0,True,0.0,True,Loreto
145772,25.262655516038603,True,0.0,True,0.0,True,Loreto
145773,0.0,True,0.0,True,0.0,True,Loreto
145775,0.0,True,0.0,True,0.0,True,Loreto
145778,0.0,True,0.0,True,0.0,True,Loreto
145779,0.0,True,0.0,True,0.0,True,Loreto
145781,0.0,True,0.0,True,0.0,True,Loreto
145782,0.0,True,0.0,True,0.0,True,Loreto
145783,0.0,True,0.0,True,0.0,True,Loreto
145788,0.0,True,0.0,True,0.0,True,Loreto
145790,0.0,True,0.0,True,0.0,True,Loreto
145792,0.0,True,0.0,True,0.0,True,Loreto
145793,0.0,True,0.0,True,0.0,True,Loreto
145797,0.0,True,0.0,True,0.0,True,Loreto
145798,1.172991478317032,True,0.0,True,0.0,True,Loreto
145799,1.172991478317032,True,0.0,True,0.0,True,Loreto
145800,1.5234950315210178,True,36.26532745541291,True,12.645852602981089,True,Loreto
145802,1.172991478317032,True,0.0,True,0.0,True,Loreto
145805,0.0,True,0.0,True,0.0,True,Loreto
145809,0.0,True,0.0,True,0.0,True,Loreto
145817,0.0,True,0.0,True,0.0,True,Loreto
145820,1.5234950315210178,True,0.0,True,12.645852602981089,True,Loreto
145825,1.5234950315210178,True,0.0,True,12.645852602981089,True,Loreto
145829,1.5234950315210178,True,0.0,True,12.645852602981089,True,Loreto
145833,1.5234950315210178,True,0.0,True,12.645852602981089,True,Loreto
145835,0.0,True,0.0,True,0.0,True,Loreto
145836,0.0,True,0.0,True,0.0,True,Loreto
145841,0.0,True,0.0,True,0.0,True,Loreto
145845,0.0,True,0.0,True,0.0,True,Loreto
145846,0.0,True,0.0,True,0.0,True,Loreto
145847,0.0,True,0.0,True,0.0,True,Loreto
145851,0.0,True,0.0,True,0.0,True,Loreto
145857,0.0,True,0.0,True,0.0,True,Loreto
145858,0.0,True,0.0,True,0.0,True,Loreto
145862,0.0,True,0.0,True,0.0,True,Loreto
145866,0.0,True,0.0,True,0.0,True,Loreto
145867,0.0,True,0.0,True,0.0,True,Loreto
145872,0.0,True,0.0,True,0.0,True,Loreto
145874,0.0,True,0.0,True,0.0,True,Loreto
145883,0.0,True,0.0,True,12.645852602981089,True,Loreto
145886,0.0,True,0.0,True,0.0,True,Loreto
145888,0.0,True,0.0,True,0.0,True,Loreto
145893,1.5234950315210178,True,0.0,True,12.645852602981089,True,Loreto
145894,1.5234950315210178,True,0.0,True,12.645852602981089,True,Loreto
145897,0.0,True,0.0,True,0.0,True,Loreto
145898,0.0,True,0.0,True,0.0,True,Loreto
145911,0.0,True,0.0,True,0.0,True,Loreto
145913,0.0,True,0.0,True,0.0,True,Loreto
145914,0.0,True,0.0,True,0.0,True,Loreto
145916,0.0,True,0.0,True,0.0,True,Loreto
145918,0.0,True,0.0,True,0.0,True,Loreto
145919,0.0,True,0.0,True,0.0,True,Loreto
145921,0.0,True,0.0,True,0.0,True,Loreto
145925,0.0,True,0.0,True,0.0,True,Loreto
145927,0.0,True,0.0,True,0.0,True,Loreto
145930,0.0,True,0.0,True,0.0,True,Loreto
148826,25.6004455201391,True,1.2783238658897915,True,0.4793714497086718,True,Loreto
148828,25.6004455201391,True,1.2783238658897915,True,0.4793714497086718,True,Loreto
148841,25.6004455201391,True,1.2783238658897915,True,0.4793714497086718,True,Loreto
148847,25.6004455201391,True,1.2783238658897915,True,0.4793714497086718,True,Loreto
148856,25.6004455201391,True,1.2783238658897915,True,0.4793714497086718,True,Loreto
148861,25.6004455201391,True,1.2783238658897915,True,0.4793714497086718,True,Loreto
148865,25.6004455201391,True,1.2783238658897915,True,0.4793714497086718,True,Loreto
148866,25.6004455201391,True,1.2783238658897915,True,0.4793714497086718,True,Loreto
148872,25.6004455201391,True,1.2783238658897915,True,0.4793714497086718,True,Loreto
148874,25.6004455201391,True,1.2783238658897915,True,0.4793714497086718,True,Loreto
148877,25.6004455201391,True,1.2783238658897915,True,0.4793714497086718,True,Loreto
148880,25.6004455201391,True,1.2783238658897915,True,0.4793714497086718,True,Loreto
148881,25.6004455201391,True,1.2783238658897915,True,0.4793714497086718,True,Loreto
148883,25.6004455201391,True,1.2783238658897915,True,0.4793714497086718,True,Loreto
148886,25.6004455201391,True,1.2783238658897915,True,0.4793714497086718,True,Loreto
148887,25.6004455201391,True,1.2783238658897915,True,0.4793714497086718,True,Loreto
148888,25.6004455201391,True,1.2783238658897915,True,0.4793714497086718,True,Loreto
148895,25.6004455201391,True,1.2783238658897915,True,0.4793714497086718,True,Loreto
148899,25.6004455201391,True,1.2783238658897915,True,0.4793714497086718,True,Loreto
148904,25.6004455201391,True,1.2783238658897915,True,0.4793714497086718,True,Loreto
148905,25.6004455201391,True,1.2783238658897915,True,0.4793714497086718,True,Loreto
148907,25.6004455201391,True,1.2783238658897915,True,0.4793714497086718,True,Loreto
148924,25.6004455201391,True,1.2783238658897915,True,0.4793714497086718,True,Loreto
148925,25.6004455201391,True,1.2783238658897915,True,0.4793714497086718,True,Loreto
148926,25.6004455201391,True,1.2783238658897915,True,0.4793714497086718,True,Loreto
148928,25.6004455201391,True,1.2783238658897915,True,0.4793714497086718,True,Loreto
148931,25.6004455201391,True,1.2783238658897915,True,0.4793714497086718,True,Loreto
148935,25.6004455201391,True,1.2783238658897915,True,0.4793714497086718,True,Loreto
148941,25.262655516038603,True,1.2783238658897915,True,0.4793714497086718,True,Loreto
148959,25.6004455201391,True,1.2783238658897915,True,0.4793714497086718,True,Loreto
148966,25.6004455201391,True,1.2783238658897915,True,0.4793714497086718,True,Loreto
148967,25.6004455201391,True,1.2783238658897915,True,0.4793714497086718,True,Loreto
148975,25.6004455201391,True,1.2783238658897915,True,0.4793714497086718,True,Loreto
148983,25.6004455201391,True,1.2783238658897915,True,0.4793714497086718,True,Loreto
148993,25.6004455201391,True,1.2783238658897915,True,0.4793714497086718,True,Loreto
148998,25.6004455201391,True,1.2783238658897915,True,0.4793714497086718,True,Loreto
148999,25.6004455201391,True,1.2783238658897915,True,0.4793714497086718,True,Loreto
149004,25.6004455201391,True,1.2783238658897915,True,0.4793714497086718,True,Loreto
149007,25.6004455201391,True,1.2783238658897915,True,0.4793714497086718,True,Loreto
149008,25.6004455201391,True,1.2783238658897915,True,0.4793714497086718,True,Loreto
149009,25.6004455201391,True,1.2783238658897915,True,0.4793714497086718,True,Loreto
149015,25.6004455201391,True,1.2783238658897915,True,0.4793714497086718,True,Loreto
149030,25.6004455201391,True,1.2783238658897915,True,0.4793714497086718,True,Loreto
149032,25.6004455201391,True,1.2783238658897915,True,0.4793714497086718,True,Loreto
149035,25.6004455201391,True,1.2783238658897915,True,0.4793714497086718,True,Loreto
149038,25.6004455201391,True,1.2783238658897915,True,0.4793714497086718,True,Loreto
149047,25.262655516038603,True,0.0,True,0.0,True,Loreto
149053,25.262655516038603,True,1.2783238658897915,True,0.4793714497086718,True,Loreto
149054,25.262655516038603,True,1.2783238658897915,True,0.4793714497086718,True,Loreto
149056,25.262655516038603,True,1.2783238658897915,True,0.4793714497086718,True,Loreto
149057,25.262655516038603,True,1.2783238658897915,True,0.4793714497086718,True,Loreto
149066,25.6004455201391,True,1.2783238658897915,True,0.4793714497086718,True,Loreto
149067,25.6004455201391,True,1.2783238658897915,True,0.4793714497086718,True,Loreto
149068,25.6004455201391,True,1.2783238658897915,True,0.4793714497086718,True,Loreto
149071,25.6004455201391,True,1.2783238658897915,True,0.4793714497086718,True,Loreto
149073,25.6004455201391,True,1.2783238658897915,True,0.4793714497086718,True,Loreto
149074,25.6004455201391,True,1.2783238658897915,True,0.4793714497086718,True,Loreto
149081,25.6004455201391,True,1.2783238658897915,True,0.4793714497086718,True,Loreto
149082,25.6004455201391,True,1.2783238658897915,True,0.4793714497086718,True,Loreto
149083,25.262655516038603,True,1.2783238658897915,True,0.4793714497086718,True,Loreto
149085,25.262655516038603,True,1.2783238658897915,True,0.4793714497086718,True,Loreto
149089,25.6004455201391,True,1.2783238658897915,True,0.4793714497086718,True,Loreto
149091,25.6004455201391,True,1.2783238658897915,True,0.4793714497086718,True,Loreto
149095,25.6004455201391,True,1.2783238658897915,True,0.4793714497086718,True,Loreto
149098,25.6004455201391,True,1.2783238658897915,True,0.4793714497086718,True,Loreto
149100,25.262655516038603,True,1.2783238658897915,True,0.4793714497086718,True,Loreto
149102,25.6004455201391,True,1.2783238658897915,True,0.4793714497086718,True,Loreto
149103,25.262655516038603,True,1.2783238658897915,True,0.4793714497086718,True,Loreto
149105,25.6004455201391,True,1.2783238658897915,True,0.4793714497086718,True,Loreto
149106,25.262655516038603,True,1.2783238658897915,True,0.4793714497086718,True,Loreto
149110,25.262655516038603,True,1.2783238658897915,True,0.4793714497086718,True,Loreto
149116,25.6004455201391,True,1.2783238658897915,True,0.4793714497086718,True,Loreto
149117,25.6004455201391,True,1.2783238658897915,True,0.4793714497086718,True,Loreto
149121,25.6004455201391,True,1.2783238658897915,True,0.4793714497086718,True,Loreto
149126,25.6004455201391,True,1.2783238658897915,True,0.4793714497086718,True,Loreto
149127,25.6004455201391,True,1.2783238658897915,True,0.4793714497086718,True,Loreto
149130,25.262655516038603,True,1.2783238658897915,True,0.4793714497086718,True,Loreto
149133,25.262655516038603,True,1.2783238658897915,True,0.4793714497086718,True,Loreto
149137,25.6004455201391,True,1.2783238658897915,True,0.4793714497086718,True,Loreto
149141,25.262655516038603,True,1.2783238658897915,True,0.4793714497086718,True,Loreto
149143,25.262655516038603,True,1.2783238658897915,True,0.4793714497086718,True,Loreto
149145,25.6004455201391,True,1.2783238658897915,True,0.4793714497086718,True,Loreto
149150,1.5234950315210178,True,0.0,True,12.645852602981089,True,Loreto
149152,1.5234950315210178,True,0.0,True,12.645852602981089,True,Loreto
149153,0.0,True,0.0,True,0.0,True,Loreto
149155,0.0,True,0.0,True,0.0,True,Loreto
149156,0.0,True,0.0,True,0.0,True,Loreto
149158,1.5234950315210178,True,0.0,True,12.645852602981089,True,Loreto
149160,1.5234950315210178,True,0.0,True,12.645852602981089,True,Loreto
149162,0.0,True,0.0,True,0.0,True,Loreto
149167,0.0,True,0.0,True,0.0,True,Loreto
149169,1.5234950315210178,True,0.0,True,12.645852602981089,True,Loreto
149170,0.0,True,0.0,True,0.0,True,Loreto
149171,1.5234950315210178,True,0.0,True,12.645852602981089,True,Loreto
149172,1.5234950315210178,True,0.0,True,12.645852602981089,True,Loreto
149175,0.0,True,0.0,True,0.0,True,Loreto
149176,0.0,True,0.0,True,0.0,True,Loreto
149179,0.0,True,0.0,True,0.0,True,Loreto
149182,1.5234950315210178,True,0.0,True,12.645852602981089,True,Loreto
149183,1.5234950315210178,True,0.0,True,12.645852602981089,True,Loreto
149184,0.0,True,0.0,True,0.0,True,Loreto
149185,1.5234950315210178,True,0.0,True,12.645852602981089,True,Loreto
149187,1.172991478317032,True,36.26532745541291,True,12.645852602981089,True,Loreto
149188,1.172991478317032,True,92.19851855246229,True,33.6207992643746,True,Loreto
149193,1.5234950315210178,True,0.0,True,12.645852602981089,True,Loreto
149194,0.0,True,0.0,True,0.0,True,Loreto
149195,0.0,True,0.0,True,0.0,True,Loreto
149196,0.0,True,0.0,True,0.0,True,Loreto
149197,1.5234950315210178,True,0.0,True,12.645852602981089,True,Loreto
149198,0.0,True,0.0,True,0.0,True,Loreto
149199,0.0,True,0.0,True,0.0,True,Loreto
149202,0.0,True,0.0,True,0.0,True,Loreto
149204,0.0,True,0.0,True,0.0,True,Loreto
149207,0.0,True,0.0,True,0.0,True,Loreto
149208,0.0,True,0.0,True,0.0,True,Loreto
149209,0.0,True,0.0,True,0.0,True,Loreto
149211,0.0,True,0.0,True,0.0,True,Loreto
149212,0.0,True,0.0,True,0.0,True,Loreto
149214,0.0,True,0.0,True,0.0,True,Loreto
149215,0.0,True,0.0,True,0.0,True,Loreto
149216,0.0,True,0.0,True,0.0,True,Loreto
149217,0.0,True,0.0,True,0.0,True,Loreto
149218,0.0,True,0.0,True,0.0,True,Loreto
149219,0.0,True,0.0,True,0.0,True,Loreto
149221,0.0,True,0.0,True,0.0,True,Loreto
149222,0.0,True,0.0,True,0.0,True,Loreto
149223,0.0,True,0.0,True,0.0,True,Loreto
149224,0.0,True,0.0,True,0.0,True,Loreto
149225,0.0,True,0.0,True,0.0,True,Loreto
149227,0.0,True,0.0,True,0.0,True,Loreto
149228,0.0,True,0.0,True,0.0,True,Loreto
149229,0.0,True,0.0,True,0.0,True,Loreto
149230,0.0,True,0.0,True,0.0,True,Loreto
149231,0.0,True,0.0,True,0.0,True,Loreto
149233,0.0,True,0.0,True,0.0,True,Loreto
149234,0.0,True,0.0,True,0.0,True,Loreto
149236,0.0,True,0.0,True,0.0,True,Loreto
149239,0.0,True,0.0,True,0.0,True,Loreto
149245,0.0,True,0.0,True,0.0,True,Loreto
149246,0.0,True,0.0,True,0.0,True,Loreto
149248,0.0,True,0.0,True,0.0,True,Loreto
149249,0.0,True,0.0,True,0.0,True,Loreto
149253,0.0,True,0.0,True,0.0,True,Loreto
149257,0.0,True,0.0,True,0.0,True,Loreto
149258,0.0,True,0.0,True,0.0,True,Loreto
149263,9.32932011022769,True,60.08089672071522,True,21.57669107746943,True,Loreto
149271,9.32932011022769,True,69.44399319174588,True,25.087852254105933,True,Loreto
150434,25.6004455201391,True,1.2783238658897915,True,0.4793714497086718,True,Loreto
150439,25.6004455201391,True,1.2783238658897915,True,0.4793714497086718,True,Loreto
150459,25.6004455201391,True,1.2783238658897915,True,0.4793714497086718,True,Loreto
150466,25.6004455201391,True,1.2783238658897915,True,0.4793714497086718,True,Loreto
150511,25.6004455201391,True,1.2783238658897915,True,0.4793714497086718,True,Loreto
150519,25.6004455201391,True,1.2783238658897915,True,0.4793714497086718,True,Loreto
150542,25.6004455201391,True,1.2783238658897915,True,0.4793714497086718,True,Loreto
150550,25.6004455201391,True,1.2783238658897915,True,0.4793714497086718,True,Loreto
150554,25.6004455201391,True,1.2783238658897915,True,0.4793714497086718,True,Loreto
150557,25.6004455201391,True,1.2783238658897915,True,0.4793714497086718,True,Loreto
150570,25.6004455201391,True,1.2783238658897915,True,0.4793714497086718,True,Loreto
150574,25.6004455201391,True,1.2783238658897915,True,0.4793714497086718,True,Loreto
150582,25.6004455201391,True,1.2783238658897915,True,0.4793714497086718,True,Loreto
150590,25.6004455201391,True,1.2783238658897915,True,0.4793714497086718,True,Loreto
150604,25.6004455201391,True,1.2783238658897915,True,0.4793714497086718,True,Loreto
150610,25.6004455201391,True,1.2783238658897915,True,0.4793714497086718,True,Loreto
150617,25.6004455201391,True,1.2783238658897915,True,0.4793714497086718,True,Loreto
150628,25.6004455201391,True,1.2783238658897915,True,0.4793714497086718,True,Loreto
150631,25.6004455201391,True,1.2783238658897915,True,0.4793714497086718,True,Loreto
150668,25.6004455201391,True,1.2783238658897915,True,0.4793714497086718,True,Loreto
150669,25.6004455201391,True,1.2783238658897915,True,0.4793714497086718,True,Loreto
150671,25.6004455201391,True,1.2783238658897915,True,0.4793714497086718,True,Loreto
150674,25.6004455201391,True,1.2783238658897915,True,0.4793714497086718,True,Loreto
150679,25.6004455201391,True,1.2783238658897915,True,0.4793714497086718,True,Loreto
150680,25.6004455201391,True,1.2783238658897915,True,0.4793714497086718,True,Loreto
150687,25.6004455201391,True,1.2783238658897915,True,0.4793714497086718,True,Loreto
150688,25.6004455201391,True,1.2783238658897915,True,0.4793714497086718,True,Loreto
150689,25.6004455201391,True,1.2783238658897915,True,0.4793714497086718,True,Loreto
150698,25.6004455201391,True,1.2783238658897915,True,0.4793714497086718,True,Loreto
150717,25.6004455201391,True,1.2783238658897915,True,0.4793714497086718,True,Loreto
150718,25.6004455201391,True,1.2783238658897915,True,0.4793714497086718,True,Loreto
150740,25.6004455201391,True,1.2783238658897915,True,0.4793714497086718,True,Loreto
150744,25.6004455201391,True,1.2783238658897915,True,0.4793714497086718,True,Loreto
150745,25.6004455201391,True,1.2783238658897915,True,0.4793714497086718,True,Loreto
150747,25.6004455201391,True,1.2783238658897915,True,0.4793714497086718,True,Loreto
150749,25.6004455201391,True,1.2783238658897915,True,0.4793714497086718,True,Loreto
150754,25.6004455201391,True,1.2783238658897915,True,0.4793714497086718,True,Loreto
150759,25.6004455201391,True,1.2783238658897915,True,0.4793714497086718,True,Loreto
150771,25.262655516038603,True,1.2783238658897915,True,0.4793714497086718,True,Loreto
150774,25.6004455201391,True,1.2783238658897915,True,0.4793714497086718,True,Loreto
150777,25.6004455201391,True,1.2783238658897915,True,0.4793714497086718,True,Loreto
150780,25.262655516038603,True,0.0,True,0.0,True,Loreto
150781,25.262655516038603,True,1.2783238658897915,True,0.4793714497086718,True,Loreto
150786,25.6004455201391,True,1.2783238658897915,True,0.4793714497086718,True,Loreto
150788,25.6004455201391,True,1.2783238658897915,True,0.4793714497086718,True,Loreto
150789,25.6004455201391,True,1.2783238658897915,True,0.4793714497086718,True,Loreto
150790,25.262655516038603,True,1.2783238658897915,True,0.4793714497086718,True,Loreto
150792,25.6004455201391,True,1.2783238658897915,True,0.4793714497086718,True,Loreto
150795,25.262655516038603,True,1.2783238658897915,True,0.4793714497086718,True,Loreto
150796,25.6004455201391,True,1.2783238658897915,True,0.4793714497086718,True,Loreto
150801,25.6004455201391,True,1.2783238658897915,True,0.4793714497086718,True,Loreto
150802,25.6004455201391,True,1.2783238658897915,True,0.4793714497086718,True,Loreto
150803,25.6004455201391,True,1.2783238658897915,True,0.4793714497086718,True,Loreto
150806,25.6004455201391,True,1.2783238658897915,True,0.4793714497086718,True,Loreto
150810,25.6004455201391,True,1.2783238658897915,True,0.4793714497086718,True,Loreto
150821,25.6004455201391,True,1.2783238658897915,True,0.4793714497086718,True,Loreto
150822,25.6004455201391,True,1.2783238658897915,True,0.4793714497086718,True,Loreto
150823,25.6004455201391,True,1.2783238658897915,True,0.4793714497086718,True,Loreto
150825,25.262655516038603,True,1.2783238658897915,True,0.4793714497086718,True,Loreto
150827,25.262655516038603,True,1.2783238658897915,True,0.4793714497086718,True,Loreto
150832,25.262655516038603,True,1.2783238658897915,True,0.4793714497086718,True,Loreto
150836,25.262655516038603,True,1.2783238658897915,True,0.4793714497086718,True,Loreto
150837,25.6004455201391,True,1.2783238658897915,True,0.4793714497086718,True,Loreto
150838,25.262655516038603,True,1.2783238658897915,True,0.4793714497086718,True,Loreto
150839,1.172991478317032,True,36.26532745541291,True,12.645852602981089,True,Loreto
150842,0.0,True,0.0,True,0.0,True,Loreto
150844,25.262655516038603,True,0.0,True,0.0,True,Loreto
150845,0.0,True,5.008567852606023,True,1.8782129447272589,True,Loreto
150846,0.0,True,0.0,True,0.0,True,Loreto
150849,1.172991478317032,True,36.26532745541291,True,12.645852602981089,True,Loreto
150851,10.105959100346643,True,81.42799022159566,True,28.118329186802217,True,Loreto
150852,7.38839200014839,True,60.93778746580948,True,21.8980251068798,True,Loreto
150854,1.172991478317032,True,92.19851855246229,True,33.6207992643746,True,Loreto
150855,58.035769636703,True,692.1674988882154,True,259.08678696053573,True,Loreto
150856,25.262655516038603,True,0.0,True,0.0,True,Loreto
150857,10.105959100346643,True,81.42799022159566,True,28.26871171072936,True,Loreto
150858,5.982600476506728,True,47.39640591412974,True,17.26856794585066,True,Loreto
150861,10.105959100346643,True,77.92628507607499,True,28.26871171072936,True,Loreto
150869,1.5234950315210178,True,36.26532745541291,True,12.645852602981089,True,Loreto
150872,25.262655516038603,True,1.2783238658897915,True,0.4793714497086718,True,Loreto
150875,0.0,True,0.0,True,0.0,True,Loreto
150876,1.172991478317032,True,92.19851855246229,True,33.6207992643746,True,Loreto
150877,10.105959100346643,True,81.42799022159566,True,28.118329186802217,True,Loreto
150878,0.0,True,0.0,True,0.0,True,Loreto
150880,10.105959100346643,True,81.42799022159566,True,28.26871171072936,True,Loreto
150881,10.105959100346643,True,81.42799022159566,True,28.26871171072936,True,Loreto
150882,1.5234950315210178,True,36.26532745541291,True,12.645852602981089,True,Loreto
150883,0.0,True,0.0,True,0.0,True,Loreto
150886,10.105959100346643,True,77.52526501226927,True,28.118329186802217,True,Loreto
150889,0.0,True,5.008567852606023,True,1.8782129447272589,True,Loreto
150893,1.5234950315210178,True,0.0,True,12.645852602981089,True,Loreto
150895,10.105959100346643,True,421.95892343786875,True,28.118329186802217,True,Loreto
150897,25.262655516038603,True,0.0,True,0.0,True,Loreto
150900,53.57606595195178,True,723.439662088696,True,271.28987328326116,True,Loreto
150903,10.105959100346643,True,81.42799022159566,True,28.26871171072936,True,Loreto
150907,31.158119723273856,True,421.95892343786875,True,153.95673958947185,True,Loreto
150910,53.57606595195178,True,719.1437455316328,True,269.67890457436226,True,Loreto
150911,46.64773373570748,True,719.1437455316328,True,269.67890457436226,True,Loreto
150916,31.158119723273856,True,421.95892343786875,True,153.95673958947185,True,Loreto
150918,31.158119723273856,True,421.95892343786875,True,153.95673958947185,True,Loreto
150920,45.30427977181664,True,688.6022057275343,True,258.2258271478254,True,Loreto
150921,52.570887565881414,True,707.6173728851246,True,265.35651483192186,True,Loreto
150925,31.158119723273856,True,413.9102938564754,True,150.55284986878914,True,Loreto
150927,56.71640409054304,True,603.3415054774232,True,226.25306455403344,True,Loreto
150929,33.602383215925855,True,340.61732181367455,True,127.73149568012782,True,Loreto
150930,33.602383215925855,True,485.5575602675902,True,182.08408510034621,True,Loreto
150931,56.71640409054304,True,603.3415054774232,True,226.25306455403344,True,Loreto
150932,34.91515987556922,True,482.88491262112615,True,181.08184223292216,True,Loreto
150934,42.2691838358185,True,521.0291706902476,True,195.38593900884277,True,Loreto
150935,56.71640409054304,True,603.3415054774232,True,226.25306455403344,True,Loreto
150936,44.7888919887607,True,688.6022057275343,True,258.2258271478254,True,Loreto
150937,58.72255951359898,True,614.4695507202523,True,230.42608152009444,True,Loreto
150942,58.9305047629408,True,612.4352861089491,True,230.55455461637206,True,Loreto
150943,33.602383215925855,True,340.61732181367455,True,127.73149568012782,True,Loreto
150944,32.64131850098747,True,485.5575602675902,True,182.08408510034621,True,Loreto
150945,56.71640409054304,True,603.3415054774232,True,226.25306455403344,True,Loreto
150947,45.60343845376898,True,690.2621050578015,True,258.84828939667557,True,Loreto
150949,45.30427977181664,True,686.0029329039913,True,257.25109983899677,True,Loreto
150952,53.57606595195178,True,743.6264635638582,True,269.21165083603347,True,Loreto
150953,53.57606595195178,True,742.3555021769591,True,265.0802968811532,True,Loreto
150954,50.50527684516785,True,688.2707389421281,True,258.10152710329805,True,Loreto
150957,53.57606595195178,True,717.8977355627555,True,269.21165083603347,True,Loreto
150958,41.86033234517025,True,641.3007142975915,True,240.48776786159664,True,Loreto
150959,57.699687366592244,True,644.9157420352411,True,241.84340326321538,True,Loreto
150960,46.64773373570748,True,643.2536377158134,True,241.22011414342987,True,Loreto
150961,32.76372235663687,True,402.8180053739797,True,151.05675201524232,True,Loreto
150962,34.86790481982645,True,485.5575602675902,True,182.08408510034621,True,Loreto
150963,49.01901288429801,True,643.4389295817581,True,241.28959859315927,True,Loreto
150964,42.2691838358185,True,562.1883231375515,True,195.38593900884277,True,Loreto
150965,35.166856112234264,True,485.5575602675902,True,182.08408510034621,True,Loreto
150966,10.105959100346643,True,421.95892343786875,True,153.95673958947185,True,Loreto
150967,27.704738171944726,True,331.99710534188995,True,124.49891450320865,True,Loreto
150970,0.0,True,91.89248953551673,True,33.50603838302001,True,Loreto
150971,1.172991478317032,True,36.26532745541291,True,12.645852602981089,True,Loreto
150974,41.72803672334935,True,518.9744193606186,True,194.61540726023188,True,Loreto
150975,27.65439599539758,True,331.3258763212613,True,124.24720362047292,True,Loreto
150976,40.451070365884696,True,499.81104438381897,True,187.429141643932,True,Loreto
150977,43.60955791232049,True,544.5811111823142,True,204.02301320508766,True,Loreto
150978,49.01901288429801,True,616.187434839934,True,231.07028806497522,True,Loreto
150980,0.0,True,91.89248953551673,True,33.50603838302001,True,Loreto
150981,0.0,True,91.89248953551673,True,33.50603838302001,True,Loreto
150983,4.010995728567368,True,29.32435024013425,True,10.172165558767553,True,Loreto
150986,23.821770044230878,True,280.2241969723719,True,105.0840738646394,True,Loreto
150989,1.172991478317032,True,92.19851855246229,True,33.6207992643746,True,Loreto
150990,58.005908912907785,True,692.3995118834767,True,259.0121351510477,True,Loreto
150991,50.33394964189456,True,645.7644167436954,True,242.16165627888577,True,Loreto
150992,1.5234950315210178,True,36.26532745541291,True,12.645852602981089,True,Loreto
150997,64.81195942153664,True,696.4841271209946,True,261.18154767037294,True,Loreto
150998,9.693195269070744,True,73.07469116145032,True,27.195092213784797,True,Loreto
150999,58.80080121972365,True,614.050732687623,True,230.28433890133633,True,Loreto
151002,45.7668560932376,True,449.6479902068251,True,168.61799632755935,True,Loreto
151006,45.7668560932376,True,449.6479902068251,True,168.61799632755935,True,Loreto
151007,54.71313110991277,True,707.8661238601167,True,269.67890457436226,True,Loreto
151012,56.830712569798415,True,719.1437455316328,True,269.67890457436226,True,Loreto
151015,54.71313110991277,True,719.1437455316328,True,269.67890457436226,True,Loreto
151028,45.136628053560145,True,707.8661238601167,True,269.67890457436226,True,Loreto
151036,58.16124370935784,True,610.5384731237543,True,228.95192742140753,True,Loreto
151037,58.16124370935784,True,610.5384731237543,True,228.95192742140753,True,Loreto
151044,45.7668560932376,True,449.6479902068251,True,168.61799632755935,True,Loreto
151045,45.7668560932376,True,449.6479902068251,True,168.61799632755935,True,Loreto
151046,54.71313110991277,True,719.1437455316328,True,269.67890457436226,True,Loreto
151053,56.830712569798415,True,719.1437455316328,True,269.67890457436226,True,Loreto
151056,45.7668560932376,True,449.6479902068251,True,168.61799632755935,True,Loreto
151059,58.16124370935784,True,610.5384731237543,True,228.95192742140753,True,Loreto
151062,45.7668560932376,True,449.6479902068251,True,168.61799632755935,True,Loreto
151071,9.367630166165707,True,32.105095898696646,True,24.3120269996335,True,Loreto
151073,3.3661309660214527,True,246.0594410478335,True,92.27229039293762,True,Loreto
151082,3.3661309660214527,True,246.0594410478335,True,92.27229039293762,True,Loreto
151085,3.3661309660214527,True,246.0594410478335,True,92.27229039293762,True,Loreto
151088,9.367630166165707,True,32.105095898696646,True,24.3120269996335,True,Loreto
151090,3.3661309660214527,True,246.0594410478335,True,92.27229039293762,True,Loreto
151095,3.3661309660214527,True,246.0594410478335,True,92.27229039293762,True,Loreto
151097,3.3661309660214527,True,246.0594410478335,True,92.27229039293762,True,Loreto
151102,3.3661309660214527,True,246.0594410478335,True,92.27229039293762,True,Loreto
151115,3.3661309660214527,True,246.0594410478335,True,92.27229039293762,True,Loreto
151117,0.7952313683517171,True,246.0594410478335,True,92.27229039293762,True,Loreto
151118,0.7806621456983528,True,246.0594410478335,True,92.27229039293762,True,Loreto
151125,3.3661309660214527,True,246.0594410478335,True,92.27229039293762,True,Loreto
151129,0.7806621456983528,True,246.0594410478335,True,92.27229039293762,True,Loreto
151135,3.3661309660214527,True,246.0594410478335,True,92.27229039293762,True,Loreto
151138,3.3661309660214527,True,246.0594410478335,True,92.27229039293762,True,Loreto
151139,3.3661309660214527,True,246.0594410478335,True,92.27229039293762,True,Loreto
151147,3.3661309660214527,True,246.0594410478335,True,92.27229039293762,True,Loreto
151149,0.7806621456983528,True,246.0594410478335,True,92.27229039293762,True,Loreto
151155,0.7806621456983528,True,246.0594410478335,True,92.27229039293762,True,Loreto
151160,0.7806621456983528,True,246.0594410478335,True,92.27229039293762,True,Loreto
151162,0.7806621456983528,True,246.0594410478335,True,92.27229039293762,True,Loreto
151165,3.3661309660214527,True,246.0594410478335,True,92.27229039293762,True,Loreto
151167,3.3661309660214527,True,246.0594410478335,True,92.27229039293762,True,Loreto
151512,25.6004455201391,True,1.2783238658897915,True,0.4793714497086718,True,Loreto
151546,25.6004455201391,True,1.2783238658897915,True,0.4793714497086718,True,Loreto
151551,25.6004455201391,True,1.2783238658897915,True,0.4793714497086718,True,Loreto
151560,25.6004455201391,True,1.2783238658897915,True,0.4793714497086718,True,Loreto
151569,25.6004455201391,True,1.2783238658897915,True,0.4793714497086718,True,Loreto
151574,25.6004455201391,True,1.2783238658897915,True,0.4793714497086718,True,Loreto
151582,25.6004455201391,True,1.2783238658897915,True,0.4793714497086718,True,Loreto
151589,25.6004455201391,True,1.2783238658897915,True,0.4793714497086718,True,Loreto
151594,25.6004455201391,True,1.2783238658897915,True,0.4793714497086718,True,Loreto
151606,25.6004455201391,True,1.2783238658897915,True,0.4793714497086718,True,Loreto
151611,25.6004455201391,True,1.2783238658897915,True,0.4793714497086718,True,Loreto
151617,25.6004455201391,True,1.2783238658897915,True,0.4793714497086718,True,Loreto
151627,25.6004455201391,True,1.2783238658897915,True,0.4793714497086718,True,Loreto
151638,25.6004455201391,True,1.2783238658897915,True,0.4793714497086718,True,Loreto
151641,25.6004455201391,True,1.2783238658897915,True,0.4793714497086718,True,Loreto
151642,25.6004455201391,True,1.2783238658897915,True,0.4793714497086718,True,Loreto
151645,33.602383215925855,True,1.2783238658897915,True,0.4793714497086718,True,Loreto
151649,25.6004455201391,True,1.2783238658897915,True,0.4793714497086718,True,Loreto
151650,25.6004455201391,True,1.2783238658897915,True,0.4793714497086718,True,Loreto
151654,65.61570815871711,True,731.3846483247858,True,274.26924312179455,True,Loreto
151656,25.6004455201391,True,1.2783238658897915,True,0.4793714497086718,True,Loreto
151658,33.602383215925855,True,1.2783238658897915,True,0.4793714497086718,True,Loreto
151661,65.61570815871711,True,731.3846483247858,True,274.26924312179455,True,Loreto
151664,65.61570815871711,True,709.607992189209,True,266.1029970709533,True,Loreto
151665,65.61570815871711,True,709.607992189209,True,266.1029970709533,True,Loreto
151666,65.61570815871711,True,731.3846483247858,True,274.26924312179455,True,Loreto
151669,65.61570815871711,True,709.607992189209,True,266.1029970709533,True,Loreto
151670,65.61570815871711,True,709.607992189209,True,266.1029970709533,True,Loreto
151673,65.61570815871711,True,731.3846483247858,True,274.26924312179455,True,Loreto
151674,65.61570815871711,True,731.3846483247858,True,274.26924312179455,True,Loreto
151676,65.61570815871711,True,731.3846483247858,True,274.26924312179455,True,Loreto
151678,65.61570815871711,True,731.3846483247858,True,274.26924312179455,True,Loreto
151680,65.61570815871711,True,731.3846483247858,True,274.26924312179455,True,Loreto
151682,65.61570815871711,True,697.0957581662872,True,261.41090931235743,True,Loreto
151688,65.61570815871711,True,731.3846483247858,True,274.26924312179455,True,Loreto
151697,65.61570815871711,True,709.607992189209,True,266.1029970709533,True,Loreto
151707,33.602383215925855,True,1.2783238658897915,True,0.4793714497086718,True,Loreto
151708,65.61570815871711,True,709.607992189209,True,266.1029970709533,True,Loreto
151724,65.00536980905078,True,731.3846483247858,True,274.26924312179455,True,Loreto
151727,33.602383215925855,True,1.2783238658897915,True,0.4793714497086718,True,Loreto
151729,31.149053407773575,True,317.26721778807035,True,118.97520667052638,True,Loreto
151730,65.61570815871711,True,709.607992189209,True,266.1029970709533,True,Loreto
151731,22.206874896236556,True,237.82353979831407,True,89.18382742436776,True,Loreto
151732,50.008152996875054,True,558.2355393354777,True,209.33832725080413,True,Loreto
151734,54.71313110991277,True,658.4450117694777,True,235.5246381196099,True,Loreto
151735,31.3729166309915,True,383.9814492313664,True,143.99304346176226,True,Loreto
151736,54.46343531039515,True,610.1004392442348,True,228.78766471658784,True,Loreto
151737,53.64068523690048,True,629.7745060437651,True,236.1654397664118,True,Loreto
151738,53.867364611697326,True,721.9365826310091,True,253.1334312674335,True,Loreto
151739,54.71313110991277,True,644.7025893476834,True,235.5246381196099,True,Loreto
151740,55.51043978634706,True,679.2551547710157,True,254.7206830391309,True,Loreto
151741,65.63592835138371,True,731.7147210865361,True,274.393020407451,True,Loreto
151742,35.55915411700011,True,384.7145347541497,True,144.26795053280605,True,Loreto
151744,40.85971554095246,True,519.4089741146166,True,194.77836529298114,True,Loreto
151745,28.99539916128419,True,427.36167601200555,True,160.2606285045018,True,Loreto
151747,65.61570815871711,True,709.607992189209,True,266.1029970709533,True,Loreto
151748,17.577832937861686,True,202.1051797463732,True,75.78944240488993,True,Loreto
151749,31.149053407773575,True,317.26721778807035,True,118.97520667052638,True,Loreto
151750,65.61570815871711,True,709.607992189209,True,266.1029970709533,True,Loreto
151751,21.79082857636124,True,239.02637045500933,True,89.63488892062847,True,Loreto
151752,65.61570815871711,True,709.607992189209,True,266.1029970709533,True,Loreto
151755,65.61570815871711,True,709.607992189209,True,266.1029970709533,True,Loreto
151758,20.350261447366165,True,224.9714135899666,True,84.36428009623747,True,Loreto
151759,31.149053407773575,True,317.26721778807035,True,118.97520667052638,True,Loreto
151760,65.61570815871711,True,709.607992189209,True,266.1029970709533,True,Loreto
151761,65.61570815871711,True,709.607992189209,True,266.1029970709533,True,Loreto
151766,65.61570815871711,True,709.607992189209,True,266.1029970709533,True,Loreto
151768,65.61570815871711,True,709.607992189209,True,266.1029970709533,True,Loreto
151769,31.303894287774263,True,453.9747235164728,True,170.24052131867717,True,Loreto
151771,31.303894287774263,True,453.9747235164728,True,170.24052131867717,True,Loreto
151772,31.149053407773575,True,317.26721778807035,True,118.97520667052638,True,Loreto
151773,31.303894287774263,True,453.9747235164728,True,170.24052131867717,True,Loreto
151774,31.545897428998565,True,326.2657530009232,True,122.34965737534617,True,Loreto
151775,24.689423077757734,True,264.13361882396083,True,99.05010705898529,True,Loreto
151776,65.61570815871711,True,709.607992189209,True,266.1029970709533,True,Loreto
151777,65.61570815871711,True,709.607992189209,True,266.1029970709533,True,Loreto
151780,65.61570815871711,True,709.607992189209,True,266.1029970709533,True,Loreto
151781,31.149053407773575,True,453.9747235164728,True,170.24052131867717,True,Loreto
151782,31.149053407773575,True,317.26721778807035,True,118.97520667052638,True,Loreto
151783,29.034803027201118,True,303.9449138738348,True,113.97934270268804,True,Loreto
151784,31.149053407773575,True,317.26721778807035,True,118.97520667052638,True,Loreto
151785,65.61570815871711,True,709.607992189209,True,266.1029970709533,True,Loreto
151787,30.691355468939097,True,314.72445146121214,True,118.02166929795455,True,Loreto
151788,65.61570815871711,True,709.607992189209,True,266.1029970709533,True,Loreto
151789,43.716959472404746,True,443.7575056012347,True,164.5907471941078,True,Loreto
151791,43.5202919233331,True,514.9831321785315,True,193.11867456694927,True,Loreto
151792,48.76059362674043,True,549.9184768679137,True,206.21942882546762,True,Loreto
151794,15.566907951833167,True,154.04634413099797,True,57.76737904912422,True,Loreto
151795,2.5370806984833374,True,156.70775437858228,True,58.76540789196842,True,Loreto
151797,40.66671672694126,True,418.22267401339946,True,156.8335027550248,True,Loreto
151798,22.206874896236556,True,237.82353979831407,True,89.18382742436776,True,Loreto
151801,42.683131747416255,True,462.20327247884893,True,173.32622717956832,True,Loreto
151802,15.566907951833167,True,152.0599692530196,True,57.02248846988236,True,Loreto
151805,2.5370806984833374,True,144.90686306857154,True,54.340073650714295,True,Loreto
151808,15.566907951833167,True,154.04634413099797,True,57.76737904912422,True,Loreto
151811,2.5370806984833374,True,144.90686306857154,True,54.340073650714295,True,Loreto
151813,2.5370806984833374,True,144.90686306857154,True,54.340073650714295,True,Loreto
151815,10.356130957511867,True,154.3764560375293,True,57.89117101407347,True,Loreto
151816,15.566907951833167,True,154.04634413099797,True,57.76737904912422,True,Loreto
151820,2.5370806984833374,True,111.01548126297017,True,41.630805473613854,True,Loreto
151821,2.5370806984833374,True,144.90686306857154,True,54.340073650714295,True,Loreto
151823,44.04790600627204,True,606.8310090593798,True,227.56162839726733,True,Loreto
151824,15.566907951833167,True,152.0599692530196,True,57.02248846988236,True,Loreto
151825,55.03805017932804,True,685.9775382445171,True,257.24157684169387,True,Loreto
151826,15.566907951833167,True,152.0599692530196,True,57.02248846988236,True,Loreto
151827,54.71313110991277,True,691.5334959049248,True,232.2628938054962,True,Loreto
151828,65.61570815871711,True,709.607992189209,True,266.1029970709533,True,Loreto
151830,44.394151678851806,True,566.7286649139949,True,212.5232493427479,True,Loreto
151831,49.243923684874034,True,646.4570681177573,True,242.4214005441589,True,Loreto
151832,47.64020560009113,True,627.6912425799364,True,235.38421596747608,True,Loreto
151834,41.58131160641175,True,547.9763977643944,True,205.4911491616478,True,Loreto
151835,39.16911498449239,True,515.813776138803,True,193.430166052051,True,Loreto
151836,28.889711090213254,True,372.0826863320998,True,139.53100737453727,True,Loreto
151837,21.26599593835821,True,271.20334853661245,True,101.70125570122963,True,Loreto
151838,30.920324569488873,True,408.8614787026518,True,153.32305451349433,True,Loreto
151839,63.62547745965742,True,696.3397875288111,True,261.1274203233041,True,Loreto
151840,55.03805017932804,True,685.9775382445171,True,257.24157684169387,True,Loreto
151841,56.30409167497183,True,746.3122880428275,True,279.8671080160605,True,Loreto
151842,60.591585617224624,True,698.0857695254757,True,261.7821635720532,True,Loreto
151843,31.617306205090284,True,329.1711688070605,True,123.43918830264764,True,Loreto
151844,27.877032490616312,True,290.8353538805803,True,109.06325770521757,True,Loreto
151845,51.39793732732679,True,589.6637860237786,True,221.12391975891688,True,Loreto
151846,40.24691186375241,True,412.848362010257,True,154.81813575384635,True,Loreto
151847,42.683131747416255,True,461.7876923117068,True,173.17038461689,True,Loreto
151848,23.492703251613378,True,277.68632167314115,True,104.13237062742795,True,Loreto
151849,31.303894287774263,True,453.9747235164728,True,170.24052131867717,True,Loreto
151852,65.61570815871711,True,709.607992189209,True,266.1029970709533,True,Loreto
151853,43.716959472404746,True,441.0381118470699,True,164.5907471941078,True,Loreto
151854,24.932038388812025,True,255.5165931996057,True,95.81872244985207,True,Loreto
151855,49.329197057715696,True,623.0031791287495,True,233.6261921732809,True,Loreto
151856,14.639653733429473,True,150.81889733767972,True,56.55708650162989,True,Loreto
151857,3.3661309660214527,True,32.105095898696646,True,7.603448293464167,True,Loreto
151858,25.866075578276142,True,300.3493790447282,True,112.63101714177294,True,Loreto
151859,9.367630166165707,True,64.8320719990227,True,24.3120269996335,True,Loreto
151860,7.5867998888738635,True,82.28502890751007,True,30.856885840316284,True,Loreto
151861,1.6728314736474799,True,9.293508186930442,True,3.4850655700989166,True,Loreto
151862,3.4637783281915357,True,36.967131419253064,True,13.862674282219897,True,Loreto
151864,9.367630166165707,True,64.8320719990227,True,24.3120269996335,True,Loreto
151865,3.9755791885725182,True,40.38496599636212,True,15.144362248635796,True,Loreto
151866,2.4722432448629643,True,14.13511319841348,True,5.300667449405054,True,Loreto
151867,3.5702565988803383,True,32.35275886465163,True,12.132284574244359,True,Loreto
151868,2.290570064785138,True,23.64644625561231,True,8.867417345854616,True,Loreto
151869,8.32513805017093,True,96.95765638011147,True,36.428530568304055,True,Loreto
151870,20.921205640646427,True,260.6677785336955,True,97.75041695013576,True,Loreto
151879,54.71313110991277,True,707.8661238601167,True,235.5246381196099,True,Loreto
151881,54.71313110991277,True,660.4413725120301,True,235.5246381196099,True,Loreto
151882,54.71313110991277,True,660.4413725120301,True,235.5246381196099,True,Loreto
151886,54.71313110991277,True,660.4413725120301,True,235.5246381196099,True,Loreto
151887,43.7335708555885,True,660.4413725120301,True,163.53478323343663,True,Loreto
151890,44.166083449001526,True,438.9761725785846,True,164.6160647169692,True,Loreto
151894,17.826098767339627,True,210.19693159597884,True,78.82384934849209,True,Loreto
151905,45.7668560932376,True,449.6479902068251,True,168.61799632755935,True,Loreto
151912,9.367630166165707,True,64.8320719990227,True,24.3120269996335,True,Loreto
151913,45.7668560932376,True,449.6479902068251,True,168.61799632755935,True,Loreto
151915,45.7668560932376,True,449.6479902068251,True,168.61799632755935,True,Loreto
151925,9.367630166165707,True,64.8320719990227,True,24.3120269996335,True,Loreto
151931,45.7668560932376,True,449.6479902068251,True,168.61799632755935,True,Loreto
151933,9.367630166165707,True,64.8320719990227,True,24.3120269996335,True,Loreto
151935,3.5168629773916016,True,246.0594410478335,True,92.27229039293762,True,Loreto
151937,25.866075578276142,True,306.3331204369471,True,114.87492016385502,True,Loreto
151939,15.383726240980735,True,189.14953264950813,True,70.93107474356552,True,Loreto
151940,9.367630166165707,True,32.105095898696646,True,24.3120269996335,True,Loreto
151941,3.3661309660214527,True,32.105095898696646,True,7.603448293464167,True,Loreto
151943,11.739717449716958,True,150.0884756751304,True,56.28317837817391,True,Loreto
151944,7.659541287504058,True,63.10564660660296,True,23.664617477476106,True,Loreto
151945,14.395263308914073,True,154.25089451332943,True,57.84408544249857,True,Loreto
151948,9.367630166165707,True,64.8320719990227,True,24.3120269996335,True,Loreto
151949,9.367630166165707,True,64.8320719990227,True,24.3120269996335,True,Loreto
151950,25.58021937681934,True,306.38338357453813,True,114.89376884045174,True,Loreto
151955,9.367630166165707,True,31.889432306453465,True,24.3120269996335,True,Loreto
151957,14.667748613239496,True,189.12889118876438,True,70.92333419578661,True,Loreto
151958,9.367630166165707,True,64.8320719990227,True,24.3120269996335,True,Loreto
151959,3.362968406438331,True,48.31578224382693,True,12.154365155424045,True,Loreto
151960,7.052467043093544,True,65.00009398632707,True,24.816833065487945,True,Loreto
151961,3.5168629773916016,True,14.639891224764225,True,5.489959209286584,True,Loreto
151963,3.5168629773916016,True,19.93270928861746,True,7.474765983231546,True,Loreto
151964,10.868533300503142,True,162.3861392586888,True,60.89480222200829,True,Loreto
151965,6.756572033247389,True,105.33398437813369,True,39.50024414180016,True,Loreto
151966,8.51871056930223,True,110.08433187759162,True,41.2816244540969,True,Loreto
151967,2.386835623193105,True,23.669231119379656,True,8.87596166976737,True,Loreto
151972,9.367630166165707,True,64.8320719990227,True,24.3120269996335,True,Loreto
151973,9.367630166165707,True,64.8320719990227,True,24.3120269996335,True,Loreto
151974,5.162572328333305,True,29.736533377628596,True,12.458519905205172,True,Loreto
151975,5.162572328333305,True,31.997907091246088,True,11.999215159217282,True,Loreto
151977,3.5168629773916016,True,244.93930133277988,True,91.85223799979252,True,Loreto
151978,4.1958198609776245,True,23.704691975206476,True,8.889259490702425,True,Loreto
151979,6.741784247054867,True,105.33398437813369,True,39.50024414180016,True,Loreto
151980,5.781085138128357,True,65.3263680212739,True,24.497388007977708,True,Loreto
151981,7.659541287504058,True,63.10564660660296,True,23.664617477476106,True,Loreto
151982,7.172124976368192,True,67.61464828915942,True,26.06636473750156,True,Loreto
151983,3.5168629773916016,True,246.0594410478335,True,92.27229039293762,True,Loreto
151984,10.868533300503142,True,162.3861392586888,True,60.89480222200829,True,Loreto
151985,10.356130957511867,True,110.96552705627461,True,41.61207264610299,True,Loreto
151986,10.350476767077941,True,115.19295941544215,True,43.197359780790826,True,Loreto
151987,1.2594195016062695,True,14.202885182844117,True,5.326081943566545,True,Loreto
151988,5.01709332914498,True,30.54475003978596,True,12.15543865689616,True,Loreto
151990,2.5370806984833374,True,156.70775437858228,True,58.76540789196842,True,Loreto
151992,8.430162932537339,True,195.4096525483881,True,73.27861970564554,True,Loreto
151993,2.5370806984833374,True,156.70775437858228,True,58.76540789196842,True,Loreto
151994,9.638398198242129,True,60.64267332809415,True,22.7410024980353,True,Loreto
151995,3.3661309660214527,True,32.105095898696646,True,7.603448293464167,True,Loreto
151996,7.025077546871957,True,57.996537866325944,True,21.748701699872225,True,Loreto
151997,45.24362627301333,True,446.15979140533,True,167.30992177699866,True,Loreto
151999,3.3661309660214527,True,32.105095898696646,True,7.603448293464167,True,Loreto
152000,14.58415304540398,True,144.92935807128526,True,54.348509276731974,True,Loreto
152001,3.3661309660214527,True,32.105095898696646,True,7.603448293464167,True,Loreto
152002,10.132792254184803,True,125.5311309558187,True,47.07417410843202,True,Loreto
152003,42.85109486068095,True,433.1362284394621,True,162.42608566479828,True,Loreto
152005,1.9391066498854994,True,14.639891224764225,True,5.489959209286584,True,Loreto
152006,0.7952313683517171,True,32.105095898696646,True,3.2910309035312313,True,Loreto
152007,9.367630166165707,True,64.8320719990227,True,24.3120269996335,True,Loreto
152008,10.719269571175184,True,117.82784823983206,True,44.18544308993704,True,Loreto
152009,7.702395899746766,True,98.73646548972087,True,37.02617455864536,True,Loreto
152011,2.494629578952634,True,22.824725572712513,True,8.55927208976719,True,Loreto
152012,9.638398198242129,True,60.64267332809415,True,22.7410024980353,True,Loreto
152013,3.3661309660214527,True,32.105095898696646,True,7.603448293464167,True,Loreto
152014,9.509931600355172,True,101.77144015160951,True,38.164290056853574,True,Loreto
152015,4.540104213963173,True,60.0015407572816,True,22.5005777839806,True,Loreto
152016,3.3661309660214527,True,32.105095898696646,True,7.603448293464167,True,Loreto
152017,3.3661309660214527,True,24.127101892254203,True,7.603448293464167,True,Loreto
152018,3.3661309660214527,True,24.127101892254203,True,7.603448293464167,True,Loreto
152019,1.8702494833894572,True,11.595496826653472,True,4.348311309995051,True,Loreto
152020,3.3661309660214527,True,32.105095898696646,True,7.603448293464167,True,Loreto
152021,3.3661309660214527,True,24.127101892254203,True,7.603448293464167,True,Loreto
152022,4.418436513541859,True,50.41054269487621,True,18.916308630817312,True,Loreto
152023,3.3661309660214527,True,21.45949441450772,True,7.603448293464167,True,Loreto
152024,3.3661309660214527,True,32.105095898696646,True,7.603448293464167,True,Loreto
152025,3.485804323283452,True,39.27062096796467,True,14.72648286298675,True,Loreto
152027,0.5368494396220831,True,19.46111083177783,True,7.297916561916687,True,Loreto
152028,1.7180439390138011,True,32.105095898696646,True,3.2910309035312313,True,Loreto
152029,2.510668756840784,True,17.732324628830952,True,6.908240237831591,True,Loreto
152030,10.367033647556934,True,164.1220430840361,True,61.54576615651357,True,Loreto
152031,1.991012450214926,True,15.336430968227663,True,5.825622932361055,True,Loreto
152033,10.356130957511867,True,110.96552705627461,True,41.61207264610299,True,Loreto
152035,0.5368494396220831,True,19.46111083177783,True,7.297916561916687,True,Loreto
152036,1.9049008848737166,True,244.93930133277988,True,91.85223799979252,True,Loreto
152037,10.356130957511867,True,110.96552705627461,True,41.61207264610299,True,Loreto
152038,3.5168629773916016,True,14.639891224764225,True,5.489959209286584,True,Loreto
152039,4.476246238722736,True,27.255339085060264,True,10.571651966540854,True,Loreto
152040,1.9049008848737166,True,14.639891224764225,True,5.489959209286584,True,Loreto
152041,2.273995145504615,True,27.26366834517019,True,10.223875629438822,True,Loreto
152043,5.162572328333305,True,48.31578224382693,True,11.877790491746838,True,Loreto
152044,0.0,True,278.55362961109495,True,104.4576111041606,True,Loreto
152045,0.0,True,85.43856103346656,True,32.039460387549944,True,Loreto
152046,10.382402068649972,True,175.26885985468496,True,65.72582244550684,True,Loreto
152047,10.209010922469394,True,308.43290171563,True,115.66233814336127,True,Loreto
152048,10.243849484982272,True,246.0594410478335,True,92.27229039293762,True,Loreto
152049,3.5168629773916016,True,246.0594410478335,True,92.27229039293762,True,Loreto
152050,10.296298321986063,True,243.63279448853356,True,91.36229793320015,True,Loreto
152051,7.079621841746496,True,111.01548126297017,True,41.630805473613854,True,Loreto
152052,1.1508291295712272,True,13.596030865364495,True,5.0985115745116865,True,Loreto
152053,8.772251388144731,True,94.46374456015418,True,35.42390421005782,True,Loreto
152054,3.5168629773916016,True,175.26885985468496,True,65.72582244550684,True,Loreto
152055,8.969482827556465,True,111.01548126297017,True,41.630805473613854,True,Loreto
152056,6.361177675869893,True,111.01548126297017,True,41.630805473613854,True,Loreto
152057,3.116409146722826,True,17.70796578490204,True,6.640487169338265,True,Loreto
152058,10.243849484982272,True,246.0594410478335,True,92.27229039293762,True,Loreto
152059,2.6195523749610734,True,155.9746728098913,True,58.4905023037093,True,Loreto
152060,2.0650848594803906,True,160.9032729474974,True,60.338727355311576,True,Loreto
152061,8.430162932537339,True,127.38399134167956,True,47.768996753129834,True,Loreto
152062,10.155774109555333,True,149.92058961130564,True,56.22022110423959,True,Loreto
152064,1.6564728427065822,True,14.639891224764225,True,5.489959209286584,True,Loreto
152065,9.198982368638708,True,111.01548126297017,True,41.630805473613854,True,Loreto
152066,8.969482827556465,True,111.01548126297017,True,41.630805473613854,True,Loreto
152068,5.781085138128357,True,65.3263680212739,True,24.497388007977708,True,Loreto
152069,9.171769001521017,True,107.53163165587164,True,40.324361870951854,True,Loreto
152070,6.325439440654111,True,111.01548126297017,True,41.630805473613854,True,Loreto
152071,10.209010922469394,True,119.33524994080831,True,44.75071872780309,True,Loreto
152072,2.6195523749610734,True,111.01548126297017,True,41.630805473613854,True,Loreto
152073,3.5168629773916016,True,175.26885985468496,True,65.72582244550684,True,Loreto
152074,10.243849484982272,True,171.62939007891654,True,64.3610212795937,True,Loreto
152075,2.6195523749610734,True,111.01548126297017,True,41.630805473613854,True,Loreto
152077,0.0,True,270.04132636429557,True,101.26549738661086,True,Loreto
152078,0.4819556881290398,True,240.61380955198243,True,90.23017858199347,True,Loreto
152080,0.0,True,300.02707889139344,True,112.51015458427263,True,Loreto
152081,10.155774109555333,True,172.82465372219912,True,64.80924514582469,True,Loreto
152082,10.155774109555333,True,160.22421163259347,True,60.08407936222254,True,Loreto
152083,8.098695750253135,True,160.1050964584675,True,60.03941117192526,True,Loreto
152084,10.209010922469394,True,216.175662980453,True,81.06587361766991,True,Loreto
152085,4.312216907563695,True,141.80496022144783,True,53.17686008304295,True,Loreto
152086,10.155774109555333,True,164.70592304090175,True,61.76472114033814,True,Loreto
152087,2.5370806984833374,True,156.70775437858228,True,58.76540789196842,True,Loreto
152088,10.155774109555333,True,220.16932576921707,True,82.56349716345643,True,Loreto
152092,0.0,True,315.4555641216326,True,118.29583654561229,True,Loreto
152093,0.0,True,276.4238720158159,True,103.65895200593097,True,Loreto
152096,0.0,True,308.43290171563,True,115.66233814336127,True,Loreto
152101,5.020870388890521,True,54.845413920678304,True,20.56703022025437,True,Loreto
152104,7.166181058827759,True,52.60179918047853,True,19.725674692679444,True,Loreto
152105,45.7668560932376,True,449.6479902068251,True,168.61799632755935,True,Loreto
152106,15.286640982980177,True,195.4047448236691,True,73.27677930887586,True,Loreto
152108,1.7180439390138011,True,32.105095898696646,True,3.2910309035312313,True,Loreto
152109,0.37676023204317005,True,4.432045665356054,True,1.6620171245085202,True,Loreto
152110,9.367630166165707,True,64.8320719990227,True,24.3120269996335,True,Loreto
152111,1.9049008848737166,True,14.639891224764225,True,5.489959209286584,True,Loreto
152112,1.8547887925274158,True,10.698963817149764,True,4.012111431431161,True,Loreto
152113,0.47406551086010545,True,2.6336972825561413,True,0.9876364809585529,True,Loreto
152114,13.6102928772367,True,166.1934725606042,True,62.32255221022654,True,Loreto
152115,4.246004486150019,True,45.70100909163839,True,17.137878409364394,True,Loreto
152116,4.902577658667281,True,44.77533865409778,True,16.790751995286673,True,Loreto
152117,3.2654674529416683,True,36.71830605634047,True,13.769364771127671,True,Loreto
152118,7.1888054870559355,True,89.40964950631671,True,33.52861856486877,True,Loreto
152119,1.5709119954439221,True,9.217028897222665,True,3.456385836458499,True,Loreto
152120,16.403438067843815,True,210.627226645087,True,78.98520999190757,True,Loreto
152124,10.382402068649972,True,175.26885985468496,True,65.72582244550684,True,Loreto
152128,1.6112495866654446,True,12.750752357925142,True,4.781532134221929,True,Loreto
152129,2.793204602610336,True,38.15253612325966,True,14.307201046222373,True,Loreto
152130,1.229312996764495,True,7.224098285133535,True,2.7090368569250756,True,Loreto
152131,3.0661215867180975,True,26.95391434756152,True,10.107717880335569,True,Loreto
152132,2.908106852286311,True,17.398307704778357,True,6.5243653892918845,True,Loreto
152133,2.122350038537118,True,12.219656525155077,True,4.582371196933154,True,Loreto
152134,2.270446975655441,True,14.21879955379521,True,5.604733237964637,True,Loreto
152135,1.743088347872522,True,9.683824154847347,True,3.6314340580677547,True,Loreto
152136,1.7045622786580872,True,14.42202304844683,True,5.408258643167561,True,Loreto
152137,1.2523765843152996,True,14.968691624530866,True,5.613259359199076,True,Loreto
152138,2.609662084723679,True,21.310639805425176,True,7.99148992703444,True,Loreto
152139,1.4181492927230264,True,10.210968173836726,True,3.8291130651887713,True,Loreto
152140,1.7306381375594042,True,12.646111694179986,True,4.742291885317496,True,Loreto
152141,6.540174902677771,True,68.13545313751955,True,25.550794926569836,True,Loreto
152142,4.08938410636239,True,49.72240691296994,True,18.645902592363736,True,Loreto
152143,3.507197516080734,True,34.32683284020717,True,12.872562315077685,True,Loreto
152144,2.327383204235399,True,30.160080544555488,True,11.310030204208305,True,Loreto
152145,4.90899942870105,True,52.37928151496078,True,19.642230568110286,True,Loreto
152146,8.577694256467584,True,104.754539355109,True,39.28295225816589,True,Loreto
152148,2.0927846492567954,True,15.388838176689946,True,5.77081431625873,True,Loreto
152149,2.9332819645939607,True,34.95199424890777,True,13.106997843340416,True,Loreto
152150,4.475834251514594,True,35.81691282199268,True,13.431342308247253,True,Loreto
152152,3.5168629773916016,True,19.93270928861746,True,7.474765983231546,True,Loreto
152153,17.376640671520153,True,220.92702814384458,True,82.84763555394167,True,Loreto
152154,17.826098767339627,True,63.10564660660296,True,23.664617477476106,True,Loreto
152155,54.71313110991277,True,650.9107945226201,True,235.5246381196099,True,Loreto
152156,9.367630166165707,True,64.8320719990227,True,24.3120269996335,True,Loreto
152158,21.05536616300088,True,259.01544256157365,True,97.13079096059008,True,Loreto
152159,2.0650848594803906,True,160.9032729474974,True,60.338727355311576,True,Loreto
152162,9.367630166165707,True,64.8320719990227,True,24.3120269996335,True,Loreto
152169,0.5368494396220831,True,19.46111083177783,True,7.297916561916687,True,Loreto
152170,13.183670085467831,True,139.13797320697708,True,52.17673995261641,True,Loreto
152171,13.12352649236264,True,141.52954702145755,True,53.07358013304658,True,Loreto
152172,6.497059371003191,True,68.21829610840324,True,25.581861040651212,True,Loreto
152174,0.0,True,304.75506298212343,True,114.28314861829634,True,Loreto
152175,8.51871056930223,True,110.08433187759162,True,41.2816244540969,True,Loreto
152176,20.724857777170783,True,259.4338528218981,True,97.28769480821171,True,Loreto
152177,14.60435470804163,True,174.39376525176297,True,65.39766196941109,True,Loreto
152178,13.183670085467831,True,139.13797320697708,True,52.17673995261641,True,Loreto
152179,3.5168629773916016,True,308.43290171563,True,115.66233814336127,True,Loreto
152181,3.5168629773916016,True,308.43290171563,True,115.66233814336127,True,Loreto
152186,3.5168629773916016,True,308.43290171563,True,115.66233814336127,True,Loreto
152188,3.5168629773916016,True,308.43290171563,True,115.66233814336127,True,Loreto
152191,3.5168629773916016,True,308.43290171563,True,115.66233814336127,True,Loreto
152194,3.5168629773916016,True,308.43290171563,True,115.66233814336127,True,Loreto
152199,0.7806621456983528,True,246.0594410478335,True,92.27229039293762,True,Loreto
152203,1.9391066498854994,True,246.0594410478335,True,92.27229039293762,True,Loreto
152215,3.5168629773916016,True,308.43290171563,True,115.66233814336127,True,Loreto
152218,3.5168629773916016,True,308.43290171563,True,115.66233814336127,True,Loreto
152220,3.5168629773916016,True,308.43290171563,True,115.66233814336127,True,Loreto
152223,3.5168629773916016,True,308.43290171563,True,115.66233814336127,True,Loreto
152224,3.5168629773916016,True,308.43290171563,True,115.66233814336127,True,Loreto
152229,3.5168629773916016,True,308.43290171563,True,115.66233814336127,True,Loreto
152237,3.5168629773916016,True,308.43290171563,True,115.66233814336127,True,Loreto
152238,3.5168629773916016,True,308.43290171563,True,115.66233814336127,True,Loreto
152240,3.5168629773916016,True,308.43290171563,True,115.66233814336127,True,Loreto
152244,1.9391066498854994,True,308.43290171563,True,115.66233814336127,True,Loreto
152245,0.7806621456983528,True,246.0594410478335,True,92.27229039293762,True,Loreto
152246,0.7806621456983528,True,246.0594410478335,True,92.27229039293762,True,Loreto
152255,0.7806621456983528,True,246.0594410478335,True,92.27229039293762,True,Loreto
152256,0.7806621456983528,True,246.0594410478335,True,92.27229039293762,True,Loreto
152258,0.7806621456983528,True,246.0594410478335,True,92.27229039293762,True,Loreto
152260,1.9391066498854994,True,246.0594410478335,True,92.27229039293762,True,Loreto
152261,1.9391066498854994,True,308.43290171563,True,115.66233814336127,True,Loreto
152266,1.9391066498854994,True,308.43290171563,True,115.66233814336127,True,Loreto
152267,1.9391066498854994,True,308.43290171563,True,115.66233814336127,True,Loreto
152269,1.9391066498854994,True,308.43290171563,True,115.66233814336127,True,Loreto
152271,1.9391066498854994,True,308.43290171563,True,115.66233814336127,True,Loreto
152274,1.9391066498854994,True,308.43290171563,True,115.66233814336127,True,Loreto
152275,1.9391066498854994,True,308.43290171563,True,115.66233814336127,True,Loreto
152277,3.5168629773916016,True,308.43290171563,True,115.66233814336127,True,Loreto
152285,3.5168629773916016,True,308.43290171563,True,115.66233814336127,True,Loreto
152286,3.5168629773916016,True,308.43290171563,True,115.66233814336127,True,Loreto
152287,3.5168629773916016,True,308.43290171563,True,115.66233814336127,True,Loreto
152290,3.5168629773916016,True,308.43290171563,True,115.66233814336127,True,Loreto
152291,3.5168629773916016,True,308.43290171563,True,115.66233814336127,True,Loreto
152293,3.5168629773916016,True,308.43290171563,True,115.66233814336127,True,Loreto
152296,3.5168629773916016,True,308.43290171563,True,115.66233814336127,True,Loreto
152300,3.5168629773916016,True,308.43290171563,True,115.66233814336127,True,Loreto
152309,1.9391066498854994,True,308.43290171563,True,115.66233814336127,True,Loreto
152314,1.9391066498854994,True,308.43290171563,True,115.66233814336127,True,Loreto
152316,3.5168629773916016,True,308.43290171563,True,115.66233814336127,True,Loreto
152317,0.7806621456983528,True,246.0594410478335,True,92.27229039293762,True,Loreto
152319,0.7806621456983528,True,246.0594410478335,True,92.27229039293762,True,Loreto
152320,0.7806621456983528,True,246.0594410478335,True,92.27229039293762,True,Loreto
152324,1.9391066498854994,True,308.43290171563,True,115.66233814336127,True,Loreto
152326,1.9391066498854994,True,308.43290171563,True,115.66233814336127,True,Loreto
152327,3.5168629773916016,True,308.43290171563,True,115.66233814336127,True,Loreto
152328,0.7806621456983528,True,246.0594410478335,True,92.27229039293762,True,Loreto
152329,1.9391066498854994,True,308.43290171563,True,115.66233814336127,True,Loreto
152330,1.9391066498854994,True,308.43290171563,True,115.66233814336127,True,Loreto
152331,0.7806621456983528,True,246.0594410478335,True,92.27229039293762,True,Loreto
152333,1.9391066498854994,True,246.0594410478335,True,92.27229039293762,True,Loreto
152336,1.9391066498854994,True,308.43290171563,True,115.66233814336127,True,Loreto
152337,1.9391066498854994,True,308.43290171563,True,115.66233814336127,True,Loreto
152338,1.9391066498854994,True,308.43290171563,True,115.66233814336127,True,Loreto
152339,1.9391066498854994,True,308.43290171563,True,115.66233814336127,True,Loreto
152341,1.9391066498854994,True,308.43290171563,True,115.66233814336127,True,Loreto
152342,1.9391066498854994,True,308.43290171563,True,115.66233814336127,True,Loreto
152347,1.9391066498854994,True,308.43290171563,True,115.66233814336127,True,Loreto
152350,1.9391066498854994,True,308.43290171563,True,115.66233814336127,True,Loreto
152354,1.9391066498854994,True,308.43290171563,True,115.66233814336127,True,Loreto
152355,1.9391066498854994,True,308.43290171563,True,115.66233814336127,True,Loreto
152365,3.5168629773916016,True,308.43290171563,True,115.66233814336127,True,Loreto
152366,3.5168629773916016,True,308.43290171563,True,115.66233814336127,True,Loreto
152369,3.5168629773916016,True,308.43290171563,True,115.66233814336127,True,Loreto
152370,3.5168629773916016,True,308.43290171563,True,115.66233814336127,True,Loreto
152371,3.5168629773916016,True,308.43290171563,True,115.66233814336127,True,Loreto
152376,3.5168629773916016,True,308.43290171563,True,115.66233814336127,True,Loreto
152378,3.5168629773916016,True,308.43290171563,True,115.66233814336127,True,Loreto
152380,0.7806621456983528,True,246.0594410478335,True,92.27229039293762,True,Loreto
152386,3.5168629773916016,True,308.43290171563,True,115.66233814336127,True,Loreto
152391,1.9391066498854994,True,308.43290171563,True,115.66233814336127,True,Loreto
152399,1.9391066498854994,True,308.43290171563,True,115.66233814336127,True,Loreto
152400,1.9391066498854994,True,308.43290171563,True,115.66233814336127,True,Loreto
152401,1.9391066498854994,True,308.43290171563,True,115.66233814336127,True,Loreto
152404,1.9391066498854994,True,308.43290171563,True,115.66233814336127,True,Loreto
152408,1.9391066498854994,True,308.43290171563,True,115.66233814336127,True,Loreto
152410,1.9391066498854994,True,308.43290171563,True,115.66233814336127,True,Loreto
152413,0.7806621456983528,True,308.43290171563,True,115.66233814336127,True,Loreto
152414,1.9391066498854994,True,308.43290171563,True,115.66233814336127,True,Loreto
152416,1.9391066498854994,True,308.43290171563,True,115.66233814336127,True,Loreto
152421,3.5168629773916016,True,308.43290171563,True,115.66233814336127,True,Loreto
152424,3.5168629773916016,True,308.43290171563,True,115.66233814336127,True,Loreto
152426,3.5168629773916016,True,308.43290171563,True,115.66233814336127,True,Loreto
152427,3.5168629773916016,True,308.43290171563,True,115.66233814336127,True,Loreto
152428,3.5168629773916016,True,308.43290171563,True,115.66233814336127,True,Loreto
152431,3.5168629773916016,True,308.43290171563,True,115.66233814336127,True,Loreto
152432,0.7806621456983528,True,308.43290171563,True,115.66233814336127,True,Loreto
152433,1.9391066498854994,True,308.43290171563,True,115.66233814336127,True,Loreto
152439,3.5168629773916016,True,308.43290171563,True,115.66233814336127,True,Loreto
152442,3.5168629773916016,True,308.43290171563,True,115.66233814336127,True,Loreto
152443,0.7806621456983528,True,308.43290171563,True,115.66233814336127,True,Loreto
152446,3.5168629773916016,True,308.43290171563,True,115.66233814336127,True,Loreto
152447,1.9391066498854994,True,308.43290171563,True,115.66233814336127,True,Loreto
152554,25.6004455201391,True,1.2783238658897915,True,0.4793714497086718,True,Loreto
152559,65.61570815871711,True,1.2783238658897915,True,0.4793714497086718,True,Loreto
152564,65.61570815871711,True,731.3846483247858,True,274.26924312179455,True,Loreto
152566,25.6004455201391,True,1.2783238658897915,True,0.4793714497086718,True,Loreto
152576,65.61570815871711,True,709.607992189209,True,266.1029970709533,True,Loreto
152586,65.61570815871711,True,731.3846483247858,True,274.26924312179455,True,Loreto
152587,65.61570815871711,True,731.3846483247858,True,274.26924312179455,True,Loreto
152603,25.6004455201391,True,1.2783238658897915,True,0.4793714497086718,True,Loreto
152607,25.6004455201391,True,1.2783238658897915,True,0.4793714497086718,True,Loreto
152608,65.61570815871711,True,1.2783238658897915,True,0.4793714497086718,True,Loreto
152610,65.61570815871711,True,731.3846483247858,True,274.26924312179455,True,Loreto
152616,25.6004455201391,True,1.2783238658897915,True,0.4793714497086718,True,Loreto
152618,65.61570815871711,True,1.2783238658897915,True,0.4793714497086718,True,Loreto
152622,65.61570815871711,True,1.2783238658897915,True,0.4793714497086718,True,Loreto
152629,65.61570815871711,True,709.607992189209,True,266.1029970709533,True,Loreto
152630,65.61570815871711,True,709.607992189209,True,266.1029970709533,True,Loreto
152633,65.61570815871711,True,709.607992189209,True,266.1029970709533,True,Loreto
152639,65.61570815871711,True,709.607992189209,True,266.1029970709533,True,Loreto
152646,65.61570815871711,True,731.3846483247858,True,274.26924312179455,True,Loreto
152647,65.61570815871711,True,709.607992189209,True,266.1029970709533,True,Loreto
152657,65.61570815871711,True,709.607992189209,True,266.1029970709533,True,Loreto
152661,65.61570815871711,True,709.607992189209,True,266.1029970709533,True,Loreto
152673,2.5370806984833374,True,23.89348337228403,True,8.960056264606509,True,Loreto
152674,0.05522803561076717,True,24.329379711078193,True,9.12351739165432,True,Loreto
152678,0.05522803561076717,True,24.329379711078193,True,9.12351739165432,True,Loreto
152679,0.05522803561076717,True,24.329379711078193,True,9.12351739165432,True,Loreto
152680,2.5370806984833374,True,24.329379711078193,True,9.12351739165432,True,Loreto
152683,0.05522803561076717,True,23.89348337228403,True,8.960056264606509,True,Loreto
152696,0.05522803561076717,True,23.89348337228403,True,8.960056264606509,True,Loreto
152700,0.0,True,145.27120363332324,True,54.476701362496215,True,Loreto
152712,0.0,True,162.37760351058066,True,60.89160131646775,True,Loreto
152714,0.0,True,162.37760351058066,True,60.89160131646775,True,Loreto
152715,0.0,True,32.66716501201939,True,12.250186879507265,True,Loreto
152719,0.0,True,162.37760351058066,True,60.89160131646775,True,Loreto
152721,0.0,True,162.37760351058066,True,60.89160131646775,True,Loreto
152722,0.0,True,162.37760351058066,True,60.89160131646775,True,Loreto
152727,0.0,True,75.86538639683322,True,28.449519898812472,True,Loreto
152733,0.0,True,162.37760351058066,True,60.89160131646775,True,Loreto
152735,0.0,True,23.89348337228403,True,8.960056264606509,True,Loreto
152738,0.0,True,162.37760351058066,True,60.89160131646775,True,Loreto
152744,0.0,True,162.37760351058066,True,60.89160131646775,True,Loreto
152750,0.0,True,23.89348337228403,True,8.960056264606509,True,Loreto
152756,0.0,True,162.37760351058066,True,60.89160131646775,True,Loreto
152758,0.0,True,162.37760351058066,True,60.89160131646775,True,Loreto
152762,0.0,True,105.84326484565536,True,39.69122431712078,True,Loreto
152764,0.0,True,145.27120363332324,True,54.476701362496215,True,Loreto
152766,0.0,True,0.21680454435073254,True,0.0813017041315247,True,Loreto
152769,0.0,True,144.77394774959163,True,54.29023040609686,True,Loreto
152770,0.0,True,162.37760351058066,True,60.89160131646775,True,Loreto
152778,0.0,True,162.37760351058066,True,60.89160131646775,True,Loreto
152780,0.0,True,0.21680454435073254,True,0.0813017041315247,True,Loreto
152783,0.0,True,162.37760351058066,True,60.89160131646775,True,Loreto
152786,0.0,True,145.27120363332324,True,54.476701362496215,True,Loreto
152791,0.0,True,105.63453195156013,True,39.61294948183506,True,Loreto
152796,0.0,True,145.27120363332324,True,54.476701362496215,True,Loreto
152800,0.0,True,145.27120363332324,True,54.476701362496215,True,Loreto
152803,0.0,True,145.27120363332324,True,54.476701362496215,True,Loreto
152804,0.0,True,144.77394774959163,True,54.29023040609686,True,Loreto
152807,0.0,True,145.27120363332324,True,54.476701362496215,True,Loreto
152809,0.0,True,105.63453195156013,True,39.61294948183506,True,Loreto
152814,0.0,True,105.63453195156013,True,39.61294948183506,True,Loreto
152816,0.0,True,105.63453195156013,True,39.61294948183506,True,Loreto
152818,0.0,True,105.63453195156013,True,39.61294948183506,True,Loreto
152822,0.0,True,105.63453195156013,True,39.61294948183506,True,Loreto
152824,0.0,True,105.63453195156013,True,39.61294948183506,True,Loreto
152827,0.0,True,20.383188601513172,True,7.643695725567438,True,Loreto
152828,0.0,True,105.63453195156013,True,39.61294948183506,True,Loreto
152829,0.0,True,145.27120363332324,True,54.476701362496215,True,Loreto
152833,0.0,True,145.27120363332324,True,54.476701362496215,True,Loreto
152835,0.0,True,105.41775203686399,True,39.53165701382401,True,Loreto
152837,0.0,True,105.84326484565536,True,39.69122431712078,True,Loreto
152838,0.0,True,105.41775203686399,True,39.53165701382401,True,Loreto
152844,0.0,True,162.37760351058066,True,60.89160131646775,True,Loreto
152846,0.0,True,105.63453195156013,True,39.61294948183506,True,Loreto
152847,0.0,True,0.21680454435073254,True,0.0813017041315247,True,Loreto
152848,0.0,True,162.37760351058066,True,60.89160131646775,True,Loreto
152851,0.0,True,162.37760351058066,True,60.89160131646775,True,Loreto
152852,0.0,True,162.37760351058066,True,60.89160131646775,True,Loreto
152862,10.243849484982272,True,162.37760351058066,True,60.89160131646775,True,Loreto
152866,10.243849484982272,True,162.37760351058066,True,60.89160131646775,True,Loreto
152873,10.243849484982272,True,162.37760351058066,True,60.89160131646775,True,Loreto
152874,10.243849484982272,True,162.37760351058066,True,60.89160131646775,True,Loreto
152882,10.243849484982272,True,162.37760351058066,True,60.89160131646775,True,Loreto
152884,0.0,True,162.37760351058066,True,60.89160131646775,True,Loreto
152887,10.243849484982272,True,162.37760351058066,True,60.89160131646775,True,Loreto
152889,0.0,True,162.37760351058066,True,60.89160131646775,True,Loreto
152899,0.0,True,162.37760351058066,True,60.89160131646775,True,Loreto
152901,0.0,True,162.37760351058066,True,60.89160131646775,True,Loreto
152903,0.0,True,162.37760351058066,True,60.89160131646775,True,Loreto
152905,0.0,True,162.37760351058066,True,60.89160131646775,True,Loreto
152909,0.0,True,162.37760351058066,True,60.89160131646775,True,Loreto
152912,0.0,True,162.37760351058066,True,60.89160131646775,True,Loreto
152922,0.0,True,162.37760351058066,True,60.89160131646775,True,Loreto
152927,10.243849484982272,True,162.37760351058066,True,60.89160131646775,True,Loreto
152937,10.243849484982272,True,162.37760351058066,True,60.89160131646775,True,Loreto
152940,10.243849484982272,True,162.37760351058066,True,60.89160131646775,True,Loreto
152941,10.243849484982272,True,162.37760351058066,True,60.89160131646775,True,Loreto
152952,10.243849484982272,True,162.37760351058066,True,60.89160131646775,True,Loreto
152953,10.243849484982272,True,162.37760351058066,True,60.89160131646775,True,Loreto
152955,10.243849484982272,True,162.37760351058066,True,60.89160131646775,True,Loreto
152956,10.243849484982272,True,162.37760351058066,True,60.89160131646775,True,Loreto
152957,10.243849484982272,True,162.37760351058066,True,60.89160131646775,True,Loreto
152958,10.243849484982272,True,162.37760351058066,True,60.89160131646775,True,Loreto
152986,0.0,True,162.37760351058066,True,60.89160131646775,True,Loreto
152994,0.0,True,162.37760351058066,True,60.89160131646775,True,Loreto
152996,0.0,True,162.37760351058066,True,60.89160131646775,True,Loreto
152998,10.243849484982272,True,162.37760351058066,True,60.89160131646775,True,Loreto
152999,10.243849484982272,True,162.37760351058066,True,60.89160131646775,True,Loreto
153005,3.5168629773916016,True,162.37760351058066,True,60.89160131646775,True,Loreto
153012,65.61570815871711,True,709.607992189209,True,266.1029970709533,True,Loreto
153015,65.61570815871711,True,709.607992189209,True,266.1029970709533,True,Loreto
153026,65.61570815871711,True,709.607992189209,True,266.1029970709533,True,Loreto
153034,65.61570815871711,True,709.607992189209,True,266.1029970709533,True,Loreto
153036,65.61570815871711,True,709.607992189209,True,266.1029970709533,True,Loreto
153037,65.61570815871711,True,709.607992189209,True,266.1029970709533,True,Loreto
153042,65.61570815871711,True,709.607992189209,True,266.1029970709533,True,Loreto
153044,65.61570815871711,True,709.607992189209,True,266.1029970709533,True,Loreto
153046,65.61570815871711,True,709.607992189209,True,266.1029970709533,True,Loreto
153047,65.61570815871711,True,709.607992189209,True,266.1029970709533,True,Loreto
153050,65.61570815871711,True,709.607992189209,True,266.1029970709533,True,Loreto
153052,65.61570815871711,True,709.607992189209,True,266.1029970709533,True,Loreto
153053,65.61570815871711,True,709.607992189209,True,266.1029970709533,True,Loreto
153054,65.61570815871711,True,709.607992189209,True,266.1029970709533,True,Loreto
153055,65.61570815871711,True,709.607992189209,True,266.1029970709533,True,Loreto
153060,65.61570815871711,True,709.607992189209,True,266.1029970709533,True,Loreto
153063,65.61570815871711,True,709.607992189209,True,266.1029970709533,True,Loreto
153070,65.61570815871711,True,709.607992189209,True,266.1029970709533,True,Loreto
153073,65.61570815871711,True,709.607992189209,True,266.1029970709533,True,Loreto
153076,0.0,True,0.0,True,0.0,True,Loreto
153080,0.0,True,0.0,True,0.0,True,Loreto
153082,0.0,True,0.0,True,0.0,True,Loreto
153083,0.0,True,0.0,True,0.0,True,Loreto
153085,0.0,True,0.0,True,0.0,True,Loreto
153089,0.0,True,0.0,True,0.0,True,Loreto
153093,0.0,True,0.0,True,0.0,True,Loreto
153103,0.0,True,0.0,True,0.0,True,Loreto
153104,0.0,True,0.0,True,0.0,True,Loreto
153106,0.0,True,0.0,True,0.0,True,Loreto
153107,0.0,True,0.21680454435073254,True,0.0813017041315247,True,Loreto
153108,0.0,True,0.0,True,0.0,True,Loreto
153113,0.0,True,0.0,True,0.0,True,Loreto
153116,0.0,True,0.0,True,0.0,True,Loreto
153168,0.05522803561076717,True,9.22863764137479,True,3.460739115515546,True,Loreto
153169,0.0,True,8.801432986182203,True,3.3005373698183265,True,Loreto
153170,0.0,True,0.21680454435073254,True,0.0813017041315247,True,Loreto
153181,0.0,True,0.21680454435073254,True,0.0813017041315247,True,Loreto
153182,0.0,True,0.21680454435073254,True,0.0813017041315247,True,Loreto
153184,0.0,True,0.21680454435073254,True,0.0813017041315247,True,Loreto
153188,0.0,True,0.21680454435073254,True,0.0813017041315247,True,Loreto
153192,0.0,True,0.21680454435073254,True,0.0813017041315247,True,Loreto
153195,0.0,True,0.21680454435073254,True,0.0813017041315247,True,Loreto
153198,0.0,True,0.21680454435073254,True,0.0813017041315247,True,Loreto
153199,0.0,True,0.21680454435073254,True,0.0813017041315247,True,Loreto
153201,0.0,True,0.21680454435073254,True,0.0813017041315247,True,Loreto
153204,0.0,True,0.21680454435073254,True,0.0813017041315247,True,Loreto
153205,0.0,True,0.21680454435073254,True,0.0813017041315247,True,Loreto
153208,0.0,True,0.21680454435073254,True,0.0813017041315247,True,Loreto
153209,0.0,True,0.21680454435073254,True,0.0813017041315247,True,Loreto
153213,0.0,True,0.21680454435073254,True,0.0813017041315247,True,Loreto
153215,0.0,True,0.21680454435073254,True,0.0813017041315247,True,Loreto
153217,0.0,True,0.0,True,0.0,True,Loreto
153219,0.0,True,0.0,True,0.0,True,Loreto
153220,0.0,True,0.0,True,0.0,True,Loreto
153221,0.0,True,0.21680454435073254,True,0.0813017041315247,True,Loreto
153224,0.0,True,0.0,True,0.0,True,Loreto
153276,0.0,True,0.21680454435073254,True,0.0813017041315247,True,Loreto
153281,0.0,True,0.21680454435073254,True,0.0813017041315247,True,Loreto
153283,0.0,True,0.21680454435073254,True,0.0813017041315247,True,Loreto
153284,0.0,True,0.21680454435073254,True,0.0813017041315247,True,Loreto
153292,0.0,True,0.21680454435073254,True,0.0813017041315247,True,Loreto
153295,0.0,True,8.801432986182203,True,3.3005373698183265,True,Loreto
153296,0.0,True,0.21680454435073254,True,0.0813017041315247,True,Loreto
153313,0.0,True,0.21680454435073254,True,0.0813017041315247,True,Loreto
153324,0.0,True,0.21680454435073254,True,0.0813017041315247,True,Loreto
153325,0.0,True,0.21680454435073254,True,0.0813017041315247,True,Loreto
153327,0.0,True,0.21680454435073254,True,0.0813017041315247,True,Loreto
153331,0.0,True,0.21680454435073254,True,0.0813017041315247,True,Loreto
153333,0.0,True,0.21680454435073254,True,0.0813017041315247,True,Loreto
153371,0.0,True,0.21680454435073254,True,0.0813017041315247,True,Loreto
