demand_id,facility_id,distance_m,straight_line_m,detour_factor
123803,8498,37551.15064661629,32618.965800869773,1.151206046073202
123806,8498,45423.979638964076,36102.881203387675,1.2581815668136138
123808,8498,41908.534536220446,33572.498830060395,1.2482995307664162
123809,8498,44957.68996129605,35477.29837599141,1.2672241692372017
123810,8498,46058.66458490386,35135.50821603429,1.3108865339788858
123811,8498,39435.16295532384,33067.490454752304,1.1925659435597238
123812,8498,42526.13909377796,33726.84123950712,1.2608989615061688
123814,8498,36136.86447148033,31227.539944611653,1.157211376098673
123815,8498,38774.703202729615,33878.621947145286,1.144518311967435
123816,8498,40909.10596388266,33742.806730561104,1.212380057490327
123817,8498,35784.28549799185,31094.42418118051,1.1508264404410427
123818,8498,37688.23743724168,33920.45612344955,1.1110769648874925
123819,8498,36148.887196738004,30228.477065533792,1.1958553888893928
123820,8498,37301.42309353497,33705.199229625796,1.1066964131975285
123821,8498,35660.791783502675,32080.79454498298,1.1115931599979516
123822,8498,36081.96566759961,31844.022624227015,1.1330844125248283
123823,8498,36530.648106019384,32480.184772043343,1.1247056740102783
123824,8498,34141.904660246095,30766.10726917643,1.109724553760877
123825,8498,37769.52171995682,33987.249019985815,1.1112850498063813
123826,8498,45602.22784975298,35083.337407582825,1.299825821014868
123827,8498,44647.70687536562,35270.40493994156,1.2658688481573073
123828,8498,42301.96325908882,34860.40912132911,1.2134672060749467
123829,8498,46849.02688782657,37824.51211027368,1.2385890596881408
123831,8498,46844.58267777507,41050.686437699915,1.1411400573987525
123833,8498,44166.14930094416,34806.52666436304,1.268904241059021
123834,8498,37099.933622179815,32581.37060460293,1.1386854798839716
123840,8498,44522.58256080055,34891.219164001355,1.2760397494718743
123841,8498,38739.61355854168,32139.39675801053,1.205362186796057
123842,8498,41863.900025885625,33758.20812804315,1.2401102531004609
123844,8498,40780.755067533915,35196.22569626099,1.1586684157405602
123845,8498,44659.84892219242,34112.3105388741,1.3092003507442989
123846,8498,42130.79903873163,33349.7344830215,1.2633023828174887
123847,8498,42024.47011743307,33292.89724504243,1.262265335699819
123850,8498,39849.063495025555,32457.177423209556,1.2277427262214795
123851,8498,32548.644664018502,29625.150293124687,1.098682853655338
123852,8498,43061.77845917471,37865.64774592492,1.1372254542723093
123853,8498,43166.251581225435,38290.87863410946,1.127324655924009
124313,8498,43477.48541269823,38880.01816184713,1.1182475592401493
124384,8498,40732.340712346464,36787.82431131578,1.1072234217400394
124440,8498,45062.90275240128,36201.32899027269,1.244785868621279
129463,8498,7475.137866669553,6523.062679252199,1.1459552413079832
129464,8498,5762.717044600016,5136.053072488171,1.122012752451613
129465,8498,13952.607805626267,12512.251593870204,1.1151156689066017
129466,618,10727.614355617412,10007.940624064693,1.0719102719117077
129467,23939,21697.317650154855,18965.222832046013,1.1440581448635738
129468,23939,20920.14299014331,15411.352293583484,1.3574501829312806
129469,23939,17037.22728143799,14126.792921470442,1.206022299339021
129470,23939,16601.776343182428,13531.72310997909,1.226878218557347
129471,23939,23330.919126928384,20268.842865699873,1.1510730672450145
129472,23939,21988.88853703095,19201.595831215935,1.1451594299929868
129473,23939,14211.69946742553,12520.253819065845,1.1350967538520624
129474,23939,12636.491903719494,12263.0827090871,1.030449863504198
129475,23939,738.261075574511,449.5920198075085,1.642068904805284
129476,23939,5021.537436042662,4994.789421333738,1.0053551836629344
129477,8498,12629.40592443771,11723.197069898046,1.0773004880099268
129478,23939,1796.6179377864744,1588.5450524186813,1.1309833076820743
129479,23939,629.0998458945522,420.09157541644305,1.497530259374795
129480,598,6479.325083249602,4354.540745967864,1.4879468263672138
129482,21545,23727.899508219278,22193.30541568185,1.0691467117580908
129483,8498,8942.107578643887,5982.0960644977295,1.4948117653464474
129484,8311,5065.551760928069,2573.222491302732,1.9685634561524286
129485,23939,19363.502487371188,16353.57860975727,1.1840529189016809
129488,23939,22706.605225931577,20273.633662876473,1.1200066847173122
129489,23939,16722.68609537177,14313.007530843068,1.1683558510911205
129492,23939,42018.26927598931,32157.977807523792,1.3066203828948029
129493,23939,17172.220824718905,14649.992250370751,1.1721658640661958
129494,23939,16682.798411847914,13651.910074633864,1.2220120349932306
129495,23939,17353.712958035758,13645.902106771915,1.2717160670106087
129497,23939,10697.178825452642,9794.739003753391,1.0921351575936256
129498,23939,23120.384075325972,20061.74581397541,1.1524612209581409
129499,23939,17539.873846137692,14493.18717759031,1.2102150914919694
129500,23939,12984.002958421404,12184.292099555449,1.065634577071173
129501,23939,14442.142856773553,12434.767631518731,1.1614324677983265
129502,23939,24710.19987940385,21419.15088864417,1.1536498345741848
129503,23939,13052.680782544385,12320.23379335897,1.0594507378244908
129504,23939,16696.6202218417,14505.085464935484,1.1510873384513327
129505,23939,11804.301063143383,10460.386845299272,1.128476531290814
129508,23939,15653.863168212045,13565.923829316056,1.153910589884335
129510,23939,20329.25268745305,15734.558021813975,1.2920129475050466
129511,23939,20368.707902761864,17678.375194068267,1.1521821252892235
129512,23939,21087.523248984693,16397.991836199177,1.2859820555851968
129513,23939,17342.493039134428,15125.685184423131,1.1465591692331552
129515,23939,14033.989753367878,12824.116004458643,1.0943436372915365
129516,23939,16480.379145310082,15400.598080234593,1.0701129306439923
129517,23939,15203.983740583939,13019.866920244258,1.1677526224898394
129518,23939,17377.38989665924,15501.725417500798,1.1209971424884673
129519,23939,12666.89929127125,11530.03794246025,1.098599965974476
129520,23939,37629.4989163097,33306.223601949656,1.129803827837959
129521,23939,43724.50851710687,36637.21252269561,1.1934452843545589
129522,23939,26429.2910914963,24152.522356782018,1.0942662924013387
129523,23939,27732.8674227298,23336.73373019936,1.1883782770697484
129524,23939,25778.91065706037,23108.84081280666,1.1155432185405851
129525,23939,14090.753741657756,12636.644666219368,1.1150708209217557
129526,23939,19955.760197110754,17215.13247855672,1.159198758532226
129528,618,907.224987807057,626.7289328875156,1.447555618067954
129529,8311,9794.540473959041,6881.14242812995,1.423388714338943
129530,21545,18607.470860554367,15780.680929250047,1.1791297817868407
129531,618,1084.6682402320598,618.3155185543492,1.7542309835083312
129532,8311,2840.857347598393,799.50505286437,3.5532700355307485
129533,8311,2684.9836981154936,649.9318181329653,4.131177491553722
129534,21545,12850.941475331512,11714.60411504254,1.0970017722434016
129535,21545,28525.852685488484,24070.675610026472,1.1850873298133036
129536,8311,3859.4635579197907,3151.686630785947,1.2245708441379348
129537,8498,11826.643060694014,10499.97445221926,1.1263496987075385
129538,618,2549.53578460451,1860.3614313094556,1.3704518604269085
129539,618,16351.8070912482,14736.695304473307,1.1095979630035933
129540,21545,22925.74884579111,20186.414842776507,1.1357018581234024
129541,23939,2761.0482032823966,2394.047085234614,1.153297368423235
129542,23218,5928.985324515779,5536.2295132116315,1.0709428339932219
129543,618,734.7936711361093,502.9246153401625,1.461041374240785
129544,598,10979.10091648026,9392.509216559798,1.1689209627948158
129545,8311,1606.2474924387948,1345.0299267034889,1.1942094822942115
129546,21545,22192.294073695273,17194.731794866046,1.290644968380454
129547,23939,11706.523396977853,7893.270234209152,1.4831018132690046
129548,8498,17656.620365995936,15827.451761044196,1.1155693684977033
129549,23939,25795.80965072101,23221.869103602872,1.1108412305501623
129550,23939,29722.483284144797,24152.23751395192,1.2306306306807033
129551,23939,42340.226726465466,34808.569631578524,1.2163736451857585
129552,8498,44412.92025045862,31306.37354229907,1.4186542619013622
129553,8498,39035.58782625597,30207.71069877949,1.2922391973196816
129554,618,15805.271464085583,15427.848865516047,1.0244637215375594
129555,23939,7346.601833904021,5742.010398238807,1.279447671525878
129556,21545,18503.91732434887,16030.898159074344,1.15426578977265
129557,23939,5479.5682313460065,4619.217865929227,1.1862545544263277
129558,23939,2548.0689283386346,2246.531605890887,1.1342234944111411
129559,8498,10312.565813807076,9794.949334683573,1.052845243138792
129560,21545,24357.19177802327,20186.77299636808,1.2065916519894246
129561,23939,10628.479238698841,5750.466934529515,1.8482810804247203
129562,8498,10542.90779273934,9657.754999455763,1.0916520240297518
129563,23939,6692.18507161574,5104.561846261018,1.311020470154088
129564,8498,8991.23739660134,7489.8137981160135,1.2004620727504594
129565,23939,6500.0496194628,5040.710372521427,1.2895106322507066
129566,8498,8657.642791347274,7525.933247477769,1.1503746454632433
129567,23939,1891.3310869380575,1599.5084030540265,1.182445233377229
129568,23939,6596.119083533648,5344.391639671363,1.234213270331973
129569,23939,664.7546385457987,589.4799618461643,1.127696752344024
129570,23939,1472.9334576888891,1216.3158126630055,1.2109794531603137
129571,23939,14844.178077204662,12384.489791779763,1.1986103849879648
129572,23939,17172.220824718905,14569.199848653745,1.1786660216831117
129573,23939,19577.726029276313,17199.782013722892,1.1382543112265127
129574,23939,21255.162945941764,18693.108522246683,1.1370587679756943
129575,23939,15327.93324786292,11852.655765346397,1.2932066493213437
129576,23939,22650.178824700637,18615.80533892286,1.2167176446211816
129577,23939,15327.93324786292,12026.59035874652,1.2745036448934546
129578,8498,10594.877361444798,9470.842484807059,1.1186837262303637
129579,8498,11941.28362294968,10231.301968183598,1.1671323610703344
129581,8498,17086.847486721523,15282.130782439664,1.1180932639547632
129582,23939,1474.9609566164927,1249.7362999033837,1.1802177441197161
129583,23939,2192.6100997586236,2016.975328800957,1.0870782941415933
129584,23939,8674.235406167656,6547.8994961221715,1.3247355753253014
129585,8498,13773.647394164142,11286.168835651406,1.2204006155441467
129586,618,14010.895163805731,13176.951732300085,1.0632880387245738
129587,618,14585.836742870328,12891.103311225372,1.1314653517801854
129588,618,11559.8759274819,11339.120728285014,1.0194684583123117
129589,8498,15079.11384321524,12402.231928316622,1.2158387240595618
129590,8498,15946.846264885924,13640.592848035018,1.169072813956406
129591,8498,16811.379469642456,13765.910285597987,1.2212326770159663
129592,8498,16371.538514834925,13606.107678005403,1.20324922470663
129593,8498,15893.967602070381,13048.440184820938,1.218074143494914
129594,618,12871.957731521274,12425.658856891609,1.0359175219414731
129595,8498,14131.319053036748,12698.12747835648,1.1128663716066085
129596,618,12267.239249245218,10431.909811645797,1.1759341741576914
129597,21545,14757.964240797844,9221.166181690407,1.600444450301886
129598,8498,12939.23515253947,12084.300774370457,1.0707475255814751
129599,618,13126.496790886578,11609.1370164636,1.130703925043793
129600,8498,12679.033005816364,11007.801551261524,1.1518224548991176
129601,8498,11921.795039781728,11455.917048629864,1.0406670185524416
129602,618,10733.777704112594,10141.488572117261,1.058402583386403
129603,8498,11500.406392886007,11010.475324630666,1.0444968136079789
129604,618,11074.874594213812,9477.970847884235,1.1684858259176913
129605,618,12606.63476719672,10743.635061226816,1.173404969114538
129606,8498,13151.703722642154,10850.107441262777,1.2121265889613633
129607,8498,13106.759974551933,10848.162129212718,1.2082009669874954
129608,618,10725.204147494402,9570.73014213836,1.1206254891957597
129609,8498,12030.488648964561,10147.592618958182,1.1855510070919353
129610,8498,11620.570081931319,10399.111837495615,1.1174579390550976
129611,8498,10701.418924148791,10145.85314980439,1.0547579159821678
129612,618,9813.392900143317,8950.389606655566,1.0964207516559967
129613,8498,11560.635759934405,9352.823089606061,1.2360584231280842
129614,618,10767.98809423711,8698.822179616413,1.2378673654772812
129615,8498,11932.006129588488,10421.834720179097,1.1449045633476942
129616,618,10911.101070572895,8577.72167451381,1.2720278746035838
129617,8498,10542.739621086022,10137.419802818771,1.0399825425158529
129618,618,10943.714727533585,8177.77688246932,1.338226132213707
129619,8498,11117.355085599695,9514.9205176862,1.1684128169998806
129620,8498,11946.175142614156,10341.426899151471,1.1551766752414367
129621,8498,11436.820446286772,9723.144219669584,1.1762471262280034
129622,618,11281.794548701682,10120.017045884731,1.1147999551334138
129623,8498,11417.623725590527,9947.849363079622,1.147747951227108
129624,618,9096.951849944346,8007.29761533332,1.1360826444772611
129625,8498,10294.71691403999,9104.326532141613,1.1307499657109026
129626,8498,10059.853353836626,9311.586771629389,1.0803586542829695
129627,8498,9962.625015607575,8876.905453934416,1.1223083390160415
129628,8498,12003.917825315468,9432.980017552023,1.2725477847911986
129629,618,10329.096782399718,8897.287296179233,1.1609265204727455
129630,8498,9598.815630430894,8698.470082509473,1.1035061958460717
129631,618,9654.72452302008,8523.676811213707,1.1326948143221918
129632,8498,13916.622326485087,10279.78926391576,1.3537847877227778
129633,8498,9793.866359984164,8573.093489696237,1.1423958424989928
129634,8498,7839.840438787177,7627.88678022526,1.0277866812485197
129635,8498,9198.116172667762,8573.972896205314,1.0727951072412047
129636,618,9791.810619200944,8884.848161175327,1.1020796800995234
129637,618,13132.330287726527,6175.422459305622,2.1265476773880754
129638,8498,10577.293314008093,8200.925129184536,1.289768306305688
129639,8498,14539.689067642195,10061.013063328186,1.445151594190701
129640,8498,8752.527013915313,8529.678144583082,1.0261262928746913
129641,21545,22631.66429285834,21900.16788060781,1.0334014066119674
129642,8498,9340.173286581608,7755.21111198082,1.2043738270583277
129643,8498,10164.00013572357,7450.317358782801,1.3642372057804686
129644,8498,9843.67279378997,7726.179832287698,1.2740672631839698
129645,618,7380.430371525816,6665.148099621141,1.1073167859458866
129646,618,7457.762808144209,6680.3348665316935,1.116375594509103
129648,8498,12007.281565804404,7536.778372188599,1.593158372563053
129649,8498,15849.565727960062,8582.322387228514,1.8467688596207996
129650,618,5728.953113811705,4665.974329098052,1.2278149663371873
129651,8311,7736.159016990672,7451.607554710815,1.0381865872820915
129652,8498,16091.129440075752,9108.359082755765,1.7666331875891883
129653,8498,9941.766994327316,7655.656423663972,1.2986171850132766
129654,8498,6933.721959138858,6226.534444949741,1.1135764236818297
129655,8498,10251.49792877738,7934.955191971513,1.2919415019696288
129656,8498,10291.538906582511,7826.487589117894,1.314962655903534
129657,8498,9773.855474601238,7272.67111772999,1.3439155045487523
129658,8498,7949.868067519765,6577.806258650304,1.2085895745355981
129659,8498,10338.41628288327,7909.383726867468,1.3071076887779003
129660,618,3413.025701957131,2821.333463362296,1.2097207743354421
129661,8498,7185.08384907974,6771.477323311013,1.061080692738182
129662,8498,7190.480350482615,6790.359278201385,1.0589248750895568
129663,8311,8363.721221361988,8176.334557380679,1.0229181747231901
129664,21545,21859.996900085294,16965.608200252256,1.2884888441405988
129665,23939,4202.30386814632,3253.6149761309207,1.2915799499864442
129666,8498,7606.213148568582,5974.357808190005,1.2731432218775938
129667,8311,6928.360256679808,6390.460358227287,1.0841723237919803
129668,8311,7644.797687023553,6697.490298327035,1.1414421442212683
129669,21545,14676.599981885609,9954.06176308949,1.474433284742887
129670,21545,22891.55260585557,20957.13170387386,1.0923037049781072
129671,23939,8727.544160049802,6916.729797273378,1.261802096633912
129672,23939,5629.766206656648,5150.431042543115,1.0930669996654985
129673,618,7568.070339121586,6225.0573242968585,1.2157430759043533
129674,8498,11816.464675335132,7195.493150662116,1.6422035888183428
129675,8498,14219.333969556796,8640.21744392986,1.645714828571417
129676,618,7871.528779414714,6328.451094669175,1.243831809974065
129677,618,6103.182484772185,5165.478602493423,1.1815328170803232
129678,8311,5810.656182014682,4156.811927523888,1.397863623210865
129679,8498,16307.723473662685,9621.26180106895,1.694967230997794
129680,8498,15106.539868380365,8770.64683151644,1.7223974649277325
129681,8498,15193.817490356321,8862.976867779322,1.7143018330096618
129682,8498,11692.863545803015,8035.736421156982,1.455107899634105
129683,8311,6115.4944720809535,5602.094263410971,1.0916443359447128
129684,618,5062.568695083783,4280.212768583777,1.1827843541429528
129685,8311,6115.4944720809535,5594.031830050871,1.0932176751710296
129686,618,5769.521512615445,5070.9614856176295,1.137756918284449
129687,8311,5554.435040950742,5030.227445443124,1.1042115095575842
129688,8311,5209.655490809589,3073.4393383662773,1.6950572037575473
129689,8311,5244.839665015255,4834.887767020353,1.0847903648955945
129690,8311,4826.969565411866,4367.851016500857,1.1051131430940642
129691,21545,16588.457970848114,10630.67657457359,1.5604329465280058
129692,618,3299.0833985245085,3073.877328936021,1.0732644948022176
129693,21545,20875.71648859841,18869.934165051287,1.1062951415729898
129694,8498,5891.016702686503,4531.805023636849,1.2999272192780402
129695,8311,5313.834190796568,3117.3413089553137,1.7046045537366408
129696,21545,23491.293552622006,21804.75051555485,1.077347504428635
129697,21545,10877.04873826036,6990.891674764625,1.5558886111086219
129698,21545,26401.41879258189,13459.462948486605,1.961550686949994
129699,21545,18790.10649419387,17229.19783585766,1.090596711071924
129700,8498,9626.360607848523,6785.310208636631,1.4187060446544777
129701,8311,2816.6195638742206,2707.0996427760538,1.0404565533412937
129702,8311,3930.07833792397,1965.3757256337503,1.9996575141665018
129703,21545,11614.371073758874,8719.023410054851,1.3320724727456383
129704,8311,10464.529711168185,7274.912689500184,1.4384405913587865
129705,8311,3329.343419665479,1854.2071517499187,1.7955617399724684
129706,21545,16344.511757156799,14589.653537033215,1.120281007062244
129707,8311,7971.076812385669,7734.801024931972,1.0305471060848361
129708,21545,12404.672509442938,9475.92450580539,1.3090725344891956
129709,8311,3524.4850707591786,3021.1326884166697,1.1666104849589736
129710,21545,9796.955507199345,7115.09319783728,1.3769258159790867
129711,8311,3674.8054983932198,2596.491634800662,1.415296490518192
129712,8311,1647.7555200204486,1472.7764431437395,1.118808986721165
129713,23939,32666.742507031093,27658.879018313513,1.1810580785071503
129714,23939,27811.701665265235,25495.323252951992,1.0908550320908381
129715,23939,30138.77455009421,25119.556094006974,1.1998131828963619
129716,23939,33278.398978036916,25922.020077433634,1.283788797270756
129717,21545,20065.980967111893,18083.29223468169,1.1096420224093726
129718,8311,2411.850440257111,1803.8380155096172,1.337065977942437
129719,8311,1096.2001106140128,413.6500193578335,2.6500666247176703
129720,8311,9839.70046013512,6870.471603345154,1.4321724953122987
129721,8311,4061.7257225703042,2884.9531653857966,1.4079000558149932
129722,21545,8182.511145474735,6581.997032094276,1.2431654261732785
129723,8311,1880.8321990554155,1121.544200968403,1.677002295077984
129724,8311,1464.131415177787,1233.5752718742328,1.1869007498450084
129725,21545,4028.6742834625315,1597.7015182896744,2.521543753538641
129726,21545,18621.64401267163,16256.124984294138,1.145515553716703
129727,8311,2914.4246852692722,333.40813166541454,8.741312549011218
129728,8311,1166.858010748506,393.86793816398244,2.9625615534684573
129729,5828,2227.095427227379,1877.3879878770776,1.1862733977251794
129730,8311,2861.938523589119,1124.1170206692418,2.5459435903614973
129731,21545,10373.359850440062,9904.58181582792,1.047329412117432
129732,598,8641.611767324453,8081.054209544466,1.069366884968785
129733,8498,1504.3252433000157,1370.0655182879766,1.097995112802933
129734,21545,26157.876544508144,24442.367462464194,1.070185880507624
129735,21545,7463.955713828364,6336.149913668961,1.1779954413209812
129736,20482,95.10311264232143,70.74028455958495,1.3443982199734514
129737,21545,16282.960384615291,14031.855324103983,1.160428183480794
129738,8311,2777.755388928804,987.123549142284,2.8139895875672383
129739,598,2269.5101218026184,1968.2526953792074,1.153058307569278
129740,5828,801.5838476981335,648.9057160595587,1.2352855397324956
129741,5828,700.9825848571934,448.4008362902914,1.5632945528303663
129742,5358,311.71195381280234,220.30925372505754,1.4148836171984582
129743,8311,3419.5863778128564,2951.6284763707567,1.1585422776573453
129744,8311,3264.217736110481,1422.4932389152618,2.2947158178408262
129745,21545,18000.12827905271,16796.55031225057,1.0716562594358623
129746,21545,6723.473863819137,5807.235082858166,1.157775390162098
129747,21545,14305.66096022811,13597.481562828267,1.0520816589548323
129748,21545,2458.974869528245,2181.1071133156615,1.1273975746152953
129749,8514,2021.0809340848064,1552.3689360001226,1.3019333788605563
129750,8311,3420.153847422651,1554.4970969283888,2.2001674073117985
129751,598,2646.4160996677806,2302.611944744898,1.1493105061439137
129752,598,10423.04287562661,9138.520731346018,1.140561277042854
129753,21545,24464.453407150675,23055.36478783122,1.0611176024446676
129754,598,3676.68294293543,2811.033375330722,1.3079470970361082
129755,598,7167.471407014867,6460.79974461898,1.10937835722032
129756,598,3917.5446172939814,3596.1995611978523,1.0893568475908197
129757,21545,14060.9229512467,13778.497793163791,1.0204975289993539
129758,21545,4141.3280398408,3911.0312526283747,1.0588839035887674
129759,8498,627.7780787797627,517.5022194530901,1.2130925340633611
129760,21545,23034.967772029864,21507.530206540425,1.0710187339420751
129761,598,4406.2525660868905,3992.130951490869,1.1037344765560275
129762,8311,1413.8230977849735,1122.2598376866547,1.2598001374613264
129763,8311,2782.569178692201,1150.0293823749375,2.4195635531901707
129764,598,12196.113284230689,11405.098155768008,1.0693562753830956
129765,21545,3450.917669120669,3164.001565671911,1.0906814037520327
129766,21545,981.0909898810457,772.2074438783409,1.270501854985503
129767,598,3971.2550300559346,3565.053608204842,1.1139397794513481
129768,21545,10568.4311824615,10189.246386353043,1.0372142140577068
129769,598,1088.254387763235,779.5409710447011,1.3960194886290733
129770,8498,1150.8057405832094,944.361972314563,1.218606608822534
129771,21545,6414.393989845477,6079.92729064089,1.05501162813566
129773,21545,3035.4730364525612,2420.1964282026765,1.2542258971544764
129774,21545,16580.39007176097,16247.873234282359,1.020465253063214
129775,8514,930.4221048009385,726.1082077137016,1.2813821616623238
129776,598,1596.054412014727,1148.793994264105,1.3893303934245653
129777,598,945.2695233021389,452.7005541665764,2.0880679614858964
129778,598,1060.0693673305443,833.1687951909939,1.272334457854409
129779,21545,11507.950733916918,11297.619030699288,1.0186173478363971
129780,598,1258.7487465934676,851.3166856945209,1.4785904796010847
129781,598,2172.377723861889,1471.507611637215,1.4762939088333213
129782,8498,1991.4896412755295,1799.7605214712178,1.106530350853336
129783,21545,7814.332033025429,7366.715981873991,1.0607619531216907
129784,598,4221.634096418641,3721.862198075924,1.1342800651246794
129785,21545,27071.985993378137,24123.897448867374,1.1222061464470856
129786,23218,1678.3526796456615,1402.0668677285898,1.197056087891633
129787,23939,9124.273714639668,7178.755575257916,1.271010500216377
129788,8498,1957.191802883662,1741.4092318067655,1.1239126146431504
129789,598,579.4706821698503,370.31107520402855,1.5648213649850522
129790,21545,19159.093505195382,19814.488112605854,0.966923465108669
129791,21545,6967.505024640456,5946.162351176304,1.1717650163490918
129792,8498,2129.3913182153233,1899.8665400356256,1.120811000848193
129793,23939,6286.386354704105,5653.163908289607,1.1120120443502375
129794,23218,3554.642490611972,3487.95933204554,1.0191181009347734
129795,23939,5766.970980838055,4325.773477860875,1.3331652732980976
129796,23939,10819.613901206103,5501.8232277250345,1.9665506239247055
129797,23939,2018.4863177493646,1810.5428209740005,1.1148514657408095
129798,21545,26218.23965844711,21778.446900756062,1.2038617711319404
129799,23939,5904.331029318841,4678.30907322962,1.2620651899860156
129800,8498,3137.6104357379318,2654.504868478355,1.1819946058477218
129801,8498,2365.1628898259983,2088.2176889560383,1.1326227635819008
129802,23218,1964.3844479302768,1569.6096054135578,1.2515114848655022
129803,21545,17515.003698952678,17126.57505551961,1.0226798786198577
129804,598,1620.8295626732329,1398.4543186038418,1.1590150218788706
129805,598,645.6926100876639,569.3146074820218,1.134157812924296
129806,598,1422.2539330552243,1058.13029689932,1.344119847265417
129807,23218,2160.186956983828,1682.1276244288183,1.2841992043958848
129808,8498,3012.0323391785546,2576.3335007191636,1.1691158533387735
129809,598,645.6926100876639,875.1126732290222,0.7378394003884826
129811,8498,3492.577576234182,3149.026984881551,1.109097379286368
129812,598,2418.9491199861645,1753.3640434816286,1.3796046114775422
129813,21545,15701.829555509195,14449.473821898082,1.0866713728850927
129814,23218,2967.3554042417486,2657.663232620797,1.1165279964066612
129815,23939,5815.445001378803,5040.615511767249,1.1537172370720847
129816,598,3339.3747683001334,2402.979617956784,1.3896808542802173
129817,21545,17744.13602573386,16559.058350786716,1.071566731020719
129818,598,12597.343252933031,10011.448129233233,1.2582938142733853
129820,23939,22405.163110853468,19457.903365441518,1.1514685159063165
129821,23939,27315.279171278467,17941.68139552351,1.5224481234012823
129822,21545,5591.972198259275,4769.987902272016,1.1723241888298574
129823,598,3302.27312391782,2432.209160287935,1.3577257983548106
129824,21545,14137.204796808712,10859.136634583128,1.3018718957624964
129825,23218,3536.9819519982875,3085.771478403744,1.1462229062496725
129826,23939,11298.228789551229,8552.501074110542,1.321043831698816
129827,21545,6751.850119378138,6567.294085996849,1.0281022946383365
129828,21545,18889.19772258958,18166.486212196054,1.0397826801480372
129829,23939,5403.982652716454,4541.033023158415,1.1900337709849627
129830,23939,6811.527080498103,6267.368958291565,1.086824012728121
129831,21545,9935.690735623004,8279.69680755777,1.2000065904048118
129832,21545,15046.090567157264,13659.37425769565,1.1015212178318008
129833,8498,3642.2849304811175,3406.4152523936687,1.0692427847490715
129834,21545,26098.26294724288,24031.32248430881,1.086010266987332
129835,23939,14104.904672014502,11224.501060752831,1.2566175187361497
129836,23939,15088.768597134369,13595.49276734458,1.1098360946045687
129838,23939,13764.014125075451,11559.65541276776,1.1906941542455456
129839,23939,8303.353545290356,7092.371297279369,1.170744338846941
129840,8498,7641.7828147160635,7320.478016632034,1.0438912318777585
129841,21545,23420.639117230636,21682.04026363182,1.0801861278947553
129842,23939,6302.812729523563,5482.326775593972,1.1496601693978186
129843,8498,4623.584466591749,4351.685441401355,1.0624813141601603
129844,23218,4559.811259077795,4037.7311236055434,1.1293003717904952
129845,21545,16578.167934814126,15016.71047880225,1.1039813252187318
129846,21545,21025.054905441797,19461.73983075085,1.0803276114204756
129847,8498,6417.332016284165,4974.669873181772,1.2900015840005226
129848,21545,18889.19772258958,17993.196666656928,1.0497966577330322
129849,23939,6992.265962003179,6300.524320760183,1.1097911230917261
129850,23939,10286.996115586855,8792.237375913677,1.1700089153379853
129851,23939,12871.666234568715,10892.092044856992,1.1817441664612478
129854,23939,17659.884028123273,15716.5001830122,1.1236524558572942
129855,23939,15845.569615260894,14253.788859062519,1.1116742202327716
129856,23939,21703.670266301095,19158.510469146422,1.1328474779526045
129859,23939,14557.208763134471,11843.532532797592,1.2291272661110237
129860,23939,22149.199064480057,19429.92696150081,1.1399527701965795
129862,23939,16379.454565669434,12533.13692668724,1.3068918548868715
129863,23939,15723.478695166295,12060.80091019364,1.3036844577939268
129864,23939,17770.887944022674,15606.372590204208,1.138694327673369
129865,23939,8978.091785730025,6937.882523454134,1.2940680035124235
129867,23939,17148.180917478338,15336.701234826152,1.1181140360574233
129868,23939,16388.924678681964,14463.621436113377,1.1331134979626478
129870,23939,15578.373991903929,13556.874288446987,1.1491125211052255
129872,23939,8940.694083154965,6688.186255339141,1.3367890399310665
129873,23939,9337.947564966871,7842.896952202149,1.1906247936032026
129874,23939,10674.983563490576,9008.106420970515,1.1850419016631106
129875,23939,20750.283006774836,18474.708168013716,1.123172437586914
129876,23939,10683.225653263084,9699.346754267837,1.1014376456396229
129878,23939,14034.817147372563,11881.579176869524,1.1812248976714188
129880,23939,17248.67078731957,15098.59853353119,1.1424021076534665
129882,21545,17783.640634489584,18095.933049830874,0.9827423977265318
129883,23218,2407.366267049188,2185.8401264976874,1.1013459940944748
129884,21545,16547.007747814823,14656.982881054764,1.1289504724197403
129885,21545,22177.82427895314,20534.465570756904,1.0800292903914939
129886,23939,9430.464310876772,7370.489339248435,1.2794895802452098
129887,21545,23961.46714053112,22130.01933083506,1.0827585273341445
129888,21545,13699.269138229902,10498.402565725637,1.3048908205286587
129889,23218,4468.1349902952725,4369.599084043883,1.0225503311301958
129890,21545,21596.924432126212,20241.68344906341,1.0669529778228752
129891,23939,5700.256159763918,4807.9783531933745,1.185582742064117
129892,23939,8401.12217817075,5659.199835630954,1.4845070720557254
129893,23939,4146.538023119418,3363.2784963990694,1.232885717777744
129894,21545,18035.23071846695,15475.89347334004,1.1653757341723643
129895,23939,10046.271706717915,7578.900726860184,1.325557896689844
129896,21545,22309.586194586278,20714.411205762197,1.077007981205874
129897,21545,22494.222582033017,20704.8991225973,1.0864202935180134
129898,598,5300.054986599579,3975.8180718889926,1.33307281439098
129900,8498,9085.081257019909,8303.761236573722,1.0940923032570928
129901,23939,9692.065640995672,6317.220136824583,1.534229523599836
129903,23939,7992.577294740331,6585.458691418281,1.2136705534506975
129904,8498,16275.801442543907,13562.50629291412,1.2000585357182378
129905,8498,15661.928255836894,12804.91319872517,1.2231186586564415
129906,23939,3248.743260546923,2726.989355648079,1.1913296448400867
129908,8498,19917.008996154957,15403.700805677754,1.2930015486157465
129909,23939,3044.2632484960104,2917.744523151752,1.0433618242928249
129911,23939,5642.613619862748,4867.10180863923,1.1593374952311384
129912,21545,23378.68294681534,17485.300366109863,1.3370478320251264
129913,21545,23744.615942218024,17361.986051001095,1.3676209549107952
129914,23939,13148.19358691707,11483.011111258422,1.14501270263738
129915,23939,4783.066437399411,4465.720605425881,1.0710626257244917
129916,8498,16256.001671377984,13043.236520626475,1.2463165599788724
129919,8498,16050.841338175398,13372.74512770102,1.2002652548074686
129922,23939,8163.702728920954,7110.484790575536,1.1481218186053062
129923,21545,22949.414469602503,16464.36939789611,1.3938835988783804
129924,8498,16065.67105679893,13838.467681836839,1.160942918404566
129925,23939,28543.15897796143,24731.515119012067,1.1541209198307145
129926,23939,9106.673620481346,7843.737223703754,1.161012073805966
129927,23939,16564.64204037457,14015.206478147167,1.181904959174347
129928,23939,13685.471478091486,10638.658026009074,1.2863907688952547
129931,23939,23044.484807084737,19829.31279313343,1.1621423822143078
129932,23939,19791.32507096658,17570.260890354024,1.1264104269408948
129933,23939,20341.71657119672,15955.139813844662,1.2749318908221488
129934,23939,32584.414507870686,28475.029987510174,1.144315371122102
129935,23939,30006.593941121384,25694.77538321962,1.1678091555031713
129936,23939,24816.704005400687,20706.082315685613,1.198522425780232
129937,23939,18923.6088881639,16840.9386920503,1.1236671087162569
129938,23939,20324.94717025032,16495.103181144088,1.2321806627729501
129940,23939,18785.02085033362,16233.862512525524,1.157150421585726
129941,23939,21954.243668841373,17191.60342242864,1.2770329287726159
129942,23939,27578.290561904578,25138.431483768716,1.0970569337116844
129943,23939,28059.569434271238,24962.121372263588,1.124085930671315
129944,23939,25783.672635204726,23831.323646531248,1.0819236487922756
129945,23939,27458.777312771646,26356.833395063895,1.0418086611995705
129946,23939,27801.182656088076,23290.91920120054,1.1936490104115363
129947,23939,25706.909135240025,20608.880266700726,1.247370492844124
129948,23939,21104.255783327935,17611.16654297051,1.1983451369808147
129949,23939,19587.238490080807,15475.29094611227,1.2657105160922062
129950,23939,14752.921275985522,14445.967194149825,1.0212484271707334
129951,23939,18200.63582635761,16488.882003707247,1.1038126067167868
129952,23939,25568.380839031233,21223.125564734102,1.2047415335240501
129953,23939,21707.300513840924,17469.689293231928,1.2425693525213826
129954,23939,16402.38253492921,14323.88708023733,1.1451069422042275
129955,23939,16588.343336959922,14900.24768700673,1.11329312675958
129956,23939,14600.147645567895,13467.078752095873,1.084136204616438
129957,23939,14801.720618881896,13986.8200310221,1.058262034261711
129958,23939,16763.359164540314,13592.347491370434,1.2332938938754403
129959,23939,15394.15922112333,13137.811712687371,1.1717445460309779
129960,23939,17057.67698806941,13799.154840681842,1.2361392552666333
129961,23939,25064.19701231828,20852.27752879446,1.2019884627809923
129962,23939,17180.177933049905,14482.587074484796,1.1862644322241076
129963,23939,19175.02826521763,15784.196732598315,1.2148244595568425
129964,23939,26092.7495438127,19701.395564908897,1.3244112305570754
129965,23939,10914.415362758993,9992.984495246623,1.09220777515973
129966,23939,23629.471386102905,20576.92078747492,1.1483482698969254
129967,23939,22394.37597694582,19532.376020660926,1.146525950209925
129970,23939,18996.188770825986,16417.955564675693,1.1570374091946949
129971,23939,9776.502424983564,8587.406473504847,1.1384697411433236
129972,23939,16670.63417661676,14385.92966480978,1.158815214938505
129973,23939,28030.779729815127,22831.82949689718,1.22770624814032
129974,23939,28064.642035718352,27261.042847292698,1.0294779327748813
129976,23939,50530.4643427439,41929.8823505529,1.2051181999578777
129977,23939,30270.629469343316,27879.172770182326,1.0857793277754184
129978,23939,50160.229987950224,41665.58629610615,1.2038767349023944
129979,23939,18637.568693937348,16234.806097043576,1.148000695698566
129980,23939,18230.81894057566,16102.49943950593,1.1321732386369847
129983,23939,19994.669581577662,17381.49754218884,1.1503421689095579
129984,23939,16061.142847373518,14002.902652092798,1.1469866817201009
129985,23939,16203.696904613756,14188.068615733793,1.142065022623639
129986,23939,11211.45546064204,10482.986880994873,1.0694905553080338
129988,23939,11429.546368636118,8580.945546746574,1.3319681737136273
129990,23939,9005.383717715426,8687.968732250703,1.036535005505538
129991,23939,11462.944113585703,10677.34306271608,1.0735764549528095
129992,23939,23728.256978508714,20064.075001389207,1.1826240171483513
129993,23939,10553.889283508754,7957.670468283439,1.3262536222846821
129994,23939,13106.704023067477,11023.801979703923,1.1889458870177834
129995,23939,20551.380991697275,18133.082914608683,1.1333638680458644
129996,23939,9764.198483969303,8583.583467216884,1.1375433723294612
129998,23939,10644.599855592707,9897.909481811066,1.0754392000809665
129999,23939,18158.231036230645,16243.439285805638,1.1178809312937963
130000,23939,20835.823597516715,18074.677140872398,1.1527632518757702
130001,23939,21097.628100408616,16782.409407090432,1.2571274832262784
130002,23939,21636.103056673477,19230.036714302412,1.1251202157394502
130003,23939,23488.66930780833,20288.769162273304,1.15771780535042
130004,23939,25216.600509287855,19370.93790652765,1.3017748872547015
130005,23939,17735.244259589042,15353.229619349913,1.1551474640382529
130006,23939,20529.428612030406,17576.96171214598,1.167973677603463
130007,23939,20399.510487961685,18280.9666350567,1.1158879557737575
130008,23939,19159.023449738335,16083.539600601709,1.1912193413582648
130009,23939,24521.40117868237,20963.21532742714,1.1697347375237752
130010,23939,19477.736981166345,15706.790682336814,1.2400838194826251
130011,23939,24087.380499349536,20388.180974650462,1.181438428925977
130012,23939,19485.04425150821,16218.679004980537,1.2013952705719508
130013,23939,24697.923934701008,21322.842256643573,1.1582847932482292
130014,23939,18431.573299955548,16877.338419689117,1.092090046523761
130015,23939,18715.088862120603,16976.827823800224,1.1023902142591957
130016,23939,18212.025742185826,15007.631740122302,1.2135176327319324
130017,23939,24579.55250981968,20880.32611552314,1.1771632480177794
130018,23939,25847.8293920816,22843.93805445366,1.13149621271374
130019,23939,24582.538952952636,22673.30407312448,1.0842062927251632
130020,23939,22016.32904192596,19215.22937173556,1.1457749796268708
130021,23939,26226.227287181384,21760.44454222895,1.2052247938357143
130022,23939,24718.730659988825,21137.870381580447,1.1694049690799855
130023,23939,18661.745812727546,17735.033075352327,1.0522532285921213
130024,23939,18031.551615994333,17734.090047455695,1.016773432848409
130025,23939,24427.285142457768,20213.17669983779,1.2084832337439466
130026,23939,24827.723528245027,21415.154907536988,1.159352973884256
130027,23939,23280.47836376841,17742.452470424516,1.31213418227133
130028,23939,24788.179141800443,24043.802244340368,1.0309592006245722
130029,23939,27016.60638367297,22054.75473880182,1.2249787723162282
130030,23939,23832.78521588543,22521.705714769218,1.0582140410553555
130031,23939,21276.10388141193,18981.709934477036,1.1208739336369018
130033,23939,20970.463247313823,19674.392484417232,1.0658760245798249
130034,23939,24467.474138687874,21076.5787799651,1.1608845246718162
130035,23939,24194.270574310365,20030.959385561353,1.2078438235839066
130036,23939,20289.721502224103,18261.400299323508,1.1110715043564174
130037,23939,22511.09722177227,18784.935982621984,1.1983590065250886
130038,23939,24395.20529242615,21609.219665440545,1.1289257858506205
130039,23939,26782.125433092056,23760.968211064253,1.1271479005060496
130040,23939,35415.33190295442,29672.966420554592,1.1935217868349715
130041,23939,22851.678404770057,21906.664678336037,1.043138183758688
130042,23939,21787.231241097223,20396.861038554518,1.0681658908159741
130043,23939,18789.68344698127,18330.737835850512,1.025036941515424
130044,23939,22853.241445873573,18077.614093342236,1.2641735423642073
130045,23939,22401.263084104223,17990.772854901374,1.245152905034942
130046,23939,26191.083904026058,21962.0067199314,1.1925633316675293
130047,23939,26787.895606921113,26344.736839640766,1.0168215294758052
130048,23939,26249.49805076369,21944.214207763656,1.1961922082166363
130049,23939,26249.713639027155,22145.156157303103,1.1853478680650638
130050,23939,45617.27469382311,36457.036208225814,1.2512611950482817
130051,23939,24938.79003425262,21292.566042049533,1.1712439912128183
130052,23939,26094.481205897813,21983.03661470318,1.1870280554618522
130053,23939,25791.01182374212,21859.11411564921,1.1798745222377525
130054,23939,21566.651334639726,18341.21813642619,1.175857087256802
130055,23939,21335.620360419845,19717.13815512251,1.0820850466515017
130056,23939,26759.96969325508,25850.556045711703,1.0351796551662276
130057,23939,27747.563330581826,19663.933316301165,1.4110891694073957
130058,23939,24186.531408286915,20742.32662571109,1.1660471770947127
130059,23939,19762.36586339761,19460.215413783295,1.0155265727120526
130060,23939,24540.70792514067,23064.605808934004,1.063998584169815
130061,23939,27157.479890618077,23973.11136156979,1.1328308403953358
130062,23939,33704.222370567775,29175.3578899574,1.1552290977095188
130063,23939,35928.13550711422,30481.073041126714,1.1787031072901546
130065,23939,28656.082067615032,24088.61413509042,1.1896110713098715
130066,23939,30982.787477969632,25900.653469048077,1.1962164396738033
130067,23939,25082.191185183576,23893.96767079548,1.0497290165768665
130068,23939,23157.082747063552,19617.097926633396,1.1804540525652396
130069,23939,29119.775813533684,24243.94760314127,1.2011152758703643
130070,23939,27541.587935509328,23603.947740972595,1.166821255399648
130072,23939,28889.011352779955,25573.99982274067,1.129624288457668
130073,23939,27295.33395714129,24967.005370174225,1.0932562216591863
130074,23939,26017.50214610824,24299.939701495845,1.0706817574739358
130076,23939,25270.13710066209,20576.849079681055,1.2280858455445203
130077,23939,37743.120487843116,31752.66860324583,1.1886597929594154
130078,23939,25175.023031345965,20780.138280342904,1.2114944901574802
130079,23939,23710.310990592574,20727.579074814545,1.1439016059237839
130081,23939,24870.14116950753,21241.670977292702,1.1708184914498325
130082,23939,23604.968986041662,21446.8576709858,1.1006259913766037
130083,23939,22523.57038706298,21942.32572816708,1.0264896559324048
130084,23939,28456.75431353369,23117.133929295953,1.230981072332281
130086,23939,26204.103890614515,24020.612342793385,1.0909007446047152
130087,23939,30884.406572555683,25113.685103290063,1.2297839383400413
130088,23939,27087.589247131185,24603.36211014893,1.100971043138755
130089,23939,26179.559496715356,24676.64487168928,1.0609043341524245
130090,23939,27200.569490121543,25281.565093022855,1.07590528474158
130091,23939,34209.173570891435,27964.804882054817,1.2232938407821206
130092,23939,46423.53375947587,37917.360804621196,1.224334520503283
130093,23939,44834.39351123675,36715.67540049224,1.2211240300549029
130094,23939,49793.06041060586,40272.91124292897,1.2363908859295196
130095,23939,41488.09249449401,34381.50552702331,1.2066979574784773
130096,23939,28936.90652174913,24890.047075172348,1.1625894653535427
130097,23939,31222.24580830453,26109.12650457861,1.1958364751432518
130098,23939,30499.936609736502,25165.368399838495,1.2119805331334725
130099,23939,25665.72182467427,25191.165972302853,1.0188381852945267
130100,23939,31275.09539405335,25431.449621860018,1.2297802861843288
130101,23939,28996.29199585987,25637.467413003844,1.1310123394307021
130102,23939,23992.102098580504,23146.69567572509,1.0365238492223332
130103,23939,26260.47237145034,25215.948951467242,1.041423125577922
130104,23939,25526.967333412904,21503.9340568378,1.1870835943758795
130106,23939,21109.733095538624,20088.434889940567,1.0508401083107515
130107,23939,23934.296697062866,20491.10126106553,1.1680336938522498
130109,23939,21219.501356316858,20552.341739565738,1.0324614890704527
130110,23939,26094.824424729144,22176.00882047596,1.1767141975807112
130111,23939,31555.46709798932,25202.836717815528,1.252060133202514
130112,23939,30651.250028427785,25589.216834812658,1.197818996426984
130113,23939,32965.394402029066,26988.791946186455,1.2214475723018463
130114,23939,26314.168024597657,25860.025303225935,1.0175615729701188
130115,23939,26394.333336751144,25927.718335935668,1.0179967629534432
130116,23939,14327.0289632338,13659.297395046993,1.04888476682768
130117,23939,27413.864267658864,25481.4658869176,1.0758354479807763
130118,23939,45192.20993258515,36963.520767294714,1.2226164876742796
130119,23939,27112.324540762063,26128.571640870614,1.0376504660649972
130120,23939,30418.835704257926,25463.002978087417,1.1946287612044553
130121,23939,30307.78983507777,26432.739624769965,1.1466004003110035
130122,23939,24389.99363522121,23019.27890580326,1.0595463800159433
130123,23939,25966.782716454938,21697.589158330815,1.1967588899840957
130124,23939,29200.675633700674,26202.705688526225,1.114414518134561
130125,23939,29369.962780181853,27121.34299005874,1.0829096033683634
130127,23939,32592.657388044714,26918.307669929185,1.2107989026536918
130128,23939,28895.11399856977,26754.507577913366,1.080009187776027
130129,23939,29540.42767699407,27488.798912678994,1.074635082123169
130130,23939,33594.70240267108,27723.48119264789,1.2117779210058297
130131,23939,31056.441303091753,27103.97403326847,1.1458261163094339
130134,23939,26997.32519429912,22667.123890575167,1.1910344393328356
130135,23939,26021.22376162733,21906.796919187396,1.1878150812105375
130136,23939,25943.08932211331,23451.424338992772,1.1062479168473207
130137,23939,27381.319572823406,23106.60327109817,1.184999770479985
130138,23939,25645.684739630273,23735.179061525818,1.080492574888611
130139,23939,28337.67763814306,23910.538709342618,1.1851542946236764
130140,23939,28896.760211536865,28306.73421472523,1.0208440151497484
130141,23939,47533.058458050094,38962.74529923502,1.219961737628979
130142,23939,31344.32574962391,29446.10124095745,1.0644643748635274
130143,23939,34511.11437309256,30239.349293590338,1.141265112487314
130144,23939,51282.34392375082,42565.55517907627,1.2047850358817689
130145,23939,36304.87104714755,31206.993776369687,1.1633568842711801
130146,23939,37606.01625162199,31970.653748797067,1.176266727202504
130149,23939,43976.02375280318,36164.77700840041,1.215990457858716
130150,23939,25167.15270478906,23031.8272086317,1.0927119449453448
130151,23939,50839.571042113515,40037.626532948816,1.2697948266307764
130153,23939,34930.66691705221,30392.45445827341,1.1493203671657855
130154,23939,29261.750504835756,28455.341785194178,1.0283394494337499
130155,23939,33365.371416716174,29351.71646903075,1.1367434491240151
130156,23939,33981.50004233694,29557.99617529425,1.149655065952679
130159,23939,45677.24514126242,37779.00673944151,1.2090642153801017
130160,23939,33008.921121873194,30191.589299474606,1.0933151214549548
130163,23939,38025.88238841283,32289.312085599282,1.1776615831147421
130164,23939,30359.96059663082,26230.478118481285,1.157430697965052
130165,23939,27496.95501649045,25170.092596233855,1.0924455248370741
130166,23939,30623.63955896355,27087.930017979645,1.1305271218080184
130168,23939,33161.492183388604,31221.381466187126,1.062140450745353
130169,23939,44315.99407525188,36163.99850141606,1.2254174292567956
130170,23939,30753.516482873132,28515.237652853088,1.078494132059113
130171,23939,28634.825274631974,26395.17275315092,1.0848508377810748
130172,23939,32270.047573240427,26884.341305882594,1.200328741778746
130173,23939,30924.42015171967,26421.17563475494,1.1704407320558845
130177,23939,33494.67915137807,32324.69669151188,1.0361946925916063
130178,23939,40952.6938033516,34562.47461721173,1.1848889368285456
130179,23939,31182.340427265946,28691.253016757935,1.0868239323341167
130180,23939,41147.45365714859,32731.610331458178,1.2571166905773037
130182,23939,31979.91612673756,28666.040979221507,1.115602819026112
130183,23939,32139.40581904433,31280.15515857446,1.0274695140134027
130185,23939,36329.59740997752,30556.44842556982,1.1889339004325088
130186,23939,38025.88238841283,31960.077165685496,1.1897931970339544
130189,23939,47012.483056671554,36981.76440456484,1.271234182944191
130194,23939,34591.36602365204,33699.3255950638,1.026470572120853
130195,23939,38439.48996064971,34652.29273331446,1.1092913896486356
130196,20482,608.9618882459748,473.64085838830897,1.285703877655598
130197,598,997.8805453830894,626.0316325609643,1.5939778335177233
130198,23939,13264.897088505175,11995.759184897714,1.1057988814251345
130199,8498,12968.483862667377,12263.46269862577,1.0574895672916762
130200,8311,2563.046065168293,2111.792969968259,1.213682449755866
130201,23939,18580.878648118414,16831.77571716162,1.1039167203953064
130202,23939,12769.80314766398,10561.988949512617,1.209033943199992
130203,23939,42653.84692965188,34152.00471868263,1.2489412343726451
130204,8311,2771.0103301639715,2461.2562734653766,1.1258520130707357
130206,618,13173.8711033121,6229.2268178990635,2.1148485178703544
130207,23939,5002.49851920289,4466.307271857928,1.120052476175002
130208,23939,10639.401880895366,8548.082920211906,1.2446535650395418
130209,23939,10791.862171324154,9497.101203772288,1.136332228094777
130210,23939,10857.500935707087,8146.111353088682,1.3328446500538387
130211,8498,10733.906829856716,10391.132366772998,1.0329872097654904
130212,8498,16290.769695306266,9370.276943955752,1.7385579735521628
130213,23939,21009.598476960673,17700.40946259371,1.1869555063887236
130214,23939,49168.11253158086,40593.94851386613,1.2112177881583988
130215,598,1299.060191936101,1132.3671198565146,1.1472076230019013
130216,25380,733.9934610303369,624.4054258402763,1.1755078201676188
130217,5828,2317.0796830943054,2050.7020630141024,1.1298958170884579
130218,23218,1868.7900144942523,1627.4946507678505,1.1482618475044197
130219,25380,562.2654403724779,251.25896847470037,2.237792520544767
130220,598,3797.872833885668,2852.4883085201386,1.3314245048934108
130221,5828,954.0233347573443,712.306699969932,1.3393434805507456
130222,618,9569.00318265895,8893.511202888169,1.075953351197378
130223,8498,2672.649260049708,2190.366702491743,1.2201834775014266
130224,8498,723.002473669544,578.0232027093365,1.2508191198565284
130225,23939,16518.712261804463,13860.792441900705,1.1917581430531314
130226,23939,1222.6894818263663,841.8117349316421,1.4524500325784275
130227,8498,2052.3400285612256,1845.5216726146375,1.1120649835846028
130228,8498,2945.0680012885236,2631.7737016969622,1.1190430238700044
130229,25380,253.54622078912308,194.4486545197397,1.3039237603126947
130230,8498,2212.612171916918,1922.7993190040988,1.1507244412084179
130231,598,1657.233286110687,1398.7495285348111,1.1847963143527471
130232,618,10653.827855933554,10172.229116354738,1.0473444644305652
130233,8311,1788.817223851117,911.054414615583,1.9634581591988702
130234,23939,16419.39699848133,14752.558517014837,1.11298640026027
130235,618,14987.029035786945,12981.296829585277,1.1545093862756812
130236,23939,27483.557630985164,22462.53152622101,1.2235289508176315
130237,23939,22511.160011280437,21783.368557700633,1.0334104182120412
130238,23939,23552.549051476977,22994.863619680986,1.0242526088008053
130240,23939,31711.408872766915,26948.63628165513,1.1767351988179813
130242,23939,31156.446047643043,30441.11246197174,1.0234989304863586
130244,598,10174.0224596551,9445.145330218564,1.077169498610528
130245,23939,11040.59097634696,8081.68604627344,1.3661247062966404
130246,23939,1254.4906859673758,995.122047710313,1.2606400278778336
130247,23939,6174.325478444673,4828.84543825584,1.2786339006689795
130248,23939,7285.063284414769,6368.733935635534,1.1438793578189879
130249,23939,10513.834831444245,7791.92800957686,1.3493239181011374
130250,23939,12175.276037023801,9795.970655117433,1.242886127947251
130251,23939,18216.45748105634,17512.890231823065,1.0401742510756338
130252,23939,19631.10127606252,18495.1092609769,1.0614212113622095
130253,618,11802.227998989418,10570.055205857421,1.116572030054222
130254,618,2557.5750556567014,1956.7568410678216,1.3070479693639436
130255,618,2496.7343315072076,1875.4351301134284,1.3312826935028153
130256,25380,745.0647548597409,446.8900338532662,1.6672216841254928
130257,5828,1764.8686144204592,1512.772148024719,1.1666453647529877
130258,21545,5263.122309718811,4795.0952492924025,1.0976053730101554
130259,23939,16234.7757042633,14590.12731719478,1.1127233746021028
130260,23939,15462.873144589079,13913.660695476308,1.111344705251901
130261,23939,16140.39322377975,13702.024593961822,1.1779568131042812
130262,23939,17057.07280998524,15110.289739471187,1.1288382356711966
130263,23939,17573.074796195073,15594.595824521677,1.126869525439213
130264,23939,44897.2226585658,37107.569306586,1.2099208732218754
130265,23939,16564.64204037457,13999.019271933428,1.1832716077179026
130266,8498,10168.160040103437,8305.96306497389,1.2242000067376173
130267,23939,1617.2981382921791,982.8846957829563,1.6454606987280997
130268,23939,5100.265021584142,4195.602079604619,1.2156217212249967
130269,23939,1797.4644660724755,1416.059957241137,1.2693420620228655
130270,23939,8576.44535156682,6059.928558090781,1.4152716932803056
130271,23939,7768.5379974294965,6824.342127988521,1.1383570535786252
130272,23939,27293.7904648457,22938.570696344977,1.1898644787486554
130273,23939,29732.852508555447,23693.627562526115,1.2548881521030144
130274,23939,27714.991549121012,23176.975786431125,1.195798442579668
130275,23939,27591.35756412332,22555.103697015777,1.2232866642849387
130276,23939,28231.10425752379,22327.536088526947,1.264407507643909
130277,21545,2748.6069180880654,2673.693443986822,1.0280187222920882
130278,23939,24211.731991905406,22070.807863898557,1.0970025266500907
130279,23939,24386.143641767387,20669.03624763277,1.1798394153264085
130280,23939,6419.1435467988085,6148.412732672271,1.04403263507147
130281,23939,10592.479074411965,8609.071983449687,1.2303857018242192
130282,23939,26503.72077799106,21606.781096501603,1.2266390194642334
130284,23939,27483.557630985164,22484.678195676144,1.2223238149910598
130285,598,10007.221973915519,8941.072791885017,1.1192417517278404
130286,23939,16623.402813043474,13434.207951299244,1.2373935905492515
130287,23939,31985.490839155456,27634.476600867078,1.1574487659430415
130288,23939,35582.376518298945,30726.641034955064,1.1580301432174096
130289,8498,38609.995175520606,31175.363417961293,1.238477789589325
130290,618,4553.084063933308,3776.2448150302994,1.2057173957077716
130291,21545,26598.6512597555,24582.44444387298,1.082018158140699
130292,21545,26980.192079094788,24228.09959507381,1.1135909349068611
130293,21545,20065.980967111893,18295.451134412655,1.0967743194574184
130294,21545,18889.19772258958,17187.17405769544,1.0990287093841393
130295,23939,51206.803243246555,42584.08097211017,1.2024869874914927
130296,23939,50923.3523225591,42326.15863722324,1.2031177400014552
130297,23939,39814.45416973212,32786.784471232626,1.214344584619624
130298,23939,42916.38170779575,35824.84386043262,1.1979502792807843
130299,8311,5280.802555492158,4673.477814443685,1.1299513478316932
130300,618,6163.375468015244,5307.7332270897305,1.1612067156198558
130301,8498,7180.906093803894,6978.706708420862,1.028973761734255
130302,598,435.6440513176102,365.1801363910721,1.1929565929376789
130304,21545,568.8556096365116,489.80353358311754,1.1613954792753232
130305,23939,15385.391003082814,13434.241015265072,1.145237083777244
130306,21545,1707.2885652668006,1487.7517643648766,1.1475627898150365
130307,23218,3955.2429425532882,3771.1554971145715,1.0488145995516673
130308,598,1204.9773123781356,889.7272298355623,1.3543221697292969
130309,23939,1027.0730009939834,766.3284687010698,1.3402516583194106
130310,5358,789.9651151822247,464.7905051516905,1.6996154319555412
130311,23939,415.95766464609983,335.38599490555396,1.2402356418109681
130312,598,490.3458337673516,291.50205218029987,1.6821351002498701
130313,23939,1106.1922886760547,964.9187097989968,1.1464098244156615
130314,25380,736.9098614524795,515.7816605743184,1.4287244347384063
130315,598,904.2837905080477,572.4805510371348,1.5795886670207422
130316,598,1235.3248012251092,682.266215305053,1.8106199215401193
130317,23939,26511.108546207368,24088.211414619895,1.1005843518177088
130318,21545,23589.56098912988,21638.688232706398,1.0901567015266103
130319,8514,1586.7413046425927,1338.1070883968355,1.1858104021731488
130320,598,2645.574716743574,2093.5634443622016,1.2636706682416978
130321,23939,448.8801762458763,260.3590727477688,1.7240811756951655
130322,5828,1256.4427169479436,886.940480765064,1.4166031928818397
130323,618,13629.305823180504,13167.89594467655,1.0350405167570065
130324,23939,15660.11866610266,14070.51845405988,1.1129738194959065
130325,598,950.9963110234685,623.6089077758204,1.5249883367049974
130326,23939,648.756821157428,456.551744783823,1.420992973019113
130327,598,1529.4819946507776,1199.762577523215,1.2748205547536198
130328,23218,2826.3473923421343,2262.0156245079625,1.2494818168892738
130329,5358,455.71137498907564,326.4930926389955,1.3957764659142642
130330,23218,1998.3949951868117,1634.8699180639212,1.2223571876308004
130331,23218,1627.8793023950827,1381.7402269973309,1.1781370120001777
130332,8311,2918.733471830987,1651.5153619658179,1.7673062806735171
130333,23939,3052.831706263959,2685.956822344504,1.1365900154713653
130334,23939,542.9100983450703,365.86703382166723,1.4839000187420501
130335,21545,1193.5483682018178,978.5529505118462,1.219707495212717
130336,25380,1671.4676733985332,1318.259316200194,1.26793541517798
130337,598,2065.831329715832,1700.1948445713742,1.2150556368947443
130338,23939,17261.30092404114,15225.605762292054,1.133702080135998
130339,5828,1505.7091204478243,1228.5028704707468,1.2256455858917574
130340,23939,16553.224581406485,14710.502335681967,1.1252657593653201
130341,23218,1754.7268852896925,1245.9906276678214,1.4082986230595462
130342,34890,106.62855049147575,101.15251747662974,1.0541363986923131
130343,23939,25894.04038431362,23450.87219257658,1.1041824019027502
130344,23939,25367.734931480605,21248.746026528162,1.193846210962758
130345,23939,23390.557967620767,20562.837256043003,1.1375160770066763
130346,23939,16953.10369103172,14944.42144278557,1.1344101714433277
130347,23939,883.0006539757302,796.1191910946749,1.1091312253904997
130348,8514,1480.9175554944793,1037.8147852475452,1.4269574653836166
130349,8514,1376.957739646266,1142.477603954075,1.205238277652589
130350,21545,2989.975743254884,2779.561426227992,1.0757005457916557
130351,23218,1106.5233209720036,928.8841851956751,1.1912392724599006
130352,598,1570.5243668626906,1258.6230475030402,1.2478115429225818
130353,8498,2802.523946901741,2522.6206775976852,1.1109573356746645
130354,21545,15798.660499917041,14354.069422998638,1.1006398279364473
130355,21545,1592.6728584418156,1421.0319013948213,1.120786139198226
130356,598,587.3333974526084,315.92470659997144,1.859092958488678
130357,8514,912.8463527910101,814.1939002774366,1.121165796599505
130358,25380,669.9061713826227,524.7726504893847,1.276564567070886
130359,23939,16245.620828583793,14492.191606362281,1.1209913082747078
130360,34890,406.75117579972084,222.9293030162238,1.8245747431871677
130361,23939,16244.20529083294,14601.989910888355,1.1124651770044045
130362,21545,2253.744338421278,2145.891550740408,1.0502601297086318
130363,23939,17529.122963742546,15492.848585816408,1.1314331813576448
130364,25380,300.4193081994824,84.91398337331695,3.537925042083057
130365,8514,192.4136117046963,190.38941916368265,1.0106318541750128
130366,21545,2097.189619101148,2035.653608942818,1.030229116529451
130367,23939,17135.24699411275,15152.597519478913,1.130845518208024
130368,23218,2993.0574668154436,2823.9619365258404,1.0598788277216058
130369,598,748.6157207551523,270.7276904847199,2.765198193855995
130370,5828,1356.2534168629825,1069.6612037595626,1.2679280244026125
130371,598,1569.9927194089662,1252.7575923784234,1.2532294587241382
130372,20482,550.6477006532939,419.0514518359426,1.3140336305740108
130373,5828,2428.901481376567,2157.3977102042168,1.1258478072393292
130374,8514,1597.8142911527323,1381.1615791296827,1.1568626837705476
130375,598,432.5898602019064,141.9235567135315,3.048048331222957
130376,618,10227.847262301448,9691.541798381846,1.0553374762320218
130377,21545,5131.019070922386,4750.909053567028,1.0800078496703631
130378,23939,15517.677015899391,13130.844073976223,1.1817730016803405
130379,23939,15856.917462055455,12972.317827862249,1.222365784778846
130380,23939,25604.05178055964,23870.288458954343,1.0726326925033416
130381,21545,23653.58841849639,18169.43006637869,1.3018343631078317
130382,23939,40658.939699965915,33639.54749803561,1.2086648817835675
130383,8498,10797.034101953699,9515.529590276994,1.1346750592826857
130384,23939,42653.84692965188,34132.816299189486,1.2496433507206592
130385,23939,26399.29213100196,21786.702748509837,1.2117158082953885
130386,23939,28450.320432817778,22488.385902615602,1.265111713931801
130387,23939,26936.911105399326,22390.901375261114,1.2030293311532751
130388,23939,26329.196641565595,21360.84286359444,1.2325916542571822
130390,23939,20479.86429653638,17484.89178525633,1.1712891648437584
130391,23939,30136.48448332107,25218.1245799985,1.1950327387637507
130392,23939,29450.762964561363,25503.818731042127,1.154758951008195
130393,23939,28110.297172334485,23126.984309975014,1.215476120689462
130394,23939,28455.68415682469,24012.58940708707,1.1850318878324002
130395,23939,27766.438354180013,23325.00167975486,1.1904152777952481
130396,23939,28164.311300845355,23516.170905236828,1.197657195737314
130397,23939,28465.026552387844,24096.346896107112,1.1813004965074816
130398,23939,28575.74679188838,23871.48374651057,1.1970662190642196
130399,23939,26015.873931889957,22010.240438294168,1.1819895382254275
130400,23939,25193.378829778703,21449.68677985184,1.174533646497971
130401,23939,24781.245452822794,20985.936101855157,1.1808501337537252
130402,23939,26015.873931889957,21995.20560080353,1.1827974879643564
130403,23939,25422.93021815544,21559.784335967306,1.1791829557285232
130404,23939,20868.08339139104,18272.83571037292,1.142027637207118
130405,23939,26671.88428300234,22820.904365480797,1.1687479100673408
130406,23939,31175.846655416048,25632.305952259045,1.2162716344554414
130407,23939,31316.6982052354,25412.779981197407,1.232320833391948
130408,23939,31111.810191529294,24829.462679070457,1.2530198737548368
130409,23939,27010.50077570687,23090.047942729474,1.1697897225116787
130410,23939,30704.831309645582,24630.09272787655,1.2466388839410902
130411,23939,26160.78847807837,24223.700264159408,1.0799666521957842
130412,23939,25257.781209356057,22523.090324209217,1.1214172143246002
130413,23939,26586.203150038782,24522.384834548633,1.0841605875372495
130414,23939,25735.6819397149,25261.651166704236,1.018764837257964
130415,23939,5815.445001378803,5080.730027208063,1.1446081508437236
130416,8311,4697.626171722399,4172.708127874167,1.1257979297285903
130417,8498,12381.006984537817,11761.898996029562,1.052636737376953
130418,618,7318.806398084973,6158.718490633872,1.1883651459658944
130419,618,9528.628868247908,7387.721139728702,1.2897927098257835
130420,618,7999.006592488635,7081.872470083084,1.1295044673961476
130421,618,5735.564201648467,5405.432606682143,1.0610740377297867
130422,618,7311.706853636638,6637.400995490413,1.101591851781196
130423,618,6461.306925416286,6183.411513093601,1.0449420860530196
130424,8498,10453.4361158991,6720.4367501320185,1.5554697565889224
130425,8498,9635.000165025673,6423.479034550375,1.4999660017883276
130426,8498,9615.636967567436,6373.240430577756,1.5087516424820875
130427,618,2879.5236793576883,2221.4026138818967,1.2962637485717756
130428,8498,10090.799231525618,9004.250015817235,1.1206707070327573
130429,8498,12212.633984450846,10291.012639704968,1.1867281104419058
130430,618,12033.32540421549,10667.984629421326,1.1279848839516209
130431,618,11869.190667059689,10147.906783010516,1.1696195994755216
130432,8498,9607.086020932125,8071.917667526068,1.1901863245684672
130433,8311,4408.979106447853,3761.808029224838,1.1720372417186775
130434,8311,3781.2084014888087,3657.742336026475,1.033754719201041
130435,8311,2382.855020032093,2169.304898496429,1.09844172743245
130436,598,4003.898944035797,3522.4366140634133,1.1366844553142939
130437,8311,5720.999578933938,4401.575096422257,1.299761892869703
130438,21545,26173.846815961744,24403.568982053916,1.0725417595766287
130439,8498,8395.058767121185,6036.17420333027,1.3907913331078938
130440,8498,15743.177695620243,13667.29383244788,1.1518869710874258
130441,8498,7617.263589800316,6936.633825807662,1.098121045608661
130442,8498,6876.143319240351,6052.794055188412,1.1360279660178045
130443,21545,31806.220601414243,26915.986836329317,1.1816851001905095
130444,21545,14735.81702634023,10106.772127959293,1.4580141750277702
130445,21545,11744.205199259632,12047.088028080541,0.9748584198841312
130446,21545,21398.14420716534,18336.965563632315,1.1669403060670114
130448,23939,51755.83188710015,43417.83308502509,1.1920408783585943
130449,23939,47728.897792813455,39289.22461903712,1.2148088504064545
130450,23939,43240.907281802385,35856.50675472051,1.2059431103424407
130451,23939,40627.917201894896,33007.70718214928,1.2308615372068819
130452,23939,38901.897038789124,33799.43240680694,1.1509630271470057
130453,23218,4519.1534591882555,4402.939734458493,1.026394575383407
130454,598,5707.180443218164,4507.5891220847525,1.2661270334636452
130455,23939,9426.388913862545,8299.80370793855,1.1357363674572742
130456,23939,8510.783982436602,7807.24280121433,1.090113910779468
130457,23939,10468.771919975303,9037.70149287404,1.1583445114036595
130458,23939,9580.095676300185,7257.453949924442,1.3200353377922467
130459,598,3652.1877120476,2147.2361713813516,1.7008784411907931
130460,23939,28246.00599992399,23997.601933604896,1.17703452528604
130461,618,2318.1255980552933,1956.3404622344503,1.1849295369618982
130462,23939,11877.449286113582,7829.163459154732,1.5170776990516328
130463,598,4592.6977081093655,3925.759776752717,1.16988760629371
130464,21545,20875.71648859841,18935.193382525038,1.1024823494997547
130465,21545,24882.877086015305,23107.395777834434,1.0768360625858144
130466,8498,9723.268413880784,7183.752672045921,1.353508236957664
130467,21545,10136.65954465482,8344.604898369887,1.214756081097981
130468,21545,26087.699520514674,24044.081587849403,1.0849946347586013
130469,23939,30838.580310215737,26629.574335368325,1.1580575762060599
130471,23939,41770.21942583684,34596.478966370116,1.2073546405239688
130472,23939,41754.97147184593,34959.44985521883,1.1943829678318765
130473,23939,43089.09950849872,35796.86397056415,1.203711574956147
130474,23939,45969.923964499256,37733.2414769831,1.2182871697503235
130475,23939,45904.80728368024,37635.037628479324,1.2197359210009926
130476,23939,48195.807558018074,39673.72803677626,1.2148041019321936
130478,23939,48316.632928358405,38916.372295165864,1.2415502802238385
130479,23939,28230.236813547686,22634.482350795788,1.2472225507978167
130480,23939,8220.784310227295,6904.20756638312,1.1906919412815227
130481,618,2107.4940093882856,1697.0181995500056,1.2418806173953378
130482,20482,944.8266322351552,609.9269520041381,1.5490816222017763
130483,618,2668.242279673236,2072.1992776160955,1.287637877541798
130484,618,11201.211691553828,10739.717426902007,1.0429708014007724
130485,21545,16763.97717768115,15326.884399314536,1.093762877107032
130486,23939,17322.62166671904,15298.656570027493,1.1322969168846377
130487,23939,27352.175641356363,26604.132764309117,1.0281175441302408
130489,23939,27040.863548269524,22427.861683656083,1.2056817511040336
130490,23939,27173.0161274319,23823.726504894385,1.140586302560577
130491,23939,27049.938525021833,23718.698354811688,1.1404478492191101
130492,23939,7173.254413358737,6311.122585679557,1.1366051468617369
130493,23939,12144.011008494692,10035.504901440234,1.2101046362651726
130494,23939,25536.560675664634,20608.148904861144,1.239148687907673
130496,8311,13789.544087753286,11227.086343484249,1.2282388917188818
130497,598,2293.657792199324,769.0928661953187,2.982289776715764
130498,23939,24615.630862789727,21599.58606235124,1.139634379646541
130499,23939,15282.655120220697,13483.642759714012,1.1334218350757346
130500,23939,13009.419013520084,10118.642395985838,1.2856881886329974
130501,23939,20358.2116761378,17475.044901340818,1.164987660465225
130502,23939,24684.01745385948,21298.360096633463,1.1589632883407381
130503,23939,17170.82509098821,16737.372574628822,1.025897285516392
130504,23939,23385.554287326417,21046.917936206755,1.1111153831743
130505,23939,23583.122570872994,19193.921289251928,1.2286766323293667
130506,23939,25967.587543505542,22605.25959644162,1.1487409570643992
130507,618,14230.5296464824,13587.327159517426,1.0473384116989068
130508,8498,11974.663116282896,9748.557280735942,1.2283523368063853
130509,8311,14689.328096902154,10044.5346417758,1.4624199747202216
130510,21545,26968.242861988783,23654.77573269616,1.1400760322877497
130511,23939,28022.05185778865,22781.73679657153,1.2300226320763106
130512,23939,25647.998016307836,21669.999320780455,1.1835717037477098
130513,23939,23390.557967620767,20578.95281879103,1.136625277952064
130514,618,3080.0122711111317,2141.9319168135935,1.4379599309081013
130515,23939,30753.516482873132,28675.08935551181,1.072481975612809
130516,618,14782.580035562187,13122.200538742143,1.126532092838996
130517,8498,38077.17276889527,31398.567235589722,1.2127041493070252
130518,8498,23958.367437385106,20601.90142891852,1.1629202052076208
130519,618,11169.809017198797,10463.117968601427,1.067541152715478
130520,8311,3818.5516181407247,3153.9842750009766,1.2107072468329103
130521,23939,45237.97912125795,37138.430244567506,1.2180907707555901
130523,23939,9619.242771669482,6906.040483622722,1.3928737884582292
130524,8498,39058.85246115684,30799.138744833148,1.2681800223296615
130525,5828,2027.201302519829,1718.6816052318993,1.1795095126105697
130526,24636,239.45716625739163,170.0634297297946,1.40804620157228
130527,8498,2330.097673161634,1991.4222230636337,1.1700671239758371
130528,8311,2534.6357404757414,905.4833844129848,2.7992073450568267
130529,598,3103.276167104127,2176.660356438305,1.4257052819127256
130530,23218,2452.9966327103252,1938.7865616431457,1.2652226300925977
130531,8498,2341.9689285742998,2103.9941860341214,1.1131061787716932
130532,598,5743.203040941675,3529.3803632863855,1.6272553394029445
130533,21545,6751.850119378138,6073.527619929818,1.1116850933915994
130534,21545,6751.850119378138,6148.911645595239,1.0980561290411146
130535,23939,43521.13060324846,36470.47040602884,1.1933251783901884
130537,23939,21954.243668841373,17181.834064852243,1.2777590323580028
130538,23939,24822.989268038997,21634.979629272006,1.147354409081746
130539,23939,19034.049880460854,18084.29929102554,1.0525179645697764
130540,23939,26666.22986315303,18781.08209296913,1.4198452320878665
130542,598,3033.199725353324,2717.7567494540135,1.1160674059452458
130543,23939,32322.91997772116,27997.175631996022,1.1545064546004258
130544,23939,32176.566694643032,27524.840760738643,1.1690010116439837
130545,618,14762.933998670198,13325.039873476078,1.1079091799234533
130546,8498,14291.794292213464,13349.065119175822,1.0706213629659667
130547,618,6447.6739274903275,3379.872636307372,1.9076677204424586
130548,618,4376.340115198708,2903.772054622322,1.5071224713497409
130549,8498,8941.861468578383,8232.401841171462,1.086178935515369
130550,8498,10713.673713335158,8898.064062826752,1.204045468507407
130551,618,12329.958756559081,10954.139471332091,1.1255981164771203
130552,8498,8672.283080661538,8299.620242808562,1.0449011914943795
130553,8498,8528.70385798935,6309.6462649036985,1.3516928683353884
130554,8498,10364.042732482461,9230.44875224379,1.122810278315354
130555,8498,12011.870865418983,10380.49720012057,1.157157565177077
130556,8311,2982.868367779779,2020.5314119690463,1.4762791363252883
130557,8311,3630.8817921418063,2625.088029831949,1.383146679608396
130558,8311,3675.9926644031807,3576.309905933948,1.0278730761849904
130559,8311,8591.203398143747,6760.583200508134,1.270778443714445
130560,8311,2496.4197222919997,2254.532330772029,1.1072893869023117
130561,8498,11668.137906575901,11205.572153143881,1.0412799763466107
130562,8498,12873.934468469704,11284.747116985496,1.1408261377069058
130563,8498,15524.393122528016,9352.017758773754,1.660004666689554
130564,8311,12194.575365093762,9776.533358869223,1.2473312285106564
130565,21545,15867.413952448373,15483.213996693517,1.0248139666503933
130566,21545,15803.542793508883,14304.187552252577,1.1048193220187603
130567,21545,18554.27084059426,15813.458422224096,1.173321505339923
130568,21545,17043.464450535917,15645.152133792457,1.0893767158532899
130569,23939,21981.637540350763,17478.495055929074,1.257639028418189
130570,23939,21999.477412879743,19441.472052742654,1.1315746746541357
130571,23939,24602.654048488395,20757.703507244223,1.1852300539846483
130572,23939,16189.050743159562,13994.464663720615,1.1568181514744336
130573,23939,16910.593818806352,13698.680942694938,1.2344687703544348
130574,23939,16525.040214433106,13145.502308595405,1.2570870117019366
130575,23939,6076.053156121074,5773.021505560537,1.0524909963125304
130576,23939,5445.387191353217,4502.618292793107,1.2093823720454178
130577,23939,13833.394143157815,11694.193787017124,1.1829284168794627
130578,23939,10592.479074411965,8547.913810965652,1.239188801930063
130579,23939,10853.59806330958,8531.842570511166,1.272128262284534
130580,23939,8229.690970524933,6597.811437269533,1.2473364916186123
130581,23939,6320.820767738216,4922.59259422114,1.2840430417009365
130582,23939,7596.591045826076,4762.612765309946,1.5950469668998375
130583,23939,30006.593941121384,25683.893219096444,1.1683039516303133
130584,23939,19518.278603341816,18167.14014288084,1.0743726557859161
130586,23939,15837.404347358575,14427.717561340472,1.097706846562855
130587,23939,15301.620333112718,12845.781288901591,1.1911786437102823
130588,23939,26584.26979203461,19110.058644726887,1.3911139827595511
130589,23939,17873.729605929562,14198.779773377993,1.2588215248920134
130590,23939,14062.42360653716,12817.279836934667,1.0971457115272187
130591,23939,15702.452031279914,13218.86162281149,1.187882321438523
130592,23939,19453.65431122325,19080.041010955767,1.0195813677786623
130593,23939,26996.577598853986,22150.088666935546,1.218802236180346
130594,23939,14573.301585804122,13827.214690915756,1.0539578585829388
130595,23939,14870.160662865926,13919.030642397878,1.0683330646295779
130596,23939,34057.95312878325,32350.562078046532,1.052777786259713
130597,23939,34071.190099053565,31949.40574200164,1.0664107612575267
130598,23939,29908.301285011392,29348.30804565055,1.0190809377661496
130599,23939,32999.42127934509,28520.613043173136,1.1570375864429054
130600,23939,33537.175366027426,29044.995798733267,1.154662772149207
130601,23939,36538.23576596128,31796.219445482475,1.1491377403722298
130602,23939,31156.446047643043,30478.800855820347,1.0222333285035816
130603,23939,30835.91762697593,30153.52525494859,1.0226306001125143
130605,23939,31275.53679677816,30278.165967609715,1.032940265610387
130607,598,9942.570167955491,8484.84069837169,1.1718039880069346
130608,598,10174.0224596551,9450.77627706535,1.076527701152432
130609,23939,24099.752697785734,21022.26691926323,1.146391718378503
130610,21545,15105.926819312434,13791.386121343183,1.0953160680444516
130611,23939,18637.929176760925,17537.787569385837,1.06272978293428
130615,8498,44796.73033606587,38564.65284723189,1.1616007672497772
130616,8498,48030.18585208002,40523.916129942896,1.1852306104392212
130617,8498,68372.18931672483,58983.070140865784,1.1591832902803392
130621,8498,64878.67977963918,55561.9783164187,1.167681240760777
130623,21545,64762.85971605338,53665.68321590563,1.2067834756803903
130627,8498,39857.48665796991,32881.44992501279,1.2121572117064847
130629,21545,64725.137151479095,53617.995253190464,1.2071532485658856
130635,21545,59074.52944406759,49963.125650105954,1.1823625659004846
130637,21545,65956.24874937965,54630.337820176974,1.2073190718037186
130641,21545,62327.48969775235,51303.61044558002,1.2148753110439632
130645,21545,60298.554880985845,52479.435333356814,1.1489939725525031
130647,8498,75638.48230765907,60681.977475172396,1.2464735899321346
130648,8498,47695.95388428411,35586.99333988678,1.3402636583750194
130651,8498,45982.743486823405,34590.20316617201,1.3293574271859985
130657,8498,44079.95622820808,37463.47387961998,1.176611554226087
130658,8498,42404.81159584429,35121.06003202359,1.2073898554650495
130663,8498,49135.967874132075,41863.780279698345,1.173710724302658
130666,8498,40005.16513958473,32683.01387662603,1.2240353747851662
130668,8498,43246.61510780613,32749.506872581078,1.3205272151445298
130672,8498,45071.55825972596,33879.34741911167,1.3303549711911116
130674,8498,47497.82575462073,36280.29755775018,1.3091906338148065
130676,8498,43932.52219078351,33794.171077785526,1.300002952866105
130678,8498,44215.00575068229,30984.542334564918,1.4270020603582736
130680,8498,43127.04989628421,35172.45380888703,1.2261598275349015
130682,21545,44146.29132374442,39562.027318213295,1.115875356150433
130683,21545,58877.127377331846,52554.5724455843,1.1203045641422353
130684,21545,58250.619912879134,50645.49896209377,1.1501638073795561
130685,21545,44146.29132374442,39718.86717168098,1.1114690439917718
130686,8498,42832.75619916904,32493.960951680998,1.3181758992959332
130687,8498,41975.37450077476,30519.08680708476,1.3753810776222344
130688,21545,46816.1514422594,41095.74725307755,1.1391969868306377
130691,8498,51373.74025944418,45246.65972379548,1.1354150908166694
130692,21545,37743.1324079395,31148.74473446922,1.2117063698612844
130693,8498,47941.31617423388,41109.01633714796,1.1661995456435172
130695,21545,50193.521110539936,42840.031910413796,1.1716499468418606
130697,21545,51980.35193051757,45123.86268686993,1.1519481896137127
130701,8498,42554.14415687194,36991.21791133933,1.150385052443146
130702,8498,40698.78060029293,34399.122977644256,1.1831342510314224
130703,8498,40751.503160293694,34486.89925578607,1.1816517007819012
130704,8498,40535.740423550546,29568.942903432613,1.3708890627552606
130706,8498,41975.37450077476,30123.09832646004,1.3934613911844425
130711,8498,48545.888469447425,41318.74993147451,1.1749118390551223
130712,8498,42711.903282297324,37065.75683414419,1.1523278338391307
130714,21545,37725.83122367141,32528.852289021117,1.1597652105421603
130715,8498,45671.12276182927,39260.0199822627,1.1632985103538676
130716,21545,39482.57113766479,34069.621697240036,1.1588790591374032
130717,8498,40551.64044445205,35045.81411611129,1.157103678918665
130718,21545,36906.85885095173,31432.451483990084,1.174164187281097
130720,8498,40970.50817054253,35546.78914906827,1.152579716798878
130721,8498,43834.598616640804,37661.17336121354,1.1639201518289695
130725,8498,45163.765044181026,39361.94232843786,1.1473967587100375
130729,8498,39219.558731096055,32780.01616306773,1.1964472053947175
130730,8498,51573.76993943404,44301.41382916139,1.1641562984494553
130737,21545,38449.67075880924,32926.62976555024,1.1677378168547794
130738,21545,38285.08337662379,33103.145571231886,1.1565391359634185
130740,8498,69192.56855853558,59548.37576579105,1.1619555977593072
130751,8498,58892.30028889027,49304.039521062565,1.1944721134610405
130753,8498,71585.936185926,60238.57773758567,1.1883736116375831
130755,21545,33045.83939028407,28500.165266493288,1.1594964127851912
130760,8498,70801.73034160897,59705.890884076136,1.1858416195325905
130762,8498,71206.63055360087,58436.93644943592,1.2185209369285515
130765,8498,71314.36146537177,58445.465347033714,1.2201863915690627
130767,8498,64405.01432689777,54278.093358274964,1.1865747365475376
130768,21545,31908.0705531906,27413.593115048734,1.1639506875030772
130769,8498,72254.44100143715,59559.98506484535,1.213137325719119
130772,8498,66352.00920449766,54474.0538366062,1.2180479426686168
130774,21545,47100.96602081351,41261.5549857258,1.1415218364191029
130776,21545,33540.44395061177,30451.819573152774,1.101426595216728
130777,8498,74416.36200549171,59975.21864642172,1.2407851723593772
130778,21545,28762.24861917509,26544.44162532149,1.0835507118649643
130779,21545,29707.149241767318,28057.62333812796,1.0587906496484252
130784,8498,84023.82590932326,67335.05480464571,1.247846699658825
130785,8498,87569.70263786672,70250.9632926887,1.2465267169792738
130786,8498,87409.01476375556,70096.67306078716,1.2469780796580077
130788,8498,85326.87030050391,68239.14993227187,1.250409338117368
130789,8498,84131.68580951115,67258.16036706681,1.2508769991679183
130792,8498,82844.20108010659,66175.09377503635,1.2518939733087078
130793,8498,76248.50614466406,60339.539024533784,1.2636574189547878
130794,8498,89138.10018484648,69556.76304056867,1.281515934444176
130795,21545,32719.572476037585,29142.459532283436,1.122745746281006
130797,8498,80147.06588637774,63515.86823559038,1.2618431915171122
130799,8498,82819.3346289142,66208.70990357516,1.2508827728184158
130800,8498,73571.04442007007,59681.80711935554,1.2327214602087693
130804,21545,28693.319539100714,25536.921801160348,1.1236013393672586
130809,8498,78353.12397951943,62694.036244595074,1.2497699729178682
130810,8498,90176.03183757274,75403.31627142834,1.1959159927789813
130811,21545,27714.952555028034,26119.426842229765,1.0610857857806677
130814,21545,26645.919999029626,24723.25803654422,1.0777673379310875
130815,21545,27200.70755277965,25371.34254638393,1.0721035949536872
130816,21545,35428.71488813585,31755.8291015613,1.1156602076056006
130818,8498,79477.2515565314,62928.637124605244,1.2629743021314472
130819,21545,41041.37970088728,36396.26298314561,1.1276261994230763
130823,21545,26777.80766194947,24837.76660494239,1.0781085146609373
130824,21545,29663.15568846558,27538.78598781494,1.0771410076533732
130825,21545,27658.399559527214,25602.25195570288,1.0803112010373888
130826,21545,37596.06391130335,33813.26697896043,1.111873157204735
130829,21545,39936.016192887335,35577.05236725387,1.1225217811930248
130831,21545,29274.941442838262,27235.901356427705,1.0748658933562094
130835,8498,90176.03183757274,77000.84219071855,1.1711044875875694
130838,21545,33160.30225152158,30890.371875808847,1.0734834266430564
130840,21545,28952.043019217068,27085.326863626993,1.0689198312056147
130841,21545,34951.48275176666,32364.814954374462,1.0799222180333394
130842,21545,48043.26117039628,41809.20811343849,1.1491071784962608
130843,21545,48832.680154092704,42891.84479436607,1.1385073406893185
130847,21545,33160.30225152158,30679.63369559572,1.0808571764754147
130848,21545,28952.043019217068,27194.73305975977,1.0646194965619133
130853,8498,86800.3795316609,67175.98606054143,1.2921340589393546
130854,8498,74890.29583609702,55673.723269928814,1.345164135565327
130855,21545,30977.785155004287,29051.364518439965,1.0663108486811885
130857,21545,37686.70858675133,34789.19033375962,1.0832878898644542
130859,21545,37352.129273886036,34722.20951040711,1.0757417169172565
130860,21545,32417.208056750304,30485.02855354259,1.0633812594209684
130862,21545,62219.86421231584,54251.56796070526,1.1468767917893556
130863,21545,61819.76042177261,51935.30274049669,1.1903225197447147
130864,21545,55416.096193851816,47398.03283480781,1.1691644753905432
130865,21545,37352.129273886036,34520.26897260983,1.082034711361118
130866,21545,28671.89231496875,25965.58093917005,1.1042268756527658
130867,8498,86827.48660033988,74060.02459017531,1.1723934346608127
130868,21545,60658.81190790999,50025.64719536545,1.2125542658352582
130871,21545,55733.5596124895,46881.59722134051,1.188815290344237
130872,21545,60674.955731680406,51465.08153223192,1.1789538445339967
130873,21545,62382.01094519386,52735.23166649076,1.1829285465115895
130874,21545,58887.88118743057,50263.87594574394,1.171574616549579
130877,21545,30520.836578481096,27628.95053389268,1.104668689498029
130880,21545,47262.19689506009,41224.268419935535,1.146465388145122
130881,21545,32273.251399457225,30209.12222905051,1.0683280088297882
130882,21545,47754.27800069941,41497.710490295925,1.1507689806613923
130883,21545,48612.81128729944,42876.544351096476,1.1337856635374177
130884,21545,48544.229067914515,42231.87581865226,1.1494689290233782
130885,21545,49466.4196785463,43424.26856543239,1.139142265666709
130888,21545,51083.77140998963,44876.31428419486,1.138323684215328
130889,21545,49489.87754233606,43475.612617943494,1.1383365193089958
130890,21545,58207.16784274503,50848.925899071386,1.1447079129710391
130891,21545,56164.148423010236,48291.06750266336,1.1630338968984824
130892,21545,51905.254212530264,46107.329964678196,1.125748427685874
130894,21545,56440.20393925269,48273.02564354711,1.1691872052108947
130895,21545,60746.613355548565,52467.78545492701,1.1577887808459835
130897,21545,55343.00260119403,48098.32653512887,1.150622206383292
130899,21545,60451.55422057149,52003.81774515142,1.1624445442990134
130900,21545,53704.07612706462,44990.972221056545,1.1936633834716333
130901,21545,56507.31713694622,48661.54884752209,1.1612313721046643
130905,21545,51129.49124598913,42003.93039993694,1.2172549273166564
130906,21545,63586.466595793114,51619.319247539475,1.2318346604081585
130909,21545,66354.4609461679,53545.01424689878,1.239227627061674
130916,21545,57325.82559984174,49354.31849208192,1.1615158987361707
130917,21545,58126.43064440018,49058.79468146839,1.1848320168036461
130918,21545,59759.988386067795,51285.41758912935,1.1652432834774216
130919,21545,62568.02594184653,53664.3293306337,1.16591461632467
130980,23939,54913.60347672796,46206.40855352336,1.1884412832717477
130986,23939,52816.646029750926,44215.27506207453,1.1945339242060757
131006,23939,55759.66451047326,46759.11950118006,1.1924874784921058
131009,23939,60145.56923167421,50889.74378913335,1.181879977248329
131014,23939,63514.82449049521,53759.21226501308,1.1814686602435795
131016,23939,66002.51571800436,55700.33563333849,1.1849572353115172
131022,21545,59237.25762443309,51525.44808848829,1.1496699169447449
131023,8498,89253.9514355369,71339.81882433651,1.2511098697252263
131024,8498,78554.43809216029,61968.96545885851,1.267641593021477
131030,21545,35039.716761275675,32215.76546936973,1.0876574326502009
131031,8498,65598.60579829819,56246.89350803021,1.1662618450018551
131034,8498,88332.45983383284,70487.12205904635,1.253171604308623
131065,21545,30082.238020702167,27901.46234689243,1.0781599059825846
131068,21545,27759.83754532108,25047.459586826863,1.1082895432605362
131070,23939,52726.017437083894,44065.883657447026,1.1965269514837773
131129,21545,67444.77860114766,57573.505519771796,1.1714551336115167
131130,21545,63726.97757423311,54610.79090353439,1.1669301345003726
131159,21545,28167.260821676784,26456.98068303043,1.0646438140140206
131160,21545,30547.7106347587,27662.657133423905,1.1042941568273597
131161,8498,43013.642222517155,32934.08532903898,1.3060524314786641
131162,8498,49005.874319646224,36502.31940047896,1.3425413816033618
131163,21545,36319.299904560525,32002.03896066286,1.134905808633146
131164,21545,33727.16877899398,29922.315521502343,1.1271577146079303
131165,23939,53488.425112916506,44817.25760407286,1.19347831555083
131166,23939,53314.90836393347,40199.66634911115,1.326252509185622
131167,23939,56883.94859119554,39348.38341552112,1.4456489353196007
131168,21545,63013.91294332583,41129.74908399502,1.5320762792556564
131169,21545,61015.940023213174,48689.83985486183,1.2531554879846365
131170,21545,37847.56643020157,30545.81009557045,1.239042811822168
131174,21545,36687.408793680945,34033.37678122551,1.0779832112903804
131175,21545,26911.16067848795,24862.52045318374,1.0823987346400301
131176,21545,28098.812143887593,24915.460845627447,1.1277661014573932
131177,21545,37612.77285717549,32700.801085441388,1.1502095241917774
131178,23939,53648.32339303099,44878.083647521846,1.1954236685860233
131186,21545,36319.347177875024,31284.575926998365,1.160934617193634
131189,8498,41534.643281990466,35451.080366269554,1.1716044434433994
131190,21545,42781.29410269341,37798.632722055925,1.1318212067953994
131200,21545,52044.71134375472,45356.39185569214,1.1474614539300751
131202,8498,85767.86120283582,68812.75251627291,1.2463948623847496
131204,21545,64242.39427389731,54687.27677669689,1.1747228617035839
131205,21545,36109.62472283923,32152.94410505556,1.1230581126523198
131206,21545,73495.05233101525,47318.54224243213,1.5531977285874576
131209,21545,27614.98592924101,25538.114788824965,1.0813243717318104
131213,8498,47096.22981832963,35689.772508932416,1.3196001685508758
131214,8498,80084.10194964295,63772.05183736983,1.2557868163607433
131215,8498,48713.90756824468,41641.14248264846,1.1698504090886408
131223,8498,48057.15615503992,37228.17486138465,1.2908813374272547
131225,8498,49005.874319646224,36640.64710176178,1.3374729486502406
131227,8498,46696.994589983035,35268.02978663562,1.3240602004844138
131229,8498,41706.73981044671,32854.94427323878,1.26942050071952
131260,21545,60990.64129557509,52232.285933766274,1.1676808741037095
131261,21545,61089.66014759329,53367.4848102191,1.1446981315464861
131262,21545,64500.67189474891,54891.703543804244,1.1750531998569984
131263,8498,90176.03183757274,77737.4408204724,1.1600077245381173
131265,8498,90176.03183757274,76528.10890962354,1.1783386930946749
131266,8498,90176.03183757274,77591.17767508281,1.1621943955431333
131267,8498,47096.22981832963,35523.02611769772,1.3257944202807117
131268,8498,51236.67666164623,43856.7949040468,1.1682722545900968
131269,8498,48529.811249766055,41587.36736006511,1.1669363638624437
131270,21545,39940.97328805959,36759.687178514534,1.0865427960280487
131271,21545,32361.95692771973,29159.716821465212,1.1098172566578997
131272,21545,30058.122528694854,26966.33025355482,1.1146538014653462
131273,21545,33911.24780820921,31364.555631653435,1.0811965011226121
136715,23939,95828.4250197127,83637.20150631167,1.1457631687076595
136716,23939,78523.0854289953,73853.11011789484,1.0632332924591201
136718,23939,122239.75596973005,91670.47004275271,1.3334692831041515
136721,23939,115343.1729337671,93040.46788338553,1.2397097258618175
136723,23939,106398.64729843683,92599.98508653985,1.149013654797043
136731,23939,119635.12273225447,92200.66216661278,1.297551665258822
136737,23939,129569.7933087741,93088.5589561223,1.3918981533471517
136738,23939,112145.07118086574,93175.47791847195,1.2035899754546155
136739,23939,67260.6400770003,64989.800686415576,1.0349414733789049
136743,23939,109713.08466790714,92805.79503931497,1.1821792445334884
136748,23939,114195.16763934134,95202.88078531186,1.1994927747707362
136749,23939,114014.42672600887,94768.23918673098,1.2030868960365009
136751,23939,39946.692172181865,38464.71762606546,1.038528153528213
136753,23939,41573.44203534161,38171.50553006908,1.0891224084046855
136754,23939,72787.30682972918,64371.858880050335,1.1307317839828126
136756,23939,41028.24509008396,39380.70628691687,1.0418361923517465
136757,23939,47368.42167307631,45176.36947856267,1.048522097278176
136758,23939,60662.4537798007,50065.169192276335,1.211669804746395
136759,23939,44149.22694221431,42062.93982793091,1.0495991750176732
136760,23939,45849.33905885165,43654.836125418915,1.0502694117812743
136761,23939,45965.720317871295,43534.43486155742,1.0558474105393933
136762,23939,44674.69097800137,42505.83472031988,1.0510249068616613
136763,23939,83818.00530105099,76396.34286351195,1.0971468287532875
136764,23939,98856.24465430761,83680.24080877934,1.1813570766390058
136765,23939,95271.81894401404,83104.8125163122,1.1464055577444885
136766,23939,49635.24523512014,47340.3991046556,1.0484754284684277
136767,23939,49745.843447707084,47597.55517577123,1.0451344247409877
136768,23939,56533.97480563355,50305.720443630074,1.1238080740535767
136770,23939,51233.52114413606,47603.9550862767,1.0762450525650902
136772,23939,56112.97522015673,44455.82725195282,1.2622186716296422
136773,23939,48716.32272961187,46300.18808884515,1.0521841215014163
136775,23939,72671.19662013081,53051.02721867792,1.3698358058285651
136777,23939,63613.72285786297,55578.31958776384,1.144578017646079
136778,23939,59050.099856747576,55398.06905935711,1.0659234312567365
136780,23939,54956.32949754914,51381.65056096716,1.0695711192138606
136781,23939,55270.21962690929,52699.4139938702,1.0487824330141151
136782,23939,70550.94462306761,57172.79091841197,1.233995113580284
136783,23939,59917.41949052961,55127.418593912866,1.086889628043379
136784,23939,58819.070354349315,56476.91527408762,1.0414710164125467
136786,23939,57142.28213547146,53497.20571052126,1.0681358283397842
136787,23939,99078.36757782382,85695.57624874708,1.1561666531097328
136788,23939,98904.51346299738,79857.53906698406,1.2385119128206146
136791,23939,37138.59922464813,36165.18617603912,1.026915748307524
136792,23939,37138.59922464813,36200.46071985653,1.0259150984859433
136793,23939,37138.59922464813,36249.46557615471,1.0245281863983755
136795,23939,53279.97319593432,50920.17700655257,1.0463430476504054
136796,23939,64553.7833300248,59835.08314272585,1.0788617636921025
136798,23939,67519.76539247976,64671.830156230855,1.044036719377958
136799,23939,68740.84653609637,64373.05834015766,1.0678511835317597
136800,23939,74491.18810842966,66663.48899686972,1.1174210835548601
136801,23939,79451.62111353246,68459.17843564485,1.160569304643658
136803,23939,75291.11242936474,66767.53275899675,1.1276605457496025
136805,23939,60251.5101061522,52484.53023676194,1.14798607960008
136806,23939,70470.44593157659,58696.30709282211,1.200594201269509
136807,23939,101429.5352546849,73462.88285759675,1.3806909191312269
136808,23939,107621.274638117,68784.66998081768,1.5646113395343741
136809,23939,88430.97338010753,80941.65986009144,1.0925273034054583
136813,23939,37389.321138490064,35114.12931140769,1.0647941974270516
136814,23939,36476.16401724686,35561.992919419965,1.0257064079591467
136815,23939,82034.76989509797,75409.1914201562,1.0878616830410783
136816,23939,77014.75363610707,71666.43623409883,1.0746279246331982
136817,23939,75230.188480031,70407.22217935738,1.0685010166767759
136818,23939,68088.47123510254,64339.21424614234,1.0582732791018659
136819,23939,77119.41152559691,72529.11800288985,1.0632889748159375
136820,23939,107314.68270310429,68822.31322706302,1.5593007219772572
136821,23939,37189.708243895555,35164.51679597575,1.057591903215106
136822,23939,39455.54848447699,34232.958885879765,1.1525602743253203
136823,23939,37544.806227276196,36583.87959959413,1.026266394876631
136824,23939,37624.207635137696,36519.993697944556,1.0302358742535953
136825,23939,37565.96847373683,36529.671273770255,1.028368642909488
136826,23939,40059.68687390391,35088.4328157515,1.1416778596028028
136827,23939,41064.30122332783,37173.54911602844,1.1046645316312234
136828,23939,37043.20342126613,35937.51884747924,1.0307668589609504
136829,23939,46787.89070412084,38675.697296559876,1.20974911829922
136831,23939,39264.00518021917,37565.6194112699,1.0452111743548076
136832,23939,39125.11608060657,37004.73055461107,1.0573003909018135
136833,23939,38724.00200492727,37073.22923535419,1.0445273531230144
136834,23939,38967.71848424478,37734.035522037084,1.032694169736688
136836,23939,43680.90626694525,39354.603868419705,1.1099312907071899
136838,23939,69486.9393846133,65442.4995516704,1.0618014266058038
136839,23939,70009.93598907367,65989.53270960099,1.0609248636017048
136841,23939,62170.0444793196,57564.718623374116,1.0800025773786288
136842,23939,60982.731935025906,58581.907927997716,1.0409823457777956
136843,23939,70712.38222036013,58653.337990186425,1.2055986009217645
136844,23939,63392.92544253839,58396.89184325209,1.0855530738296237
136845,23939,120006.12585868471,60862.74176235505,1.9717502429854574
136847,23939,67573.02031178062,61626.839398209915,1.0964868711690483
136848,23939,64789.64331643902,61130.67822613597,1.0598548093441353
136849,23939,65242.97599148551,62504.48005299924,1.0438127944775195
136850,23939,68779.61357955531,62336.674996111666,1.103357110141751
136851,23939,66893.29048562593,61106.442613220825,1.094701108834522
136852,23939,69155.8942347023,63232.766299493676,1.0936718141849828
136854,23939,71724.01278143622,67435.76081921373,1.0635901769347382
136855,23939,74584.47810962689,69329.34327862639,1.0757995760883057
136856,23939,73225.89700529668,68661.37355908807,1.0664787668758258
136857,23939,115851.30099796841,64432.33092352781,1.7980305746732608
136858,23939,72301.77848837014,68199.17943802537,1.0601561350759787
136859,23939,74227.46014976228,69368.0004766654,1.0700533335212905
136860,23939,75609.28926923961,66641.13497901635,1.1345738528169893
136861,23939,68016.66118957805,64275.98402006105,1.058197120223776
136862,23939,72232.60978179611,66591.09029357719,1.0847188334557583
136863,23939,73157.04055336642,68998.90064543634,1.0602638573808219
136864,23939,76236.3902543929,70910.8909384807,1.0751012890323486
136865,23939,77109.4935279472,71077.97198799727,1.0848578170036767
136866,23939,77084.20019218524,71618.85096076906,1.0763116017375083
136867,23939,77968.02857662027,72296.97943793726,1.0784410245458633
136868,23939,111829.81593304097,66772.08057620727,1.6747990322902864
136870,23939,70351.50115048005,66266.11881502981,1.0616511485583433
136872,23939,76922.66739383886,69145.07082578774,1.1124822995358108
136873,23939,75924.03136784985,69612.93793421652,1.0906597770603683
136874,23939,117701.97933826077,62859.690332971564,1.8724556025457062
136875,23939,70720.49315943153,66273.54615687253,1.0670998801246108
136877,23939,72818.12643429969,68210.41132762829,1.0675514927558436
136878,23939,78312.56254442343,72545.81640624173,1.0794910916142855
136879,23939,75110.02930965894,70166.7301865077,1.0704507550802445
136880,23939,77578.92599979215,71733.94979092776,1.081481310117453
136881,23939,76899.5978682508,72713.48837107992,1.057569917094444
136882,23939,80821.65304121454,75754.62120181552,1.0668874288988932
136883,23939,98870.91510810168,77657.34468643059,1.2731688870811704
136884,23939,103086.39773122982,75202.9437512374,1.37077609717284
136886,23939,86282.3460068411,70022.86920447568,1.2322023788383432
136887,23939,83205.46094365245,75979.31075747265,1.0951068141332028
136888,23939,81406.15823504298,74998.5222137138,1.0854368303827393
136889,23939,95731.77055174085,79656.67758246216,1.201804713140809
136890,23939,109448.16283798788,79610.98248127503,1.3747872394833305
136891,23939,119316.27900048882,79801.20212915167,1.4951689425352923
136892,23939,117271.11537810815,78750.1497062168,1.4891541897456275
136893,23939,86471.22871199707,79880.71734951112,1.0825044088381148
136895,23939,94769.63526667909,80664.03234046171,1.1748685568641217
136896,23939,92307.21664552188,81194.8027028069,1.1368611484085893
136897,23939,88944.8715911547,82390.62141128947,1.0795509254281113
136898,23939,94415.76987220216,81245.56936431442,1.1621036151378428
136899,23939,117089.53565451753,79101.67648738126,1.4802408855796665
136900,23939,101923.24125688327,88097.97916269414,1.1569305246906678
136901,23939,101190.15532505696,90741.5903607076,1.1151463724937505
136903,23939,103263.48148669167,89224.39926165825,1.157345774711944
136904,23939,80668.03144900309,74800.01872199014,1.0784493483727944
136905,23939,77475.00704959189,72910.330048643,1.062606725245977
136906,23939,91915.44640562493,71950.49183317344,1.2774818359649693
136907,23939,80911.72230732349,76232.4000359621,1.0613823291560276
136908,23939,82340.61029555768,76953.93175676958,1.0699987436095393
136909,23939,81036.6683057146,76554.71248463745,1.0585457860869971
136910,23939,102710.01226263991,74303.7079094628,1.3822999571944576
136912,23939,82535.23687277891,78037.77324357058,1.0576318805916065
136913,23939,116176.67793705947,80316.29400199639,1.4464895247055563
136914,23939,89822.89791268992,83357.07443854734,1.077567783150899
136915,23939,98643.99265365118,83448.488383317,1.1820944221366154
136916,23939,96809.73188140779,84382.7087765432,1.1472697817484507
136918,23939,97273.04667403876,89211.8147675151,1.0903605865157113
136920,23939,98541.06604009501,85227.0436998976,1.1562182819232696
136921,23939,100459.87987790752,85683.74103857749,1.1724497397082294
136922,23939,103278.36836834354,85888.24310956876,1.2024738733634353
136924,23939,100470.03316803576,90491.51010095226,1.1102702679616183
136925,23939,109269.23022199467,86016.94356518358,1.2703221678551102
136926,23939,112475.66483489308,83406.63671972671,1.3485217634760613
136927,23939,100418.13879049629,87129.43626343508,1.152516796813455
136928,23939,101397.40584298076,86695.65438429658,1.1695788740865327
136929,23939,100809.23424983988,87112.3573607658,1.1572323066904278
136931,23939,102011.6026035813,86876.26223324568,1.1742172140152647
136932,23939,101728.84701236314,87086.82779602417,1.1681312729708526
136933,23939,96774.62490559745,87839.56874517993,1.1017201733576112
136934,23939,103681.43290094571,87324.46304308664,1.187312572993302
136935,23939,117905.1944830375,87483.35508458583,1.3477443151218587
136936,23939,104298.59465064539,89353.59520382495,1.1672568340728688
136937,23939,108631.46882512153,87917.55391554585,1.235606133099126
136938,23939,102811.29480455315,88767.3801544605,1.1582103090758724
136941,23939,106858.66912488268,88638.49003692035,1.2055560635156706
136942,23939,105208.66754831611,89356.88511340052,1.1773985565275524
136943,23939,106649.63757204359,88727.80785627823,1.2019866166962587
136944,23939,104443.04079593888,89897.43297558361,1.161802259963373
136945,23939,113198.58703837979,89064.7627169017,1.2709693888501006
136947,23939,106962.21396986375,89704.22659961258,1.192387672514928
136948,23939,108571.70347746117,89473.33109860752,1.2134532395782331
136949,23939,107780.15751764756,89821.85849030661,1.1999323920611036
136951,23939,109353.81171394896,89611.29291030462,1.2203128440899227
136952,23939,107495.76873895487,89902.13635753597,1.195697600682702
136953,23939,108954.30000407955,91105.57390508262,1.1959125587375414
136955,23939,113462.11009158386,92195.22567894481,1.2306722962715833
136956,23939,115256.00121107892,90751.09703413889,1.2700232281238621
136957,23939,106319.76370485457,91344.1306629005,1.163947403443147
136958,23939,113140.51113634434,90905.84439064053,1.244590068930629
136959,23939,108405.32663437721,92904.74925681349,1.1668437566600174
136960,23939,98653.43664762599,89766.54806405514,1.0990000036230578
136961,23939,106040.3800551362,91815.9092194024,1.1549238139301452
136962,23939,116638.52513034674,65970.97666939016,1.768027866479439
136965,23939,116975.23658721027,89629.43402714007,1.3050984629869447
136967,23939,111419.9920855474,93102.22162125108,1.1967490157089355
136969,23939,117941.89928499614,90765.8672990169,1.299408057176947
136970,23939,109723.10861523857,94893.57270959011,1.156275451352563
136971,23939,109916.63510951781,93604.4641416342,1.1742670193934495
136972,23939,110863.9217337182,93162.03367672078,1.1900118251864735
136973,23939,110209.85626976742,94660.22122778148,1.1642678924716303
136974,23939,115572.79901113582,92037.37752100141,1.2557159072113284
136975,23939,112013.22538278409,96295.12860331869,1.1632283689470424
136976,23939,117256.75271008674,93567.42465573666,1.2531792249440488
136977,23939,109773.59421445217,94551.52551022042,1.1609923120974535
136978,23939,113103.47335825229,97006.15804210608,1.1659411695199708
136980,23939,113488.33757341016,97691.14521545038,1.1617054680147343
136981,23939,113820.12977532613,92766.30254441709,1.2269555501668112
136983,23939,119064.7126426206,93517.29321800583,1.2731839058371706
136984,23939,111687.69708904173,96095.61952178649,1.1622558618680872
136985,23939,113091.04773421795,96944.284149122,1.1665571490554163
136986,23939,118027.18516510952,94162.88818203108,1.2534363319118371
136987,23939,127570.7510521184,96901.6983463321,1.3164965447372594
136990,23939,67740.74303551413,64009.985865603274,1.0582839867789384
136991,23939,112459.48247311296,93192.3523317134,1.2067458290227422
136992,23939,110271.29403757061,95414.59665413803,1.1557067566641361
136993,23939,100588.05857461333,90121.51782370366,1.1161380878136606
136994,23939,72643.3758102463,68439.34004844236,1.061427181484045
136995,23939,96127.75102701326,87474.82708068551,1.0989190174488304
136996,23939,44341.666536747674,36605.731247988544,1.211331259478233
136997,23939,48246.60312274588,46003.9677051829,1.048748739063877
136998,23939,103282.80133994226,88285.14360917767,1.1698774801472431
137000,23939,69156.82579817012,65153.80568570961,1.0614395440194295
137001,23939,50285.15248822839,42827.1331551316,1.1741423902011325
137002,23939,58363.45631782258,50463.7743910851,1.1565416384734994
137004,23939,115499.5960937121,96751.74147202139,1.1937727873054584
137005,23939,114025.5654412849,96575.07772397104,1.180693488719631
137008,23939,119315.02292533728,98503.25759277219,1.211279970238184
137009,23939,54408.41895773241,46586.45324166886,1.167902151200196
137010,23939,51031.13842039807,43496.2230884248,1.173231485332768
137011,23939,51031.13842039807,43292.517139116695,1.1787519366548727
137012,23939,57144.55008322111,50552.77315514894,1.1303939728062333
137013,23939,77487.11615110593,72933.53505895787,1.0624346686125532
137014,23939,36408.227501820176,35503.48101930296,1.025483317594275
137016,23939,44822.0163488594,42740.63932434438,1.048697844894648
137017,23939,78505.08758529414,74060.84613181406,1.0600079756794862
137018,23939,75864.51815587161,71759.65976175727,1.0572028686833592
137019,23939,66977.07449012197,64241.69479042766,1.0425795071038801
137020,23939,58872.36404945569,56124.942359185545,1.048951884399049
137021,23939,63282.6561818068,60308.261954833826,1.049319846577581
137022,23939,60267.24750875762,56676.53359350927,1.0633545082520637
137023,23939,81247.09783155775,75016.17441800123,1.0830610659887412
137024,23939,38153.048305550146,37011.015403034486,1.0308565677023287
137025,23939,37157.32830776137,36068.050135237216,1.0302006393037577
137026,23939,78258.70954805214,74346.14433750606,1.0526263365156419
137027,23939,108954.75795693038,90970.02113872475,1.1976996002977707
137028,23939,116672.77272390161,95277.92976100752,1.2245519294611074
137029,23939,120583.87984520775,95216.64685212832,1.2664159454436028
137031,23939,96910.92274336067,84072.42306589043,1.152707620516757
137032,23939,95054.62059368436,79122.20426669711,1.2013646671582086
137033,23939,94843.67250688162,80426.55973703062,1.1792581059912346
137034,23939,119378.9635449901,98604.99239134796,1.2106786953665942
137035,23939,87244.23061729078,80833.66587431509,1.079305629327058
137037,23939,62627.1426519982,58117.84005658169,1.0775889570401513
137038,23939,62788.624080807924,56396.779791771565,1.113337043580083
137039,23939,54999.49496406896,48006.14453989096,1.145676152317686
137041,23939,52156.15757992111,48220.89126620507,1.0816091575742819
137042,23939,65875.98795235874,60440.340384465606,1.0899340992012383
137043,23939,88804.22176176996,82243.56434623849,1.0797710734898558
137044,23939,96837.33058991282,82235.50609141048,1.1775610705462358
137045,23939,97451.02663390609,81134.36740214059,1.2011066303246363
137046,23939,106271.55653578909,92025.92137557759,1.1548002448361478
137047,23939,118861.23947341212,94079.86628987246,1.2634078274217035
137049,23939,96127.75102701326,87456.235969866,1.0991526214338234
137050,23939,111081.41391765994,89615.85369049442,1.2395286028441013
137053,23939,71071.79537578403,66358.42746166795,1.07102892721258
137054,23939,119880.3198305798,60976.786753347864,1.9659992960189543
137055,23939,103307.94913118535,89338.72115446659,1.1563625245157245
137056,23939,81340.31841723152,75982.02839622927,1.0705204919386986
137057,23939,37861.07464749827,33969.194218618846,1.1145708786564696
137058,23939,96878.60699749477,81229.47018207131,1.1926534394518
137059,23939,103334.87420930478,72166.37886391094,1.4318977318256525
137061,23939,101904.8487143671,75106.91478908624,1.3567971604283613
137062,23939,112746.52832748754,90081.02047458895,1.2516124676817169
137064,23939,112245.368110693,92701.06059355516,1.2108315416457773
137070,23939,48165.35323984797,45623.699921007035,1.055709057425013
137071,23939,37468.850807213894,34871.92153277245,1.0744704954672732
137072,23939,37656.81984812024,36321.25140708059,1.0367709918931727
137073,23939,79154.31779426668,73316.52899733071,1.079624456814486
137074,23939,64099.30127460834,60075.72459697972,1.0669750836069134
137075,23939,72011.89484373212,67843.77735919562,1.0614369901968843
137076,23939,117640.47144687753,95329.12367198082,1.2340454513320411
137077,23939,100024.80565811943,90263.6737991332,1.1081402013473105
137078,23939,94870.93949978208,79351.01681620815,1.195585681271369
137079,23939,103282.80133994226,88213.84098702522,1.1708230838189375
137080,23939,92837.3861117191,80877.12106184158,1.147881933640198
137081,23939,94706.22195013207,82330.78222115643,1.15031364205593
137083,23939,69947.43720176391,65344.10977095844,1.0704474733367837
137084,23939,92243.80225150757,81256.51382638433,1.1352173248362476
137086,23939,159849.25564149144,69477.36692582912,2.300738538524916
137091,23939,91597.99756243793,72049.2926999958,1.2713240356687536
137092,23939,161748.0678751923,69343.03931629943,2.332578287164471
137093,23939,164762.38182071972,73726.85036302594,2.2347676729636636
137094,23939,66987.21368623429,57829.28939247832,1.1583613492395275
137096,23939,163549.9305395622,67479.6559089181,2.423692420132028
137098,23939,157807.0193271086,83668.32314079415,1.8861023312437664
137101,23939,98402.36196268296,73596.87208131206,1.3370454365773188
137104,23939,110413.81212811152,74228.07067669256,1.487494031860661
137108,23939,78557.16213731974,61471.135025249096,1.2779520356188738
137110,23939,160807.09579441263,69744.63051126353,2.3056555696921044
137113,23939,88206.17920783626,71161.34368357857,1.239523801012642
137115,23939,69425.80068265884,57615.98494165261,1.2049746394679526
137117,23939,163397.33454545628,71923.42129748741,2.271823720254037
137120,23939,208171.5842827297,108450.30942318712,1.9195112064679987
137122,23939,163170.70112527392,86697.67323942574,1.8820655160451536
137123,23939,156376.15936487349,82793.46230013072,1.8887500899286174
137124,23939,123758.38136195514,78666.46473403291,1.5732038013958753
137125,23939,158293.3275176559,78607.40795955944,2.0137202284941376
137129,23939,71599.01599282803,61513.42759252444,1.163957509685727
137132,23939,184403.52551518191,101213.21122973155,1.8219313790630236
137134,23939,184627.7973823464,102096.52977198205,1.808365061914309
137137,23939,140526.72916278237,94260.7983943378,1.4908289719220513
137141,23939,63155.3636240623,54469.786462421696,1.159456787436329
137143,23939,62588.45363769575,53869.65968461103,1.1618498057000983
137145,23939,67546.0799686948,56926.29904040722,1.1865531592129235
137147,23939,183743.56540763957,101381.19057149548,1.8124029158846873
137150,23939,207010.62787434345,105549.29166109106,1.9612697026810495
137151,23939,107557.51235114681,80314.89192719541,1.339197622884764
137161,23939,78721.9870283768,65639.47743637001,1.1993085579434843
137166,23939,69042.19031023115,58244.65058173703,1.185382513598249
137167,23939,69034.663988346,57859.20139067325,1.1931492714912273
137175,23939,71914.3161969623,60407.08058346962,1.1904948145539354
137178,23939,73766.14456295704,61701.59912092253,1.1955305148313977
137181,23939,72401.49694930548,61126.346611675544,1.1844564735605565
137188,23939,99786.42777463113,73462.12943617962,1.358338351208847
137190,23939,105739.16072918658,75987.42847566791,1.3915349268997244
137217,23939,161331.90221016647,68521.32984755836,2.354477103247804
137222,23939,164453.6868554258,71877.67792940073,2.2879660500017063
137223,23939,160807.09579441263,69978.24595698106,2.2979583668511547
137226,23939,167735.5084920652,95586.56342039586,1.754802165596786
137229,23939,76697.24091671738,58745.03654848294,1.305595254050413
137233,23939,157690.72302143127,79084.55251019502,1.9939510058061327
137234,23939,158530.92278146793,70745.12797940773,2.240874068778455
137238,23939,168808.0915584185,75207.97202180103,2.244550504692308
137239,23939,165313.97339865062,73675.30917589269,2.2438178441026895
137242,23939,71579.07475250914,61985.30753331907,1.154774858768477
137247,23939,155886.24273102984,82955.0909406902,1.879164267838398
137250,23939,169033.5781050221,75136.64966403302,2.249682130635862
137251,23939,156986.34384419024,71960.25540143518,2.181570131573759
137252,23939,169583.22657399552,75840.92045503575,2.236038612882307
137254,23939,144793.91607115263,95061.5456524762,1.5231597075066177
137256,23939,154898.46008710182,72874.4714469164,2.1255517468820853
137258,23939,167941.6625846307,74472.8586892069,2.25507205632446
137264,23939,138664.32209711152,81770.39876135642,1.6957765181236024
137265,23939,159452.30462311895,78273.15326322839,2.0371263706074223
137267,23939,168157.43466618532,75402.54340802376,2.230129476617778
137272,23939,79284.44329209543,66199.59487726472,1.1976575300663133
137274,23939,156171.75782594175,83264.32790645938,1.8756142246339618
137275,23939,157232.16862436745,83831.07122408088,1.8755834361711192
137276,23939,149906.11817627036,82229.22255314655,1.82302730734664
137278,23939,123747.9863099128,73272.85399453435,1.688865378700051
137280,23939,149805.83060898725,82727.25256818453,1.8108401519259445
137281,23939,150605.21947557275,75217.13961468024,2.0022726235946746
137282,23939,153614.3260745694,72951.7023885853,2.1056989904954615
137283,23939,151149.14948087648,73850.60044033533,2.0466881593331316
137286,23939,161798.79759625113,84308.27828136581,1.9191329830775659
137297,23939,144579.95901186805,79156.0978794394,1.826517007345082
137298,23939,160275.53739557302,84904.34060560419,1.88771900532249
137300,23939,154461.23612994488,71481.32066010982,2.160861532824785
137305,23939,84330.4782190215,68313.01053994804,1.2344716994972251
137306,23939,90663.41629733691,70059.2784664074,1.2940957754911644
137308,23939,158824.97531661825,84294.31875935495,1.8841717645294087
137309,23939,131978.6519493099,78137.05874838166,1.689066034265634
137311,23939,136353.18855524107,80399.52829841244,1.69594513103547
137313,23939,163441.2595051287,84465.40229248439,1.9350083592708047
137316,23939,121430.81239449047,74697.6457397331,1.6256310515807744
137318,23939,142858.61768423216,77921.57294361832,1.8333641415016135
137322,23939,159196.3873833205,83571.0091722031,1.9049235968335234
137324,23939,126496.5053198525,76320.52657327562,1.6574375335107618
137327,23939,114597.72933627173,75110.78123905783,1.5257161148615581
137328,23939,160240.15462360997,85298.4759918862,1.8785816834388978
137330,23939,98402.36196268296,72900.99662248806,1.3498081853702448
137336,23939,95940.6003373455,71068.38305355667,1.3499758431966196
137340,23939,96576.57819332741,73607.37643028257,1.3120502710051103
137342,23939,94437.73836437019,70364.623167293,1.3421195781840967
137344,23939,146662.30091160242,84645.06744458956,1.732673921107224
137353,23939,103912.33484883659,75985.79246190262,1.3675232103545627
137356,23939,82938.44933532586,68810.33846114608,1.2053195957197225
137358,23939,86792.26560667735,70157.83746236881,1.2371000695856809
137361,23939,85319.66008471108,69851.45973546838,1.2214441961244862
137362,23939,105681.55757047738,77113.89177687683,1.3704606930779595
137366,23939,166843.72675455315,92402.42558286602,1.8056206393080942
137368,23939,155719.3499946721,87318.78151231684,1.7833431399029196
137369,23939,155340.65832506723,86915.07029930098,1.7872695470432884
137371,23939,84420.21802686152,71934.44737223707,1.17357151004462
137379,23939,163929.09347072177,93205.3279075255,1.7587953087120243
137380,23939,157770.35225529972,90419.92126544849,1.744862747581128
137382,23939,162531.6013315966,92334.9405087412,1.7602394113873936
137385,23939,108309.89785961073,81348.86962660305,1.3314247432909723
137391,23939,172489.529557712,98465.7231168178,1.7517723335365527
137392,23939,171454.4818535541,95128.90379842026,1.8023384587387765
137397,23939,170925.6767124782,97825.0763654709,1.7472583008666012
137401,23939,153076.37362228148,91345.54223154468,1.675794679003165
137409,23939,198473.753797407,103476.78610303272,1.9180510071097974
137410,23939,111139.00900122672,83538.5502700645,1.330391880657913
137412,23939,150424.67195901214,87832.23119213013,1.712636351340809
137417,23939,206340.108989826,105025.92260915313,1.9646588562492973
137421,23939,128084.58211314506,94993.34096884323,1.3483532719957223
137422,23939,106607.25217051001,85835.71833967474,1.2419917282993636
137423,23939,172845.89925673683,97419.30525764471,1.774246888741523
137424,23939,156226.45514194033,95590.90736597525,1.6343233833299482
137425,23939,98838.41210060254,86136.31226554904,1.1474650992242885
137430,23939,191460.3264787851,104106.11894329365,1.8390881191438235
137432,23939,191536.85548484727,103591.97892143097,1.8489544989783218
137439,23939,105160.7128235621,87246.26969829672,1.2053319091717583
137443,23939,206094.20096640615,107877.93778840888,1.9104388273591033
137445,23939,108240.13823087927,87197.11802296994,1.2413270149865052
137450,23939,141079.9849666363,94934.16180225756,1.4860823784434716
137455,23939,155616.65549182214,94071.29077971555,1.65424173732479
137464,23939,137516.12223206527,97446.94809442847,1.4111896259573855
137465,23939,142807.1082770491,96853.69536356696,1.474462153880483
137466,23939,102599.35313579848,88477.15281628614,1.1596140909827384
137470,23939,178886.353537833,99126.4078797962,1.8046286288791602
137472,23939,177271.12630239906,99791.50813066513,1.7764149437473535
137476,23939,140533.8690150026,94783.46522415885,1.4826833845190825
137482,23939,182039.83161186674,100475.55282856135,1.811782333982041
137486,23939,183738.2616247219,102461.71199852425,1.793238254962676
137487,23939,210963.26044511472,108989.06028242997,1.9356370253898219
137513,23939,127306.1213571442,94983.85609845853,1.3402921989730654
137524,23939,111674.25511271987,94629.6314876665,1.180119306786848
137571,23939,111676.46009524904,86601.62559013267,1.28954230748266
137572,23939,155853.7070317972,86535.8257499855,1.8010310259485025
137578,23939,157178.5353335787,83235.83763241122,1.888351698071636
137580,23939,102731.67639160053,84973.5754617081,1.2089838027104651
137589,23939,155725.490622914,87714.26728886185,1.7753724158702326
137593,23939,116586.71404538452,92892.0847022864,1.2550769467499625
137598,23939,83346.5309909499,66977.39317481211,1.2443979534021885
137603,23939,188297.0964193097,100616.49618641582,1.871433647127255
137607,23939,157690.72302143127,79022.97769600755,1.9955046952045976
137608,23939,160391.79498496134,77796.05220470943,2.0616958115421173
137609,23939,163170.56427004386,76792.53609337605,2.124823225940035
137641,23939,143517.30561170753,92614.74760567785,1.5496161175405399
137643,23939,141096.1539833956,95188.64927229028,1.4822791904503803
137647,23939,169524.8175196962,94850.89806397294,1.7872768838241135
137651,23939,123098.65947160083,84095.51922175165,1.4637957005414488
137654,23939,136934.88162695564,89618.24819770623,1.5279798967378218
137657,23939,111676.46009524904,84962.85253444954,1.3144151445476486
137660,23939,145089.92905959964,91945.91111013322,1.5779921837504038
137662,23939,137863.14753948626,90663.97744675861,1.520594523006062
137731,23939,117242.12787700382,82245.17552504766,1.4255198208106188
137732,23939,128439.80275743506,87564.20617840497,1.4668071391608275
137753,23939,147169.24350354596,94912.0668599665,1.550585171858915
137759,23939,108406.10059930822,80855.89637296867,1.3407321600796698
137762,23939,123033.25360493416,92759.74169005647,1.3263647716488078
137765,23939,131734.49521788477,95845.16267300132,1.374451162103282
137770,23939,138259.4694193768,93298.65990663748,1.481901986134966
137771,23939,141096.1539833956,95705.56002983559,1.4742733226722649
137772,23939,139467.39023115474,92916.05896981174,1.5010041512465293
137773,23939,138002.07182738592,91699.15379305174,1.504943787582069
137774,23939,139475.99487524343,92634.70998238867,1.5056558702646128
137775,23939,139863.63171963312,92100.8229206555,1.5185926388532391
137781,23939,175909.94393591187,100233.8182813732,1.754995938018674
137782,23939,182709.07926135237,101064.12489596363,1.8078529789817586
137783,23939,124245.13024611032,85355.95933241618,1.4556116669281571
137800,23939,115142.35973317824,89101.71933515885,1.2922574400620344
137801,23939,109274.3185305872,87147.83796785843,1.253895920755824
137822,23939,165333.89432970202,77073.38615241877,2.1451489623505196
137834,23939,140619.05480812432,96143.01511239652,1.4626029217383378
137844,23939,182196.13624789316,99962.84898227488,1.8226384912278724
137846,23939,169524.8175196962,94808.91408755997,1.7880683388392467
137850,23939,172845.89925673683,96270.39106260963,1.7954211814131529
137853,23939,138691.2681830714,81501.58745066855,1.701700206355106
137855,23939,159134.51340681233,70900.98850792453,2.2444611387756046
137859,23939,137683.77213993145,81144.75797048013,1.6967673030711337
137860,23939,130471.87153000764,80583.532158728,1.619088516410685
137861,23939,168597.76253132068,65282.18836102594,2.5825997376027776
137863,23939,83834.53465069093,68574.6609761104,1.2225293345583823
137864,23939,105809.5093216605,75598.36056822947,1.3996270359085987
137865,23939,100845.22307506403,72458.9242828784,1.3917571102955655
137866,23939,90081.53628529162,71001.26446162662,1.26873143694472
142717,23939,116350.45727483067,98656.01610818943,1.1793549128036644
142718,23939,116240.8761626105,98117.43796188614,1.1847116942430196
142723,23939,121904.44758981417,103733.92460855891,1.1751647115427468
142724,23939,129237.5709158968,103208.43131026147,1.2521997406140926
142734,23939,113245.63592443924,97384.32819514809,1.1628733085010017
142735,23939,117844.2081778364,100304.66057064482,1.1748627382557009
142736,23939,116815.66043178191,100336.68201597901,1.1642368282935505
142737,23939,123538.54094004419,98629.49409736735,1.252551704443364
142743,23939,117798.75992388987,99201.07309007717,1.1874746537965926
142744,23939,123641.73066055463,101347.68304991032,1.2199758982123472
142745,23939,122056.30954085934,100338.22428350408,1.2164487702711495
142746,23939,123552.00164438073,101638.60388930507,1.2156011290645197
142747,23939,129940.3838392085,108141.57982387206,1.20157652635406
142749,23939,126157.02568776306,105748.51204154687,1.1929910241970876
142754,23939,121564.94190975623,102911.37935208328,1.181258502948006
142757,23939,122677.62697550592,104899.62933633641,1.1694762674724852
142759,23939,124995.45072225196,104769.51119708824,1.1930517694896512
142764,23939,129995.47848232044,106220.93473469098,1.2238216393690318
142768,23939,132947.1808906013,107446.73316802728,1.2373310660147845
142769,23939,132714.8532319366,107416.56840229727,1.235515667703068
142770,23939,122688.34507876755,105231.59577324113,1.1658888585434282
142771,23939,124635.32977871664,106475.94808208646,1.1705491430104986
142772,23939,129517.91347639915,106509.88574029342,1.2160177675169699
142775,23939,129940.3838392085,108101.262357083,1.2020246665574166
142777,23939,128307.69484523013,108264.48369854051,1.1851319145667325
142778,23939,126800.28535187403,107688.96261255999,1.1774677949872372
142780,23939,128254.24268297324,108176.29581372922,1.185603941401512
142784,23939,126920.38726996421,108176.18228821002,1.1732747873447287
142789,23939,131383.49820099195,108890.90506287973,1.2065608062043724
142790,23939,129603.7522210619,109707.54919072807,1.1813567359502675
142792,23939,131905.61411169925,110736.12202114824,1.1911706108554903
142794,23939,137891.41281388525,112114.65369791214,1.229914273163858
142801,23939,135311.2955647686,115175.85895941297,1.1748234116704195
142803,23939,135178.58715421194,116474.41216005878,1.1605861291529846
142804,23939,137891.41281388525,118146.79559092315,1.1671193630280652
142807,23939,135904.76881235372,113867.868773603,1.1935304513564353
142810,23939,140575.696446704,118521.87046597457,1.1860738941599869
142812,23939,139151.5901231064,119330.94805133973,1.1660980859989418
142818,23939,143524.09103928198,122842.29718171229,1.1683605267245736
142911,23939,126062.70902033497,103116.06191182796,1.2225322290539773
142913,23939,141839.6533549687,119345.6660667417,1.1884776215974837
142914,23939,137891.41281388525,112512.44681883231,1.2255658526022297
142915,23939,129603.11401586894,104746.18511427297,1.237306293059535
142938,23939,125058.53975667298,104765.8513082219,1.193695638369318
142941,23939,120718.90441281829,103329.35184078064,1.1682924770382095
142954,23939,137082.1506779443,113939.10641484939,1.2031176563631425
142998,23939,144732.49131189636,123606.88490319073,1.170909625505499
142999,23939,144390.5315490771,123591.31253012223,1.1682902996429105
143000,23939,135904.76881235372,110674.42543038416,1.2279690478071632
143001,23939,137695.16190411025,117238.69910862015,1.1744855832674965
143002,23939,132677.82606325077,112735.35753485854,1.1768963079948178
143006,23939,126262.08789818689,103427.36773750705,1.2207802505293674
143007,23939,130312.54880211058,108163.9177017243,1.2047691279217894
143008,23939,121529.0710818596,104253.13336518392,1.1657114482704374
143009,23939,124253.09623572708,106186.67790416592,1.1701382761768497
143010,23939,117984.87117619379,101142.54610660978,1.1665206752045898
143011,23939,121910.7677053998,104597.82930737009,1.165519098366316
143014,23939,137891.41281388525,116709.24046924867,1.1814952463015798
143016,23939,141007.9732999352,119316.32447275464,1.1817995058348763
143018,23939,122668.08497711818,104584.44328265729,1.1729094799078938
143022,23939,140732.7116634708,120415.75555871359,1.1687234034324592
143025,23939,137059.92411621797,113895.4960509912,1.203383179040337
143026,23939,128706.45407236055,108744.16324407085,1.1835711474783739
143027,23939,139154.1437455132,117908.11673341048,1.180191386316006
143028,23939,118892.48127850797,102212.86373033618,1.1631851113395757
143029,23939,127045.87434327649,107836.26719649034,1.1781367961465505
143030,23939,123639.96975391112,105087.99898858918,1.176537482337411
19212,31767,49375.4968157226,40899.22089153354,1.207247858013445
19282,31767,37461.47885924215,30548.52253834656,1.2262942933563474
19370,28221,90446.12807767408,76110.11001143637,1.1883589192563717
19526,31767,18529.323098291414,16827.12772595958,1.1011578089887448
19768,28221,63638.14940856014,51414.046023295676,1.2377580511700192
20068,28221,57065.68583197491,51087.96885086169,1.1170083116548173
20240,28221,33784.41882457727,24699.686622577163,1.3678075896597026
20364,31767,35955.03751359585,28625.206588301717,1.2560621144404116
20369,31767,37955.337977908915,33496.433555686424,1.1331157961879657
20371,31767,37516.86650654644,32734.096996853143,1.146109712760767
20373,28221,38171.827700399765,28154.19614933362,1.3558130908064747
20375,31767,46584.55331149763,32687.113090633167,1.4251657276165792
20386,31767,18443.097711339742,16248.10515255215,1.1350922177188651
20390,28221,69428.58481656219,53780.416600465665,1.2909640572765855
20678,31767,35170.26987048299,30328.201630982552,1.1596556333414079
20692,31767,42463.616067911156,33271.34918535191,1.2762817591601079
20698,31767,37038.14999354474,31511.306857759402,1.1753923809232432
20720,31767,36788.246015624594,31029.15947840464,1.1856024021929472
20758,31767,36330.333799499385,29286.717266333675,1.2405054984179686
20763,31767,31722.98431283822,27041.96101178807,1.1731022132237232
20774,31767,28097.805131287743,22391.935784639332,1.2548180470650772
20806,31767,30493.293082696855,25637.020974748626,1.1894241968570158
20817,31767,26897.087717553753,22644.738882722413,1.1877852889739355
20836,28221,36299.90355583752,24730.323783062777,1.4678296925775989
20842,28221,34498.41257570352,25495.1646113038,1.353135510268796
20864,31767,24547.800951799127,20413.272662591455,1.202541177867302
20869,31767,18443.097711339742,16272.620377892283,1.1333821648292266
20889,31767,19007.248675637573,18382.339131372573,1.0339951047469518
20901,31767,19820.233735421585,16788.36764754807,1.1805932626401778
20902,31767,16301.900172974832,15099.92483451719,1.0796014120355106
20908,28221,31296.867932671357,24110.189672275264,1.2980763883686979
20910,31767,20620.88702701329,16841.284540271638,1.2244248339670112
21144,28221,92605.89306965347,75528.60443000987,1.2261035904015494
21492,28221,90074.57693645437,59989.34002509304,1.5015097165392537
22279,28221,58175.35709564433,49542.573939651935,1.1742497910283796
22435,28221,59840.44961050198,49038.40046548838,1.220277354939742
29478,2271,54977.76927709486,17308.188925321843,3.1764021940309712
29562,2271,53837.45998283649,27278.346177701387,1.9736335785211854
29569,2271,55863.76032497652,14957.488136942562,3.734835676519918
29592,2271,56620.45447347214,33654.33784501428,1.682411781037617
29748,2271,84685.51059521401,53012.458154016655,1.5974643233705161
29760,2271,74480.94258201068,47911.05060436836,1.5545670913594989
29796,2271,51197.55626270804,36402.171157079094,1.4064423806422246
29799,2271,81852.28476162236,43729.67068313621,1.871779125773011
29800,2271,65271.603650992016,39815.43761872717,1.639354169004325
29819,2271,51197.55626270804,35842.564279641425,1.428401044726263
29828,2271,70534.10075772989,45921.7494855509,1.5359628400029308
29889,2271,70297.25058370584,39233.10584955485,1.7917839809387268
29907,2271,59292.2720347193,34775.429157872604,1.7050047539469826
29946,2271,54238.94710974962,22327.896387494995,2.4292009497198666
30038,2271,67340.30682625949,27914.243574541455,2.4123994851028554
30140,2271,44619.946741214175,16501.95460765748,2.703918887312232
30185,2271,70086.94043207046,42955.04638219426,1.6316346118793372
30200,2271,35818.73272966264,26861.502992702543,1.3334597375058836
30204,2271,32590.826591606845,19974.660950375866,1.6316085000177978
30236,31767,36953.46307719786,27524.57212796539,1.342562671106977
30246,31767,42408.98390455694,32365.29605577294,1.3103227553202785
30286,2271,35370.31794791988,22716.674436007244,1.5570200668041392
30328,31767,95201.07107329069,56616.13888331515,1.681518255236345
30329,31767,78924.23822484458,51333.429289243315,1.537482286253235
30335,31767,88635.69812676328,42014.61066238829,2.109639878350948
30350,31767,74763.6266019333,48738.70105321565,1.5339683862379134
30351,31767,76802.67695184107,47713.35317647852,1.6096684017945495
30411,31767,32063.078398953206,26348.18493899452,1.2168989428755987
30416,2271,62734.445804548086,24042.952175964605,2.6092655072226454
30418,2271,66064.5564822011,26721.664512798343,2.4723219038454536
30435,2271,8446.191061158086,5819.4116722357985,1.4513822937556655
30438,2271,27076.902238974468,20604.54120554745,1.314123035735658
30440,2271,31359.854949561333,17926.811024671126,1.749327022324465
30462,2271,30227.830501209526,19344.413229262416,1.5626129437456235
30519,31767,94451.1120002133,54332.179228683744,1.738400950248457
30547,2271,34407.732537463664,20130.83978196663,1.709205026224807
30549,2271,19649.868514117396,14622.960614102989,1.3437681351043405
30569,2271,41965.064398980816,24622.090993788835,1.7043663923412076
30577,2271,38248.89286610115,21649.55011693573,1.7667292234484033
30580,2271,42677.78375092457,27332.229249392127,1.561445404306849
30585,2271,26891.328149709287,17667.95987248511,1.5220392362101767
30611,2271,61129.96639159639,38812.231394703624,1.5750180856630231
30616,2271,44877.205309347424,23902.680651902345,1.8774967528914284
30629,2271,56788.91139323017,33427.95201112889,1.6988450675747027
30648,2271,44440.97606510686,23355.15363552319,1.9028338138402194
30685,2271,59789.71198984746,22143.035131774777,2.7001588370354215
30729,2271,36516.471895277486,13004.713514349576,2.8079412787513327
30782,2271,42275.35395825974,21064.16610273311,2.006979709145687
30794,2271,40538.87905868457,19760.30520001661,2.0515310187947144
30796,2271,40485.36440646145,21693.717897176342,1.8662252638461307
30820,31767,50451.98574019663,43387.520063169206,1.1628225274627833
30823,31767,48477.10897469045,41706.12476977726,1.1623498764819271
30824,31767,48477.10897469045,43325.15341527694,1.1189137291686282
30825,2271,52153.16867801318,32126.505291076133,1.623368872695279
30832,2271,64214.58031327779,29024.400018075037,2.2124343749840807
30836,2271,57280.66325832814,26152.06999214259,2.190291754172353
30864,31767,75266.8045258855,48833.55502006879,1.541292754438083
30865,31767,76724.74041087391,49803.66348537295,1.540544109439008
30881,2271,22356.013175151318,7264.553870729352,3.077410336955324
30915,31767,95191.82519822115,57863.717609221545,1.6451038600922998
30935,2271,30469.214104710696,17818.92329011563,1.7099357581056729
30938,2271,36765.62504067094,20644.49214671957,1.7808926845658941
30974,2271,45322.85555638119,22774.314610805053,1.9900864781624734
30977,2271,22043.581506769762,9594.728707238135,2.2974679305044217
31003,2271,18892.86346725898,11912.167661423257,1.586013898078536
31005,2271,35139.76006646504,27772.0288104754,1.2652932310516178
31008,2271,71411.23889845863,43891.47833059472,1.6269955265708413
31014,2271,61098.71017814104,25364.9625138592,2.4087837758387076
31035,2271,19742.34049440676,5450.955430030183,3.6218128634189624
31041,2271,56917.19305193608,31437.388564718683,1.8104936717235058
31043,2271,17166.351875420372,10704.47007376423,1.6036619988778034
31046,2271,17511.453155390664,13540.559573666556,1.293259193619046
31071,2271,53291.39781453402,32525.95105654771,1.6384270431288765
31129,31767,46702.91178320351,37880.77535212772,1.2328921820915226
31178,31767,51266.885158123965,44505.629195466514,1.1519191186571558
31188,2271,69484.28032222202,29642.48028741713,2.344077811589783
31253,2271,44263.771737387106,32805.092377854584,1.3492957504142808
31256,2271,50750.01220430426,34486.73154891452,1.4715808058621789
31274,31767,32505.05045226019,27103.604996317354,1.1992888199439429
31276,2271,36298.05449802746,29774.579653443736,1.2190954472074038
31277,2271,44863.16384840077,29468.762375034734,1.5223972855544088
31303,2271,42097.075339220806,26907.156880206778,1.5645307873530077
31326,2271,30146.58687219314,21916.730500402828,1.3755056609214156
31337,2271,42795.40757977556,21172.04034427651,2.0213171184205
31348,31767,86859.35913019218,44261.330422271116,1.9624208830037084
31350,2271,37897.61235347679,18630.840109032066,2.0341333043325496
31375,2271,44857.97096217526,19262.09895218753,2.328820502559037
31436,2271,57332.99789785092,31158.037376608143,1.8400709006432348
31445,2271,34920.33027666957,16079.865088729859,2.171680551047951
31451,2271,45830.842469174786,22375.942650214383,2.0482195179712654
31474,2271,26773.480368282533,13510.738583515587,1.981644467679123
31479,2271,56933.33003984625,21740.280621044305,2.6187946251593246
31486,2271,7040.655135005119,5570.789659649605,1.2638522660444456
31489,2271,51289.05700944532,27311.091559066623,1.8779570526692695
31495,31767,73427.97405261561,49727.57874213426,1.4766046509801203
31500,2271,48000.692189219626,24765.047967778253,1.9382434571365748
31507,31767,84854.81003189887,45903.584232628076,1.8485443228545198
31532,2271,55126.41822413575,26750.466869466425,2.0607647146173087
31548,2271,16127.953986843462,5428.072072405243,2.9712122042065987
31549,2271,2336.9334959159146,1956.6150513243635,1.194375712449992
31555,2271,436.14540825247343,335.69454070966214,1.2992329494857349
31559,2271,8443.722832907584,2969.403957115106,2.8435749917673703
31568,2271,33681.165347037684,13704.74518334239,2.4576279891709256
31571,2271,65266.87515945398,28085.802773539774,2.3238386912316877
31596,2271,11358.94796769379,4331.85925093282,2.6221876819399803
31606,31767,67755.5087402433,52180.530702773955,1.2984825533144946
31630,2271,60898.845508481674,27200.723467385225,2.2388685941203685
31682,2271,32419.337705301263,22117.10732846502,1.4658036977365991
31685,2271,24995.806914199577,14503.427089240216,1.7234414156322704
31697,2271,22681.843740840006,9966.27321726654,2.2758601180573472
31714,2271,42203.39499526122,21011.141990715703,2.008619760597013
31716,31767,1299.8218246524916,1087.084542892273,1.1956952503383174
31722,28221,22594.46203454427,17662.820994259688,1.279210271218133
31730,28221,27543.9424810189,18095.361283365288,1.5221548798994973
31734,28221,28198.27972279877,20521.257653535908,1.3741009541849436
31757,28221,33611.208725769015,26314.50284413169,1.2772883806643733
31816,28221,896.3500466371723,497.2128290273082,1.8027492339461388
31820,28221,2595.7102110958895,2247.259128460884,1.1550560316885463
31828,2646,21231.98942423069,16770.478710938743,1.266033593327415
31834,2646,32590.866795900834,18293.486559701516,1.7815557843246148
31837,2646,40980.386287797905,22762.928155284702,1.8003125963512645
31841,2646,50678.13338724411,28549.913367517333,1.775071354328632
31846,28221,64550.40264481875,44781.46813566081,1.441453470200441
31847,2646,37152.242510811535,21092.35218256143,1.7614082198726027
31856,28221,51527.69881420875,33246.13470757685,1.5498854007369915
31881,28221,39454.11778545301,30330.399039080618,1.3008110356417175
31902,2646,40300.60038007015,25508.17114915673,1.5799094393877173
31915,28221,22205.19382857875,16636.58595486916,1.3347205904393975
31935,2646,25233.884136108525,23288.59710975063,1.0835295924950081
31941,28221,1003.9243514858914,803.0072487527119,1.2502058394183344
31943,28221,1325.660515835154,929.0338099162733,1.4269238661557706
31994,2646,28818.549968212603,20020.841340535277,1.4394275184562304
31996,2646,28534.220862805643,18110.44385411114,1.5755671750876643
32033,28221,39224.62648860273,28404.56622227537,1.3809267911946521
32045,31767,11349.909642835188,10585.785765670753,1.0721839544157843
32050,31767,5265.57892337302,4879.584311515323,1.079103994769962
32056,28221,24441.398720820725,17824.229983087364,1.3712457000393343
32083,2646,24341.646662843454,15229.653557926755,1.5983060002158798
32125,31767,5217.149973218045,4154.975544717687,1.2556391528827946
32152,28221,21705.48016295247,16599.294863068,1.3076145909815298
32176,2646,23745.789996975316,21971.484581778965,1.080754917064994
32182,31767,22275.458396933816,15730.293582436847,1.4160866280210282
32187,31767,4218.459899260552,3410.970944665437,1.236732873922008
32189,31767,5994.518132442257,4997.251186838267,1.1995631014567743
32191,31767,2292.7026285482034,1434.827360310511,1.597894417103978
32194,31767,4388.911905216473,4017.5462174835343,1.092435946627529
32291,31767,27284.878921617004,20825.932759657237,1.3101395858951228
32310,31767,4068.1934498515498,3327.702495449926,1.2225231839126607
32328,28221,29160.561396223675,22575.830281551593,1.291671714065505
32346,28221,44832.24686253617,27716.33640737891,1.6175387036578364
32353,28221,37270.95900373947,27609.019508592708,1.3499559081458756
32364,31767,15389.17013733976,13272.373125004931,1.1594889619511086
32369,31767,30270.563339102748,25462.260443495423,1.1888403783425934
32379,31767,19996.052895236564,17749.151786083916,1.126592027395603
32411,31767,1950.377086348056,1914.1405482828593,1.0189309704022016
32437,31767,11715.747605315655,11467.714551474952,1.0216288130234983
32497,31767,2631.2393870971346,2229.1479058123864,1.1803790050163634
32531,31767,9196.929431503519,7068.195512524661,1.3011707748047991
32542,31767,4823.433881525677,4114.121209088824,1.1724092792574645
32550,31767,6852.91499846568,6205.6991746012345,1.1042937799037018
32552,28221,28897.50659741746,21832.998929679146,1.3235701925554089
32559,28221,17338.32400584819,12896.186198517522,1.3444536034879297
32604,31767,2750.7263164135106,2442.588864706047,1.1261519923225174
32620,31767,31591.673213556835,22838.672009773192,1.3832535096628225
32624,28221,8859.308352100035,6032.2062492778905,1.468668010673636
32628,28221,19192.840099083653,13667.441971106615,1.404274489670993
32636,31767,2440.4637508032515,2159.5885172152653,1.1300596068875972
32685,28221,13739.253804509026,6478.108381485011,2.120874334825424
32687,31767,1028.2410915032563,857.8245694454395,1.1986612742602913
32724,31767,26237.32736774469,22356.83895747333,1.1735705310421
32731,31767,4949.5887371029985,4768.504564103931,1.0379750444955473
32754,31767,9347.659609832128,8626.190400371872,1.0836370606228625
32792,31767,8030.161365380336,7362.254429735726,1.0907204365210432
32802,31767,12926.722336801153,9292.297233312494,1.3911223470617575
32804,31767,24016.499535352134,19983.163908377213,1.2018366883976812
32827,28221,23953.267952360347,16792.306195526635,1.4264430194073847
32871,28221,38298.60649242225,30009.478699465973,1.2762169871715827
32883,28221,15759.701247895684,13432.610497934491,1.1732418840194188
32898,31767,34793.08964287083,26689.496040773567,1.3036248264005208
32916,31767,26578.951897489354,22825.017787433604,1.1644657693157414
32932,31767,21817.935892912672,17260.705741662154,1.2640233962305918
32941,28221,14682.820159426707,12544.027620914294,1.1705028562713355
32942,28221,15305.093263680603,12668.194718198338,1.2081510905175985
32966,28221,22886.407942035923,14904.344333527259,1.5355528180164923
32975,31767,23281.82602185951,17592.637124943438,1.3233846555528475
33040,28221,37289.68448065318,22218.07045734131,1.6783493666675227
33074,2646,43624.85725114941,21990.93204086436,1.9837657253491618
33091,2646,46738.054805453074,33471.67674712983,1.396346384393809
33139,28221,51812.618218463,33485.20044079884,1.5473288956435145
33140,2646,38341.72009936038,26598.623140138487,1.4414926628852847
33144,2646,52564.52476079205,29324.264963845784,1.7925265927585718
33149,2646,42224.4907668973,29041.513333062652,1.4539356225223405
33157,28221,44919.4448619292,31948.949418986736,1.4059756479890482
33164,2646,46446.64944803268,27402.063111464133,1.6950055643292388
33168,28221,43290.65193191069,32656.278332770555,1.325645607585006
33182,2646,42363.17938818734,21337.844079108585,1.9853542481203243
33183,28221,56137.59979834299,37662.09161617055,1.4905598013637622
33184,28221,50037.574325163565,37235.32116414697,1.3438201353112966
33189,28221,41459.69682043659,32522.039088295172,1.274818491788792
33216,2646,39347.277963070344,25619.187613072176,1.5358518996517054
33230,28221,57582.019944911204,36324.89457451148,1.5851944133463627
33241,2646,41344.17653905407,22179.397546796245,1.8640802326493366
33244,31767,58320.354220876434,44193.30531281462,1.3196649087020298
33263,28221,52791.30837691025,38939.59732628795,1.3557230172298438
33265,2646,25775.57584657875,22318.905702657452,1.15487632727037
33269,2646,23745.789996975316,21955.09269136275,1.0815618194277556
33281,2646,70952.5668365468,32054.866039762746,2.2134725738218046
33293,2646,23753.521518782007,18580.369704913137,1.2784202842046224
33302,2646,28682.479513657538,21321.749529424418,1.3452216702046504
33311,28221,67010.00933349684,45976.335818066866,1.4574891222010906
33316,2646,54666.589845019414,29115.077885230665,1.8776041081020216
33321,2646,14717.42483007521,13080.023040260321,1.1251834025654974
33323,2646,54230.29297451844,27724.34354066645,1.9560532748042418
33348,31767,16704.362415474756,15137.197363464331,1.1035307272793435
33350,31767,29031.566754499254,24558.449002417725,1.1821417041296525
33388,31767,7204.862280343676,6729.528405169197,1.0706340543580077
33559,2646,50044.22875881447,34354.67683023299,1.4566933348292852
33560,2646,50044.22875881447,35736.90316829777,1.400351578398901
33702,2646,37648.61598509585,25131.365309897406,1.4980728472507148
33706,2646,36974.73902914431,26843.975249052357,1.377394319809231
34463,2646,36339.04071605452,29127.042211345404,1.2476049044863176
34528,2646,53364.88449566551,36766.641426119175,1.4514484441800244
34615,2646,36125.59863096889,29885.863051865348,1.2087855240544603
34626,2646,30993.41009102317,25961.912646863948,1.193803034183115
44460,2646,83789.90866897475,62360.139529515574,1.343645304534899
44467,2271,35861.321293457724,17006.74547920333,2.108652789407043
44492,2271,88341.66005858485,43351.24015636999,2.0378115998511754
44503,2271,45273.222809903724,22411.189890585174,2.020116871568822
44514,2271,98698.91018918862,46621.62868775333,2.1170197817459577
44542,2271,35659.64381732079,16741.723150047965,2.1299864713877215
44545,2271,88006.7562085702,45451.726287060905,1.936268727236962
44558,2271,35409.276340608776,16706.116050679564,2.119539708283567
44560,2271,39135.60901914588,23463.016347272936,1.6679700699988873
44585,2271,41502.29425062025,20346.540608239673,2.0397715292108773
44587,2271,95081.77675434086,48857.000743604855,1.9461238984627316
44608,2271,90012.09547045008,48491.626175062745,1.8562399855490845
44615,2271,108245.65168406871,50713.45191965252,2.1344563934548746
44685,2271,89602.19990750322,46319.874141208114,1.9344223525812503
44686,2271,35839.62994239922,17997.78077114014,1.9913360651591498
44688,2271,33246.222286008946,19195.802318218026,1.7319527329397524
44690,2271,43711.4038208158,19506.545749244295,2.2408582422907566
44691,2271,82541.62949885064,43137.97723907362,1.913433006870009
44693,2271,36815.54652115618,18928.6504138254,1.9449641530843782
44716,2271,62419.701082778236,37318.377131448215,1.6726263541127335
44725,2271,85899.81472545114,44729.20010135157,1.9204415578819065
44730,2271,45982.97754515971,24382.34441353042,1.885912887016825
44732,2271,48116.219356034,29943.079124303782,1.6069228938108673
44737,2646,91909.30441035875,46294.254616310864,1.98532852882302
44773,2646,87947.61770869078,48643.84155612471,1.8079907938031132
44802,2271,98241.57006179566,49358.158076536856,1.9903816084355925
44837,2646,94924.2059054581,54184.384192044956,1.7518738529724647
44846,2646,111970.2273802548,72771.88494651594,1.5386467928176915
44851,2646,90705.58099059289,64250.64710514513,1.4117457967723608
44856,2271,78578.640226508,45981.29953841021,1.7089260420068768
44863,2271,92759.0103621615,51244.49138263158,1.8101264713420597
44878,2646,92650.5553760659,49867.9651739149,1.857917303281704
44882,2271,118519.28190424183,53347.028166833006,2.2216660604522263
44889,2646,87938.01395559701,48854.57490697129,1.7999954788890962
44895,2646,142169.67693546257,59102.708315266435,2.4054680570152427
44932,2646,96605.81748211577,55672.78409540226,1.735243154295457
44949,2271,91402.54537560976,51901.599876240936,1.7610737548275697
44964,2646,103524.0664403872,59020.82175355911,1.7540261786366
44974,2271,91732.3889860399,48874.74217526303,1.876887424942129
44975,2271,101685.82010379457,47597.38287560258,2.136374186151243
44987,2271,83891.29186379764,50179.98136214566,1.671807951827635
44992,30247,83755.15040986329,41658.67212665613,2.0105093641780023
44995,2646,84133.86817336897,61852.936286772616,1.3602243195584747
45017,2646,107444.01027102664,63737.93297901233,1.685715322873835
45018,2271,103664.11176224644,55656.09319857282,1.8625833364262205
45030,2646,113525.10758297822,71628.12499951154,1.5849236257929744
45037,2271,105059.94660605204,56133.36474248298,1.8716132034490411
45053,2646,107228.990065471,69683.87814164555,1.5387919404759303
45056,2646,100629.78854476528,67999.8459497182,1.4798531840671367
45058,2646,119886.767270489,77094.77930882032,1.5550568838164234
45073,2646,88330.20655376067,63337.43597295981,1.3945971319626964
45094,2646,76414.16482270711,59280.467703583396,1.2890276980403785
45099,2646,91053.64601674775,63591.414741035616,1.4318543845509184
45131,30247,77797.6579849787,40777.70764967116,1.9078477547917305
45136,2646,75466.91424434898,59890.54782194525,1.2600805467452445
45140,2646,84512.73561149472,62565.77056958251,1.350782302241509
45158,30247,71078.24908713582,34465.13568758674,2.0623232048593376
45184,2646,89376.75821574342,64591.75093301792,1.3837178420573817
45227,2434,72799.89815882048,40787.71821707093,1.7848485117843993
45234,2271,115972.6254551739,65135.08529085155,1.7804939524883474
45271,2434,61944.39830389807,34844.38898182483,1.7777438524236677
45281,30247,80587.46053162424,39370.61079787453,2.046893835235466
45307,30247,65197.17406859943,37204.31137434304,1.7524091069069196
45316,2434,68239.12722029192,32680.715944369684,2.0880548436102524
45321,24206,89354.2060502612,33764.08169299697,2.6464278478746306
45328,2434,66011.54681262975,30756.174406400794,2.1462860087986697
45350,2271,86213.9397061819,47799.48090618666,1.8036584931829935
45367,2434,74798.28351614458,41612.32160088891,1.7975032547702594
45381,2271,120782.37698557448,60768.49361705321,1.9875822123667028
45382,2271,111920.98432539238,58549.94353727917,1.911547263134959
45393,2271,82280.89630275386,39290.70065358262,2.0941570125767477
45397,2271,89664.72419973649,48746.18958339884,1.8394201673205859
45413,24206,80052.61378616943,31576.93537881282,2.5351609592830324
45419,2434,77014.72737584844,43416.58185875817,1.7738551511583982
45421,2646,100846.09734924471,55813.564194244645,1.8068385132738702
45428,2271,88786.42467869021,44529.33185106296,1.9938862989378265
45429,2271,24391.706291841798,11767.264088656375,2.0728442999214547
45456,30247,83350.29437218214,39861.38798557172,2.0910033138422506
45460,2271,94944.71594604841,49088.08046732198,1.9341704756463898
45469,2271,32039.61645823223,15311.571027756601,2.092510063151016
45472,2271,31058.766557577143,16283.351306804137,1.9073939984700183
45479,2271,74958.87521068912,42004.77373213898,1.7845322936077637
45504,24206,96002.79530626228,36929.88298599377,2.599596520321303
45510,2271,105175.09426109848,54359.53734437084,1.9348048088564134
45512,2271,84084.21288385932,39187.23465404928,2.1457041719367855
45513,2271,91974.58471983997,49812.207539630515,1.8464265942573441
45559,2646,87541.8731893087,52427.12183083942,1.6697821686982934
45561,2271,90077.19065772733,46301.71650733982,1.945439552839216
45573,2271,85912.50831501411,44069.25462746638,1.9494885729578173
45595,2646,83138.52821686726,45859.40008343217,1.8129004754884066
45599,2271,104985.93520851956,51016.45870460597,2.057883629602872
45659,2271,53208.355901758,26816.093411461603,1.9841949043560514
45671,2271,65002.54993634181,31899.816928323053,2.0377091844256845
45678,2271,66841.65185830626,27938.412892152606,2.39246417168818
45682,2271,70432.9982034545,27548.344301440382,2.5567053116789986
45694,2271,37248.06390717935,18771.19578507181,1.9843202496881769
45695,2271,43647.61633069111,18774.705599371468,2.3248096274890364
45712,2271,28221.79785473197,14596.573749810883,1.933453585646948
45743,2271,118601.81799403096,61929.59218662504,1.915107363158859
45756,2434,101155.31575490662,48894.37994983193,2.0688536363217414
45766,2271,42842.55422386975,22072.204751814268,1.9410183398352276
45773,30247,83352.56801042455,40580.48726166873,2.0540060909805096
45781,2646,75339.86454200467,51329.81549159407,1.4677602835790937
45784,30247,83350.29437218214,40232.052674488456,2.0717385475346473
45795,2271,93678.38921636788,53921.65282273357,1.7373055964054707
45803,2271,44160.60810128655,26831.810065352987,1.6458303779628216
45811,24206,96779.5608858065,37986.17629230982,2.547757377343589
45816,2271,35224.54960106594,20788.479932213795,1.6944264186667173
45831,2271,66564.58801952311,28493.630252573512,2.3361217026219774
45852,2271,85912.50831501411,45765.64524424438,1.8772270740751487
45875,2271,48674.52830911386,30190.09150617317,1.6122683264858955
45879,2271,81066.3244405407,42793.93588207305,1.8943414007053385
45880,2271,104727.8817353225,50307.680001538225,2.0817473938794295
45882,2271,105192.31858553852,48939.32065113071,2.1494437843837977
45886,2271,31424.00580876,16247.92363333065,1.9340320965257034
45905,2646,96543.17835398328,67740.93379337392,1.4251822782435082
45913,2646,103524.0664403872,58419.24754169729,1.7720883235700002
45915,2646,79079.46287306571,52007.15666009633,1.5205496310807014
45940,2271,49743.53950409756,25643.789234965392,1.9397889698871835
45961,2271,81992.15477756053,44800.24732706835,1.8301719224666155
45965,30247,66236.99242791234,38708.99050495306,1.7111526692858834
45975,2646,74822.64474120445,39114.50590120334,1.9129129466749206
45981,2646,26174.729944614144,13702.363621614235,1.9102346622392858
45989,2646,27879.23379552577,15697.648645047382,1.7760133651813954
46004,2646,62682.333975127964,51515.66169558505,1.216762668128553
46008,2646,8875.717590140053,6726.697632633052,1.3194762236794346
46021,2646,11645.570914432032,7205.962915872221,1.6161019769864349
46022,2646,16854.850295039734,9642.917939638928,1.7478993807211483
46029,2646,4795.811887582839,3440.681172198923,1.3938553581580062
46054,2646,12577.188706113762,7832.499937734642,1.6057693975228302
46058,2646,6594.645308165004,6065.128063279525,1.087305204335481
46066,2646,64308.400081058884,46341.85625610464,1.3876958170528073
46075,2646,7462.55114541834,6040.256971889247,1.235469149764374
46081,2646,82009.50483506105,39687.498442435346,2.066381305287144
46090,2646,5754.003693120782,5293.86967160273,1.0869182752998803
46104,2646,13490.822250172467,6505.423269011738,2.073780858262572
46111,2646,1082.4814811101041,855.0559532043891,1.2659773632981797
46115,2646,20021.36847193364,18504.191406021997,1.0819909950465545
46120,2646,7340.181908584982,4229.254417084755,1.735573504146058
46123,2646,50996.17076072862,29122.015203445702,1.7511209442228015
46125,2271,102304.92520323531,51842.499228119144,1.973379499955619
46130,2646,2202.3825381749425,1606.4735141207766,1.3709423272877967
46136,2646,10306.965797477635,6217.374217486505,1.6577682856034404
46137,2646,12887.353463182713,8546.435147144484,1.5079215183056303
46138,2646,26814.283768325662,19352.855693487283,1.385546618701308
46146,2646,12826.618713582691,11666.900283867011,1.0994024463652388
46151,2646,29393.60628369261,19803.305511519146,1.4842777770910518
46158,2646,28796.410867834467,14496.968089054384,1.9863747157984408
46161,2646,24749.21682238388,20735.677563013865,1.1935571792710042
46165,2646,25363.28825107681,23404.228942670365,1.0837053556947014
46177,2646,34793.247479365375,22565.36214438635,1.541887396122335
46208,2646,6135.243378818103,5624.752346523408,1.0907579571232542
46209,2646,20038.158434754478,12910.78196982631,1.5520483950225095
46211,2646,9677.399171040492,6535.0891764052285,1.4808365899551137
46224,2646,13273.616212823634,8424.298351991258,1.5756346295221297
46232,2646,22303.518030081534,11371.241063825293,1.9613969930718025
46238,2646,6199.215923345719,5611.610939861572,1.1047123526169906
46244,2646,69082.32594849201,32121.727963485693,2.150641647517257
46247,2646,30599.55484702283,15951.410553822398,1.9182977419943803
46254,2646,28649.55596070334,16182.42274799251,1.7704120332820636
46256,2646,2932.2297566496763,1374.232951422482,2.1337210358800496
46259,2646,16907.162288045336,8339.3621268774,2.027392746689137
46262,2646,37425.96082512657,21913.080148846577,1.7079278937925362
46274,2646,47269.4466860261,30377.78412494814,1.5560531502758779
46289,2646,11871.776708669875,8498.49768703386,1.3969265093503078
46291,2646,32342.221958761205,15609.372649283532,2.071974491572261
46296,2646,12887.956144189193,7997.754948682313,1.6114467406021955
46298,2646,4573.069379825096,3974.9448720067403,1.1504736611646122
46302,2646,12433.687358696194,7875.348866427357,1.57881099232328
46314,2646,37863.740511596,24285.0386758123,1.5591385715727921
46320,2646,21809.97431742263,17630.722478546504,1.237043708444821
46329,2646,55653.449116178395,32020.290286800333,1.7380682254189406
46333,2646,6094.954149359235,5030.060884525308,1.2117058400048415
46335,2646,15261.838513917315,11010.747760923061,1.3860855634238844
46341,2646,50423.35029671284,36070.7832692686,1.3979000655545029
46346,2646,72598.97375381674,56326.349288841666,1.2888989730459721
46347,30247,74942.73472412615,56439.07191175969,1.3278520036845436
46348,2646,40692.17102434784,28165.63408183712,1.4447454265050108
46353,2646,9921.990040624287,7317.665379924167,1.3558955657968483
46354,2646,67486.20445935859,35322.284475662665,1.9105843651153742
46357,2646,85583.01201001187,43226.72108800091,1.9798636088030381
46359,2646,17650.00669245274,11687.381691105074,1.5101762874644236
46361,2646,30430.20258074577,28311.48872259389,1.0748358335696082
46370,2646,9580.645390329839,8345.908008723893,1.1479452421851868
46381,2646,61516.34128883077,37858.98693620133,1.6248808081551682
46390,2646,13761.23964783262,8492.558318498512,1.620388006975219
46397,2646,50166.02861920748,30998.856009301835,1.6183187084115023
46398,2646,65204.851126851485,49357.64311213342,1.321068977680225
46399,2646,36946.29989467405,23488.961675559563,1.572921800673588
46400,2646,15461.150854736563,10284.699038209803,1.503315828425816
46401,2646,12320.076864286133,7931.604206186696,1.553289415863238
46408,2646,19965.91408173724,16232.38148489384,1.2300052275334887
46423,2646,28012.730263227553,18166.477488885117,1.5420012096658098
46433,2646,19420.440712758216,17807.707397934595,1.0905637811080988
46436,2646,83138.52821686726,45597.46035165062,1.8233148858663937
46441,2646,16236.564012885296,15164.952728863618,1.0706636745383364
46442,2646,13591.01322834577,8368.047855429819,1.6241557724274842
46455,2646,25705.99093500493,12594.36025448943,2.0410715920121216
46460,2646,27771.561460663957,14411.203505897933,1.9270813467659493
46462,2646,21074.059206973216,15679.640772279816,1.3440396698520187
46475,2646,61485.48352828503,33882.211496299635,1.8146833046892474
46485,2646,43955.322491164974,33095.76751097347,1.3281251893188708
46492,2646,43791.94480957871,39124.68960268457,1.1192918143067871
46496,2646,71983.9632099514,56864.92082271054,1.2658764343377518
46508,2646,39490.90859284978,30861.34460197657,1.2796237202937852
46513,2646,56195.964642801846,39386.075819577854,1.4267977571623982
46532,2646,31184.917593530943,28687.06224641325,1.0870725390303777
46538,2646,43234.25777308276,22882.88476569214,1.889370951948464
46556,2646,33843.348004618056,30649.082677488143,1.1042205850250817
46561,2646,39631.04244683285,24529.545442760747,1.6156452038343383
46571,2646,68608.4865485236,40589.444188931855,1.6903036717913993
46578,2646,40993.23746524795,23809.425229494915,1.7217231020959662
46587,2646,49621.022912331595,34961.65894209016,1.4192982945838735
46590,2646,48790.97485613625,36808.275158760305,1.325543635111739
46601,2646,64854.22648391249,46062.192946856965,1.4079708831652096
46612,2646,38204.98202614038,33747.81019425978,1.132072919879072
46617,2646,40286.99003232091,36086.56950884596,1.1163984435385383
46620,2646,48969.97452660301,35720.148801492396,1.3709342253511843
46623,2646,59009.094865108906,44582.37740065641,1.3235968628321755
46645,2646,65661.86143312638,50171.8796463394,1.3087383190738628
46650,2646,60329.99444153095,47512.41586983607,1.2697732442570302
46667,2646,64139.63410407806,50918.79902129678,1.2596454617331345
46708,2646,77647.19196131229,32428.781895800632,2.394391260541526
46715,2646,72776.54093757372,33242.893163301116,2.189236074612069
46717,2646,62097.94687256745,34247.019078913625,1.813236554383854
46728,2646,63392.008166939086,51207.59129097483,1.2379416131239065
46729,2646,72766.45998601767,33630.90871017128,2.1636780799803454
46741,2646,66642.85428759507,54580.298541895965,1.2210056754533847
46754,2646,60475.21454567439,49209.84559601074,1.2289251025525854
46756,2646,60434.31638656869,48063.84152878665,1.2573759080487366
46762,2646,66633.54707055382,40235.92712887285,1.6560708755916385
46764,2646,67630.0869204726,35290.79621820714,1.9163661398373624
46765,2646,60434.31638656869,48003.667649917465,1.2589520623154427
46776,2646,54383.406088976,48351.98188817535,1.124739958224456
46778,2646,74965.8337750884,37482.0254671393,2.000047565220598
46796,2646,82008.92213104144,40744.241381240456,2.0127733233192595
46798,30247,69145.48189885229,45247.8982590297,1.5281479264079094
46861,2646,70137.47634456906,48533.19679823009,1.4451443748112391
46867,2646,78931.99594958682,46268.95515540497,1.705938586347487
46871,30247,78365.03751727588,46319.8430123397,1.6918243331783158
46882,2646,66567.85911448066,53492.071521276346,1.2444434702440612
46892,30247,61744.452663232616,50087.073107222,1.2327422792514853
46906,30247,72921.19515499927,45256.06111014544,1.611302295564823
46909,30247,71097.63857155753,54296.35095459883,1.3094367728506746
46946,30247,57549.08844291842,47331.37191813611,1.215876196076775
46948,2646,88314.13763566459,52758.44601280339,1.6739336411506998
46958,30247,77539.43415848543,55378.48586665513,1.4001725208809654
46960,30247,55115.253483815264,45895.37666689301,1.200889010756787
46970,2646,2710.0819597742693,1103.3866493811322,2.4561489495040574
46980,2646,69890.08446450581,56219.57794049509,1.2431627384054733
46984,2646,3631.9907444697806,3325.194634761417,1.092264105836432
46992,2646,65329.029122842134,53255.358955049174,1.22671277416389
46998,2646,66852.65168817362,46271.94932034592,1.4447770770439166
47012,30247,70653.86292430553,49756.47202115533,1.4199934210420928
47013,30247,78661.76636649789,46071.31188766865,1.7073915012077685
47017,2646,48623.47636145316,23048.470795795987,2.1096183253216965
47028,2646,64008.31144043727,39277.35288008612,1.6296493207130034
47041,2646,53664.52246493929,26508.540027046027,2.0244239181104153
47046,2646,37490.35104300251,21254.949662065726,1.7638409706475353
47062,2646,31061.606227062584,28533.7005449188,1.0885936851465958
47066,2646,32238.485381766182,28402.34821277365,1.1350640848515219
47068,2646,18625.83299473216,16060.500489339483,1.1597293002852231
47089,2646,69932.93400789985,47103.70276814612,1.4846589524420997
47107,2646,6828.420481846038,6323.290955178157,1.0798839607806168
47108,2646,8712.307697876995,5718.8013535074415,1.5234499608092844
47110,2646,7754.644175826607,5948.415121303324,1.3036487900877252
47111,2646,2406.922598156286,986.8093673806997,2.4390958149748925
47112,2646,367.7727149599148,351.44904447258125,1.0464467630345402
47114,2646,3104.544050703303,1425.4400496247358,2.1779548368383583
47117,2646,1750.4531798702956,1556.5850244176295,1.124547103056705
47119,2646,762.0320909352731,372.77407840807956,2.044219636165444
47122,2646,52461.58023656169,22151.258747967888,2.368334045187135
47154,30247,55064.40676576094,46281.3425755205,1.1897754840605261
47156,30247,59895.678220845046,47730.84093972753,1.2548632507120239
47161,2646,56932.85758322146,49677.33969556164,1.1460528670038275
47169,2646,85357.19353830817,42015.12108275477,2.0315827097150336
47184,2646,11028.175227076226,7997.2693857532295,1.37899259048625
47185,2646,43536.46761517968,23848.591248476107,1.8255362407606195
47186,2646,14829.627628204355,8402.427345360213,1.76492185158771
47188,2646,13159.008520634447,7433.711080659102,1.7701802475040123
47204,2646,52878.252774483946,27882.37282262208,1.896476067904153
47207,2646,24858.85421939426,14184.156225558068,1.752578991946079
47208,2646,5543.450372108507,4748.42353922242,1.1674296377143047
47215,2646,39283.99661583275,20683.840161073305,1.8992603070760854
47227,2646,47968.55025954927,35500.434280694004,1.3512102381698392
47285,2646,33277.8492224834,30266.34768959233,1.0994999979441402
47295,2646,62381.50485557426,21140.003381532584,2.9508748759269023
47298,2646,65189.68423925334,18722.678298338527,3.481856772865576
47318,2646,9201.556934653889,8782.941736572422,1.0476622993339852
47321,2646,13519.99987947182,10522.59049681138,1.2848547022302859
47329,2646,22492.21863469567,9438.922949835021,2.3829221569277457
47330,2646,22769.82519950028,9730.450176217722,2.3400587626615885
47339,2646,25609.319074427865,12969.778144101207,1.9745379442805084
47350,2646,23057.22091742473,15922.960659283219,1.4480486016890444
47353,2646,23822.925774538366,21443.099044891373,1.110983338959765
47357,2646,26999.420961306754,20902.85164654728,1.2916620860085617
47366,2646,9337.82130101977,5980.943851130852,1.5612621575195385
47369,2646,11332.695994710246,9665.486202729013,1.1724910425624013
47371,2646,8943.899286924974,7409.958938634679,1.207010640813744
47372,2646,8548.806131736836,7165.243917110814,1.193093526282062
47373,2646,8833.28475656438,7071.512031043016,1.2491366369437558
47378,2646,15261.838513917315,10907.88855823276,1.399156072455324
47381,2646,10762.69497425621,9248.897112517732,1.1636733378393471
47384,2646,4061.8326324271857,3608.028340276328,1.1257762548827712
47385,2646,6900.98677734939,6439.163684445487,1.0717209742655693
47386,2646,12261.82047787291,7123.523191166674,1.7213140392492634
47391,2646,7766.031103414097,5595.395779588933,1.3879324018049408
47394,2646,22418.29152314198,14455.518002393455,1.5508466399772112
47405,2646,10886.140304417166,6297.624766531905,1.7286105012592154
47407,2646,11827.543738582675,10752.700011392946,1.0999603565663403
47436,2646,55933.94917647263,35374.86010258432,1.5811779612489933
47441,2646,64441.264156384816,45779.45987541511,1.407645794243886
47446,2646,28480.98544737205,16254.323262833846,1.752209857453429
47450,2646,12433.687358696194,7945.267365726372,1.564917426483543
47458,2646,22418.29152314198,14382.725824390533,1.5586956044955376
47462,2646,76540.3769811075,31233.73076404559,2.4505678671347266
47465,2646,16851.05665845628,11332.294285951883,1.4869942690550977
47472,2646,24858.85421939426,14009.958781064153,1.7743702610312788
47485,2646,13273.616212823634,8114.302758920759,1.6358295477982743
47497,2646,5295.3626547757885,4137.66302282892,1.279795533265865
47503,2646,46597.56893773883,37576.963870583146,1.2400567831457348
47523,2646,50444.28159969673,24019.94274523404,2.1000999933568005
47527,2646,5756.354233463046,4870.183474912791,1.1819583929671402
47536,2646,9642.301517244545,7035.519577152338,1.3705173315923478
47538,2646,9105.993627194557,7909.268304531759,1.1513067045629382
47544,2646,1784.9272383429504,1348.1805714907491,1.323952648545639
47548,2646,12738.954185280685,12070.753356642359,1.055357011190244
47557,2646,2916.9964813869547,2555.7184853936246,1.141360638136828
47561,2646,65520.85955788649,50026.445801221635,1.3097244569048814
47564,2646,60475.21454567439,48687.66338357204,1.2421055015361375
47570,2646,52967.302040508555,42273.32598238376,1.2529721948677806
47571,2646,66497.04055920354,54926.22706078084,1.2106609923455793
47575,2646,21334.46938344887,10632.795542555534,2.006477910542165
47578,2646,22624.791758302836,12960.393062509533,1.745687160040652
47583,2646,4688.210145454155,4196.947853016461,1.117052274567722
47595,2646,65189.68423925334,17638.340440418197,3.695908039617571
47603,30247,70391.31510998796,52717.463400931265,1.335256110003663
47606,2646,10668.887649384691,6641.295026263945,1.606446876278355
47644,2646,33955.23557469911,20309.525127391873,1.6718872234438897
47688,2646,56047.189233940335,32815.528448094024,1.7079471788056986
47717,2646,53793.91000204501,33328.948155950406,1.614029634248775
47723,2646,53271.106892093114,36168.35438595121,1.4728650997952257
47740,2646,47610.8014256565,32660.949385085,1.4577286429830028
47741,2646,49365.98936594241,30914.664401073693,1.5968470084452182
47749,2646,36339.18154150279,23951.169656866707,1.517219495419694
47807,2646,40328.19765782356,29007.12263131112,1.3902860401014803
47817,2646,36353.79950648588,21230.32145036557,1.71235275883493
47818,2646,36307.730452619,22193.29101613611,1.6359777568013991
47838,2646,40291.521806391305,20376.129864172817,1.977388349749162
47854,2646,34458.09727133967,21183.470639372852,1.6266502245054129
47857,2646,30291.887657760748,19914.245933761933,1.521116479053064
47937,2646,54538.661340219274,28502.550056338874,1.913466031369711
47997,2646,98571.92682087967,50725.29107437271,1.943250097399242
48055,2646,97653.66271574867,48798.845921483386,2.0011469712392778
48064,2646,89629.61370449538,51799.499395571576,1.7303181449695237
48098,2646,94641.43775565688,54390.99065881808,1.74002048150438
48104,2646,86101.4746467902,53400.56320537603,1.6123701601357279
48190,2646,85471.28645756055,53084.35892978295,1.6101030167966657
48242,2646,90555.43401432654,52848.18463171027,1.713501317886158
48256,2646,55632.01631112271,31425.10370258294,1.770304939568111
48280,2646,36102.851372528596,19686.452070036932,1.8338932400865497
48321,2646,28525.07119837259,16810.78803923062,1.6968312926083442
48327,2646,53766.27388072184,31310.139367460786,1.717216050995886
48328,2646,49358.16864223864,28270.686229606912,1.745913354962977
48329,2646,49358.16864223864,28938.625081805163,1.7056155398782935
48334,2646,48158.12429217452,32648.416473479636,1.4750523760101335
48337,2646,50972.52728969579,33998.58878074439,1.499254207826557
48346,2646,40328.19765782356,28749.716647871028,1.402733743492736
48351,2646,40328.19765782356,28763.448901306387,1.4020640499753116
48356,2646,40328.19765782356,28687.066395077145,1.405797201513226
48361,2646,45330.64810104518,27183.558262324947,1.6675759539497519
48363,2646,40328.19765782356,27765.115358136525,1.452477223221961
48369,2646,31452.787292601344,19842.494051163627,1.5851226771947478
48376,2646,36339.18154150279,21227.392288823135,1.7119004090123904
48380,2646,29834.9801376075,17497.985240974973,1.705052308979152
48385,2646,34007.88024316577,17622.534189510792,1.929795106506747
48387,2646,36353.79950648588,21345.001029328865,1.7031528579705542
48389,2646,34458.09727133967,20320.050172198426,1.6957683164820478
48392,2646,36307.730452619,21390.720545547778,1.6973589260496424
48396,2646,37075.81613375576,19497.799920955036,1.901538444545682
48401,2646,34333.57675507156,20879.816657306692,1.6443428272660074
48467,2646,84646.26081490163,50734.634019425495,1.6684117753267305
48515,2646,46214.34883174522,26589.140651068054,1.7380911041173062
48519,2646,35748.052682056215,24305.80852083911,1.4707617173650838
48526,2646,45018.64784208031,22926.926163287022,1.9635710221882623
48527,2646,45077.09970996029,23715.664458458865,1.9007310458839901
48529,2646,45187.7742031628,24542.621469964484,1.8411959072287396
48532,2646,49358.16864223864,28421.19701427574,1.7366674815788523
48533,2646,53793.91000204501,33471.0646473038,1.6071765439459447
57538,20301,114389.09012334222,61915.142093837596,1.8475139724298129
58226,20301,105594.56328167341,56258.2242719455,1.8769622512655566
58235,20301,114805.86427859183,59184.291782059336,1.9398029582131993
58283,20301,115041.1758535685,52532.665725989995,2.1898979285312197
58302,24206,91234.65797433442,58383.43066205817,1.5626806602446777
58305,24206,72548.79956568703,49504.37670381084,1.4655027372580218
58310,24206,71187.57844440162,49014.03195741893,1.4523918070287714
58315,24206,64448.38870810526,46980.773978659985,1.3718034687419063
58325,24206,41201.253975531254,34343.06678877852,1.199696411183454
58338,24206,73610.58474175826,33077.53933275183,2.225394821581317
58353,24206,88544.8723283355,58275.37821960765,1.519421667151758
58455,24206,50030.36753883365,39001.98271796081,1.2827647225174057
58487,24206,41604.93069437489,31693.006007628388,1.3127480140053847
58491,24206,39761.96797434979,32898.68464990484,1.2086187760234604
58503,24206,53064.32751762243,38116.09470696057,1.3921764001686165
58505,24206,50150.792289740864,39138.62608821654,1.2813631264598673
58506,24206,48693.53262409298,34700.145248071785,1.4032659597238653
58508,24206,39702.544659624764,32933.6648851254,1.2055307175229244
58510,24206,41428.31933441666,33942.57041099021,1.2205416040325177
58539,24206,35579.250062585386,29190.847296774256,1.218849514742146
58557,24206,51499.60219066211,41755.67292791242,1.2333558192098053
58564,24206,38859.55076620373,30320.743403758643,1.281616029288602
58582,24206,87592.90077506418,52490.173530850836,1.6687485463080416
58587,24206,58582.99087448366,43019.493109772935,1.3617778044245503
58591,24206,80724.16810349685,52745.579549780625,1.5304442342378735
58601,24206,85110.45829163773,53551.53481418242,1.5893187485094702
58678,24206,54541.0678884026,40235.07760164215,1.3555601514777882
58714,24206,42063.17951788024,32115.78037600201,1.3097355575800134
58716,24206,34866.10847102617,29981.785949749064,1.1629096588663355
58730,24206,49528.26799781345,40728.476752984956,1.2160599154787581
58732,24206,46489.34422943167,38279.317258345574,1.2144768391681846
58735,24206,41469.470629812095,34654.91188374087,1.1966404868935312
58738,24206,56980.60826301234,28665.31342377822,1.987789472964431
58762,24206,51530.78889638391,37116.962801304646,1.3883352787306353
58770,24206,44734.20528118639,34484.81584563051,1.2972145619520412
58823,24206,73727.00437365568,49010.485849131255,1.5043108244347785
58828,24206,83390.76986497076,52817.72260360084,1.5788406950224243
58839,24206,36208.94734331701,29938.645135815324,1.2094384090882118
58842,24206,61649.92588783995,28366.669260518254,2.173322688033964
58845,24206,73958.11633609157,47448.96185186496,1.558687765751079
58846,24206,69394.04060039972,44669.56347450451,1.553497173528613
58942,24206,77010.40763489221,40999.72613282741,1.8783151717989643
58950,24206,35731.75316459219,29865.780300956572,1.1964111703938216
58954,24206,61264.48515944309,29523.975420135448,2.0750757405678
58959,24206,82808.27335992585,56056.373958292825,1.4772320703714625
59002,24206,112688.45415410459,68315.29007335973,1.6495348849883409
59021,24206,76448.14431617613,50923.631333247395,1.501231202776855
59028,24206,93831.53138188562,63330.23491122261,1.4816229801361112
59060,24206,33247.70383547428,26705.98627789532,1.2449532284450238
59063,24206,60752.732934785985,28502.326933838263,2.1315008095938897
59071,24206,79465.48016990033,34323.02859262111,2.315223435352209
59077,24206,73294.60616801241,33079.15030014009,2.2157342465867997
59117,24206,81018.05897285517,51439.00347313469,1.5750316589077953
59137,24206,65437.16976633199,37194.77790636755,1.7593106734246555
59142,24206,38515.92023614361,32141.89557134485,1.1983089220936096
59208,24206,62147.954579235804,36581.06780571481,1.698910346447756
59244,24206,84889.41742916255,56849.1937115455,1.4932387231364086
59249,24206,36309.740728734316,29649.486101746214,1.2246330544864266
59300,24206,97560.8123634125,61653.228388633324,1.5824120636219474
59311,24206,44167.101982595406,33773.92949674164,1.307727665709033
59312,24206,37230.45008650243,28431.181115016352,1.3094936132230754
59313,24206,73226.30291968273,49858.033652197635,1.468696167010892
59320,24206,104753.77088288723,60140.83924180254,1.7418076003514638
59354,24206,94634.74874756376,56808.154842286465,1.6658655612084798
59382,24206,73042.3916369892,57712.510108921946,1.2656249312174235
59383,24206,72110.9053739448,45640.073457737744,1.5799910015639826
59391,20301,78858.9458616771,53861.804613820495,1.464097729867791
59399,20301,67713.56532108877,52216.21624570483,1.2967918817108604
59403,20301,67713.56532108877,50140.29268232272,1.35048205143329
59406,24206,56402.177048561105,39495.23114421952,1.42807562874122
59433,24206,72110.9053739448,47715.49096197323,1.5112682258978212
59443,24206,61617.857666028445,45606.663354452605,1.3510713815465445
59452,24206,43816.174687336475,36789.02296825947,1.1910121865736916
59459,24206,57526.69310050195,44407.27275425598,1.2954340479057815
59473,24206,32732.605515313906,27929.966221870392,1.1719529216502538
59475,24206,58890.166568711225,43343.41394958469,1.3586877728923221
59480,24206,54541.0678884026,40228.137621203045,1.3557940067216943
59483,17214,1909.1136879424096,1162.4193692291092,1.6423622476357147
59484,24206,21662.565728637306,18151.702678271962,1.1934178359238956
59496,17214,65054.45226167822,32741.43099802816,1.9869153631555108
59505,17214,29379.24326851165,16389.072143085425,1.7926117483659256
59511,17214,34425.8718201956,14124.415606133041,2.43733070310161
59517,17214,47294.04420981048,22188.70149364232,2.1314471341804992
59527,9791,305.2142875751995,212.56901907865506,1.4358361764009633
59531,24206,46863.0996397959,30241.668679773105,1.5496201660042623
59534,30247,47368.570876350735,25425.747689972035,1.8630158473189362
59535,24206,12200.54949728571,7182.073450448307,1.6987503095675176
59536,30247,2531.4522593864044,1914.8931884647284,1.3219809202078807
59541,2434,3847.065488411397,3121.9437859426257,1.2322660983627645
59543,30247,2981.387110114954,2028.6951932541092,1.4696082092710478
59546,2434,4269.597507053282,2795.724345092694,1.5271882989993855
59554,24206,22839.854715550453,12185.155163139167,1.8743999899683181
59565,9791,1351.0474829730686,946.8934018735498,1.426821097601745
59567,30247,45395.43594286824,24728.622019286875,1.8357446649256257
59588,30247,51270.39617396458,28304.067326862783,1.8114144367267297
59593,2434,56466.21253874482,27384.02146648359,2.0620131563896154
59597,24206,86145.71737608207,28297.689160194634,3.0442668618065194
59599,30247,50273.316389880114,25722.40306200215,1.954456442840881
59613,2434,51384.42929605371,27329.794147533026,1.8801615928267803
59622,2434,53732.25867389968,29130.18860647557,1.8445558111475848
59660,24206,54633.48841640385,26619.2658332092,2.0524040279219555
59668,30247,51616.11310948025,30980.12438588034,1.6661041274903685
59674,30247,48570.83353067904,30784.294688160127,1.5777796445458194
59693,30247,51027.33837173036,28658.16706574572,1.7805513609669008
59701,24206,48789.99331931761,24465.317888407128,1.9942513537678868
59704,2434,47063.250857672516,24604.316255968035,1.9128046627289157
59728,30247,1184.561401274507,761.3324164640295,1.5559056407661498
59729,30247,33084.100511014396,19129.13383672648,1.7295137769121278
59734,27050,675.7604825445436,440.8524983510312,1.5328493885645753
59735,24206,633.0707322396952,475.6800934731423,1.3308749744337145
59737,9791,518.6386283928376,422.30981480391796,1.2280998693663938
59738,9791,3683.1117032373477,1927.7671183496918,1.9105584218027112
59739,24206,662.5585013344336,345.193168240025,1.9193847453948836
59740,17214,1099.7792312032211,773.3594860998968,1.4220802239712358
59741,27050,3482.580546890782,3084.871929775095,1.128922245775267
59742,27050,894.3385946618334,715.5422867959423,1.2498752500938914
59743,27050,3345.399324365316,3069.157658078733,1.0900056944156813
59745,17214,1099.7792312032211,753.2225157968993,1.4600987200172442
59746,27050,2556.3362180792724,2164.486739823449,1.1810357490514287
59747,24206,3114.405779791276,1788.412644544561,1.7414357862496515
59748,3370,1941.438254586936,983.0928509097306,1.9748269482281104
59750,16647,1124.8955409641,658.6520195430566,1.7078753387023735
59751,16647,213.76398212562262,197.73552157697668,1.0810600969457387
59752,9791,2197.3844544207864,1643.88691764194,1.3367004937132818
59753,24206,551.5548803345715,452.8173093639714,1.2180516710133877
59754,27050,2312.9614343543462,1883.1411970955608,1.2282464203543066
59755,18661,494.02485446517926,348.9662536135708,1.4156808841815394
59756,24206,4238.528813656795,2463.27111405601,1.7206911531056177
59757,27050,1191.7393047049402,665.0472827294328,1.7919617682127817
59758,24206,1179.235049785244,654.6285613043186,1.80138038498606
59760,9791,1299.3046118911523,964.4076776070389,1.3472566032604436
59761,9791,3161.0359458578364,2602.0906601214056,1.2148062303526166
59762,24206,52337.99504079454,35259.38388731282,1.484370663085438
59767,27050,7779.700830044121,5639.948819728122,1.379392097111113
59768,24206,4908.050505076047,2693.3158586321692,1.8223078029803215
59769,9791,6769.6829964603685,4598.002319380183,1.472309608876607
59778,24206,30653.859127849864,24510.097628135667,1.250662465442881
59782,24206,23446.363362131196,19114.08772348595,1.2266535395943627
59785,24206,35604.793977641544,14300.36186965016,2.489782727331261
59802,24206,32671.435767795378,25918.54176197343,1.2605429760608486
59812,17214,5542.8757467795795,3645.94352790421,1.5202856830768794
59815,17214,49245.889858243776,22222.252376876768,2.2160620365146375
59816,17214,47566.110326312104,19383.386813769543,2.453962807599865
59826,17214,49670.375091592825,25593.294479050415,1.9407573781582081
59828,17214,40624.55707189466,18084.5744068503,2.246365115261235
59836,30247,7581.432408752653,5744.380554812296,1.3197998176498569
59839,30247,57251.19192358473,25300.827871800928,2.2628189169807413
59844,30247,33037.45957616323,24882.672202291655,1.3277295664860518
59851,30247,63631.96628365804,28344.86226254268,2.2449206383248774
59862,2434,37870.93686021655,18701.711843922312,2.0249984159885264
59863,24206,42074.17880864422,19657.122614824093,2.1404037423521323
59879,30247,50355.956415508386,24985.062447717144,2.0154424877216726
59913,2434,35376.078799738716,18138.08555866936,1.950375561153432
59917,17214,54215.849325487325,28996.42701912294,1.8697424096331714
59932,30247,24580.1316555691,14700.203675618575,1.6720946320177286
59946,30247,13521.186673446166,11512.44312330425,1.1744845580236296
59948,30247,11166.664620143032,10782.373798184422,1.0356406510432163
59949,30247,19812.705923077625,15249.438714537959,1.299241650395257
59950,30247,13541.830645274937,13024.79551311469,1.039696218772851
59952,24206,47711.47597953161,32034.55492398601,1.4893753352511054
59955,17214,47629.86876341762,23027.389604139644,2.0684006994372988
59957,17214,48733.534436635826,21879.1542711326,2.22739571341361
59968,17214,89866.27194826659,41901.79925206649,2.1446876638318724
59970,30247,107569.00582366559,40066.55501203668,2.684758042994962
59974,24206,25157.193381215067,19780.9129597045,1.2717913188568462
59975,24206,30862.695491221104,22398.430649645732,1.3778954416035951
59980,24206,6423.319662383383,4295.45338507066,1.4953764100219002
59981,2434,15570.250429269956,8234.78592459344,1.8907899454640256
59983,24206,24400.78364938366,9426.862911275548,2.588430942407965
59984,24206,5041.056581154427,2505.9681481387793,2.011620373107494
59986,24206,6383.347750050496,3713.604678368027,1.7189087969524286
59987,17214,5189.2102929896955,3354.154224031825,1.5470994910758937
59988,30247,3300.5358767072116,3389.3471740158484,0.9737969311643548
59990,30247,8127.143302734385,3963.3559245957613,2.050571146613158
59991,30247,2411.908657552591,2067.547814138468,1.166555201799585
59992,30247,3046.6852840599377,2593.80730828246,1.1745996991878938
59994,30247,2845.617531373281,2050.2150303331214,1.387960525736133
59995,30247,4129.833822829479,2653.7430779882798,1.5562297108129162
59996,30247,2590.9414183267886,1522.1025887533822,1.7022120831216747
59997,9791,3299.0098480407646,2211.922864303191,1.491466949992414
59998,9791,2720.099428687724,1765.3281773047402,1.540846321753446
60000,2434,11656.042303263988,7279.284871307957,1.6012620070973547
60001,30247,3210.7958845672197,3027.230238324207,1.060638151640765
60011,27050,857.105609824039,803.3165305974212,1.0669587605605666
60012,9791,653.3198059724218,519.5533705629929,1.2574642818012678
60015,9791,3024.7322853145815,2537.8305607039747,1.19185745973346
60016,16647,1245.443569759378,496.04720321821156,2.5107359978633053
60017,9791,3242.449248332553,2128.495101454412,1.5233529295496004
60020,24206,1803.034927550379,876.4567785456204,2.057186357258037
60021,2434,1320.8994355470775,989.4923728745481,1.334926343807752
60022,27050,1276.6030104110798,1086.6909904263925,1.1747617507256318
60023,3370,798.4506587119407,390.9538856186255,2.042314165642613
60024,27050,3776.962652305908,2879.3263026586224,1.3117522139878532
60025,3365,571.8003233240112,246.63595498584388,2.3183980752393976
60026,27050,4392.803365569134,3165.540363685164,1.3876946305796753
60027,24206,4357.111446368088,2198.0061810083025,1.982301725998481
60029,16647,792.116685128018,658.7562542212352,1.2024427548918502
60030,9791,1383.631502693093,947.2496407740805,1.4606830587577808
60031,27050,2429.9295555865037,2187.372375851883,1.1108897517461587
60032,2434,723.2601763621396,278.9548131274772,2.592750303367675
60033,27050,937.2938463583246,734.2435104183631,1.2765435895024333
60034,27050,83.23472601798424,100.23791229268907,0.8303717038214395
60035,2434,2025.1698608552306,1647.995319339775,1.2288686970704263
60036,9791,1429.3351255663392,1323.0397470474718,1.0803417877324388
60037,17214,854.6093790470188,775.4135089576394,1.1021337250054357
60038,3370,1221.119072147638,870.2207755067234,1.4032290500494993
60039,27050,4590.885330558866,4009.16684344793,1.1450971011749294
60040,2434,2119.9990208143267,1606.9462993473544,1.3192718522550155
60041,2434,2055.9020566509735,1852.7175194610984,1.10966838444372
60042,9791,1991.9246992023147,1260.2133474631576,1.5806249816446647
60043,2434,139.0722501762417,116.40199807612046,1.1947582728373456
60044,14899,506.4648201719823,94.95024049285627,5.334002500078839
60045,3370,1683.3082259407297,766.0846344747152,2.197287545252662
60046,27050,1346.1461116452972,1084.2849334772375,1.2415058718267775
60047,24206,3281.8097557146407,1159.5194800982401,2.8303187760472897
60048,24206,788.4981486569903,416.73489174353915,1.892085746307598
60049,24206,1236.303984518102,726.3848245178249,1.701995888114488
60050,2434,2029.134671778852,1691.2557700218558,1.1997798959483401
60053,3365,472.52891159599136,367.5284210421547,1.2856935261118032
60054,27050,3675.62343925797,3322.319288140295,1.1063426240755567
60055,30553,410.05145040294747,274.2256520557624,1.4953066838530684
60056,9791,1310.5598042034367,925.0445776033913,1.4167531337774442
60057,30247,3676.0931666138295,3310.5421677132917,1.1104202817489066
60058,24206,1725.4296701168066,813.641873260945,2.1206254579813644
60059,9791,844.1313492538935,674.6175832404691,1.2512738627403976
60060,9791,1837.369057742711,1354.9609807377121,1.3560309734840854
60061,16647,1553.1121229743385,690.1750457915023,2.2503162530213014
60062,9791,954.5676430017957,745.2088930201671,1.2809396827420345
60063,27050,3849.1541975528858,3314.1800523814345,1.161419758949741
60064,27050,638.492295771142,404.72651915721974,1.5775894722705674
60065,3370,968.8772267652113,764.4369070371256,1.267439101704906
60066,9791,1878.91266451975,1307.6693460568351,1.4368407963262657
60067,17214,634.4319455046556,539.3750392579605,1.1762352710601305
60068,24206,2849.9410826507233,1362.759251701219,2.0913019516051428
60069,24206,2255.13875064734,1568.6991041503818,1.4375852862290879
60070,27050,1933.3632316761505,1672.894920299986,1.1556991465605364
60071,17214,1042.3663832356517,973.1558124096249,1.07111972198435
60072,24206,875.9400717855025,518.0705211677595,1.6907738155243526
60073,24206,3094.538623242857,1324.2044960679636,2.336903878843221
60074,24206,1153.7707623071299,704.3484879393524,1.6380680615679477
60075,30553,442.6561443046069,279.65725870053967,1.5828523327499553
60076,2434,709.6400981946284,544.9071634106734,1.302313762500132
60077,30247,1996.6749287119947,1717.694010205187,1.1624159581679405
60078,9791,507.14719380950976,467.6361157100201,1.0844910749450978
60079,9791,1270.0552097822942,1017.614414340507,1.2480711671182336
60080,3370,1855.3278972428106,1567.4195119702804,1.1836830427806933
60081,30247,2940.530245538064,2366.5558983565784,1.242535723571995
60082,30247,917.3154168402116,628.6702898028054,1.4591359441018683
60083,2434,1170.7293661242943,704.1587345546855,1.6625929760917773
60084,2434,2497.9456072130997,1456.9339985110298,1.7145221470334087
60085,24206,1660.2324721426337,882.3108326088616,1.881686601572797
60086,24206,23152.506885604613,16092.775798028635,1.438689457690748
60087,17214,40875.02491137435,20076.11481647473,2.0360027467979886
60088,30247,3000.150018999629,2719.078070287231,1.1033703120862237
60089,24206,1299.5996819058514,798.5548133934174,1.6274395446735457
60091,24206,4556.526615337609,2401.6848421195596,1.8972208740412153
60093,9791,1731.4172754524566,1073.0041370114961,1.6136165889115357
60094,9791,1569.2843224611834,970.5590366144799,1.6168870344406734
60095,9791,1041.7227468605506,707.0816274201554,1.4732708452082972
60096,9791,2492.50651962862,1713.9062909544975,1.4542840135329158
60097,9791,2798.1810012337296,1898.9501912435608,1.4735410197364323
60098,27050,2745.541282225886,2156.053331145176,1.2734106538856378
60099,30247,2935.9874163967556,2633.772242627664,1.114746130617421
60100,9791,2691.4895481238354,2013.8817119870148,1.3364685383970505
60101,9791,1972.5393908372648,1464.769322815796,1.346655312964473
60102,9791,873.2077693842566,709.9900638182374,1.2298873095325515
60105,24206,25157.332867864094,12155.7214737148,2.0695878004661115
60108,24206,27760.454742597136,23523.30547759869,1.180125589451427
60109,24206,25618.72132814099,21955.572180764586,1.1668437113465762
60110,24206,23143.848039087352,19083.630901334906,1.2127591525294295
60114,24206,23975.86184935537,20111.570111221426,1.1921427176875579
60117,24206,28110.92556164262,20549.677714016292,1.3679497047522569
60119,24206,29932.19733420221,13285.515975013972,2.252994719248812
60120,24206,22567.744118697497,18434.68757923933,1.2241999774442995
60123,24206,22734.94588576328,16417.709671739125,1.3847818203837792
60127,24206,12904.507915742613,9052.003006456087,1.4255969542364089
60131,24206,13174.676669987655,10224.288586544802,1.2885665891048472
60135,24206,30514.758314850365,23984.780650670273,1.2722550503707695
60136,24206,28148.20236934529,21789.373876529095,1.291831629896706
60138,24206,23026.648629656822,18936.12677612039,1.2160168181116546
60153,30247,52307.99842069643,15256.274787156151,3.4286219375606115
60155,30247,43448.68792735175,10409.974678138324,4.173755390452297
60166,30247,11620.446221032316,6781.985541340367,1.7134283389722023
60168,30247,7991.874730072479,4556.232202329699,1.7540534316899086
60170,27050,6895.313850793892,4813.139883618613,1.4326020056599436
60174,2434,13234.660017624157,7268.50902773602,1.820821844909569
60175,2434,8775.394132126403,5460.385556922015,1.6071015573253837
60177,2434,3179.0238664504045,2648.596809085545,1.200267196405781
60182,30247,59796.706160061534,28869.924904267802,2.0712456425968004
60188,2434,47530.70609717598,22725.82140907613,2.09148462630237
60200,30247,50250.1330877843,28870.94042082048,1.7405090501155296
60204,30247,21851.676781266444,18894.85696545835,1.156488076158155
60206,30247,7222.000197795413,6864.41100182205,1.0520932088533812
60213,30247,2484.674116352089,2266.0693519529,1.0964686999587172
60216,30247,1400.6072233793348,1096.0277074767494,1.2778939928478465
60217,30247,1306.100405219977,806.9914534557007,1.618481087534435
60220,30247,336.43353630523876,257.5606586418899,1.3062302996088118
60221,30247,1354.5143800460469,1048.4469995919012,1.291924513659994
60223,30247,33016.73567632011,15454.025529524752,2.1364488892063744
60232,24206,18395.6083553254,10037.481243634682,1.8326916791990087
60234,24206,10032.233703184076,7061.818908261193,1.4206302701203475
60235,24206,7727.129566960921,4852.619083208947,1.5923626879551225
60236,24206,6391.84349294738,4284.344019739829,1.491907153930074
60237,24206,5150.897087239102,3189.2248752293135,1.6150937261420737
60238,24206,6362.691859080796,3893.500740431806,1.634182778754306
60240,2434,3399.0974715266466,2687.9594083433544,1.2645642865647222
60241,2434,10724.737443380898,6908.829876942028,1.5523232782405492
60242,30247,15023.717430921439,14302.634027715836,1.0504161262749419
60243,30247,12525.169730910067,5337.844416671527,2.346484601872356
60244,30247,7718.9545570026385,6418.27373196957,1.202652750466897
60245,9791,3953.037918137373,2810.4846247510036,1.4065324831611894
60246,9791,4874.643049013154,3507.644609889777,1.3897197667258354
60247,30247,5083.064231863006,4068.821693277154,1.2492718076738698
60249,24206,4554.907145632811,2648.0316483246934,1.720110538903311
60250,24206,4006.595711901331,2318.974034755942,1.7277449647352352
60251,27050,690.378469641843,374.9674752367802,1.8411689419352721
60252,27050,1511.1531963069972,1134.148410110262,1.3324122159286744
60253,2434,959.7660847152928,115.2566247271998,8.327209711259176
60255,17214,7448.91295117157,4012.6517892769807,1.8563566794101891
60256,17214,3814.3161695280496,1508.7208131658579,2.528178928959159
60258,30247,2478.077930158723,1919.9006469120525,1.2907323793782959
60259,9791,479.06676777851555,332.00209925183293,1.4429630681796681
60260,27050,2952.623133338085,2300.7017666067864,1.2833576155734394
60261,30553,611.2529406598794,444.5605420444367,1.3749599499965985
60262,24206,672.0085061686821,525.6584042631237,1.278412940264342
60268,30247,29506.78594193581,26657.731450074632,1.1068753542362362
60276,30247,36054.359539767385,24812.341239148343,1.453081722206917
60278,17214,17156.518194408247,6439.588482986423,2.6642258647017987
60279,17214,16813.48185382569,7325.202108071708,2.2952925538121005
60280,17214,15612.081349632104,7858.103489591559,1.9867492672132745
60281,17214,14958.722747630713,7767.049359426113,1.925920907078666
60285,18661,9537.324540223732,5625.402357312296,1.6954030902032178
60286,9791,6355.271375000903,4645.154984087891,1.3681505561754268
60287,17214,19601.44662485415,10306.848918496253,1.9017884883980583
60289,24206,41872.48715191158,22543.768427008356,1.8573863232975116
60292,17214,48561.22655456264,23661.55405737462,2.052326167453381
60294,24206,45227.36754152509,25518.92086577936,1.7723072139063127
60295,24206,45475.33611306157,24890.433025191065,1.8270206897178916
60296,24206,43024.56813440298,26997.49308214169,1.5936504920474592
60299,24206,43901.656728093745,28400.42985211981,1.54580958656923
60301,24206,44889.142589347764,29429.27919573669,1.5253225296748243
60303,24206,46943.319969702425,31384.034670590707,1.4957707147096668
60304,24206,52535.17264463388,35946.72377716674,1.4614731782039083
60307,24206,33679.310941469776,23733.000338254973,1.4190920010725507
60310,24206,22754.01480681074,16092.541085482157,1.4139479082851754
60311,24206,22281.6091088992,14248.993978725688,1.5637320881857713
60313,24206,24696.485088664158,12871.994788778242,1.918621433112641
60314,24206,25173.20907967311,12613.487858433764,1.9957373695683651
60318,24206,19095.068257886393,12197.55870297472,1.5654827923254446
60322,24206,21642.802235814223,15103.872729511035,1.4329306545020706
60324,24206,20617.170976301233,12719.62246068534,1.620894884264542
60326,24206,22258.436995388005,15275.917955232584,1.457093253617773
60330,24206,43393.68908921466,28176.419723178704,1.5400710777145974
60338,24206,34778.13314390635,28208.064545788544,1.232914547804334
60339,24206,32728.891770740953,25458.320684764803,1.2855872221896838
60340,30247,2435.373238517345,1988.9094387823948,1.2244766860819334
60344,30247,1822.3763180294468,1343.2642563696184,1.3566774440605631
60346,9791,906.1473342970423,453.52276571580364,1.9980195103697886
60347,16647,938.8478631202044,555.7484525676513,1.6893395902095083
60348,18661,643.7198121158459,529.9689302344124,1.2146368879230713
60349,27050,660.1182271537048,459.2437284442893,1.4374028130768115
60350,2434,1948.178396464266,1488.7079380852845,1.3086370715332745
60351,17214,621.8716603890509,526.5517776100577,1.1810266090290995
60357,2434,55470.32929794953,28418.031987033344,1.9519412647314804
60364,24206,10489.909001168675,4609.572320958095,2.2756794493655668
60366,30247,8016.7139008368395,6710.223003463294,1.1947015615873326
60373,24206,52564.096358375464,25939.39377276791,2.026419615617968
60384,2434,10119.682294925924,5865.207661747547,1.725374936155415
60386,2434,8163.651172341018,5267.62413387112,1.5497786031938539
60387,2434,1857.5555973683693,1545.6743139885132,1.2017768429981
60391,17214,6699.531545819721,3423.1638161632086,1.9571168385767672
60408,17214,61247.524580955745,30498.885572744864,2.008188936440655
60412,17214,44637.49527280063,21199.20767515862,2.105620924932358
60433,2434,22496.09464471584,12308.886648784612,1.8276303362446773
60436,17214,68316.05496688336,33483.84609095401,2.040269053361215
60441,30247,3827.8445148217,3477.259299966229,1.1008222811738189
60447,17214,49328.22355492417,22267.071127122304,2.2152991416477827
60456,2434,40038.20680642014,20867.254584044153,1.91870984489904
60464,24206,26673.03308281145,12151.028211350022,2.1951255991568455
60475,17214,6829.944033121887,3906.230422682665,1.7484744354715551
60476,30247,29708.6598076285,26928.86513760531,1.1032273233876944
60481,17214,50051.91349603091,20169.877638268492,2.4815179543314114
60482,17214,65935.87246116139,32421.51883064314,2.0337070821877172
60483,17214,66946.00791017404,32228.278027897763,2.077244333446037
60485,30247,2090.6708515067735,1403.624180705218,1.489480503574942
60486,24206,45885.45078365691,20950.612235962537,2.190172309374938
60489,24206,3530.530839687559,1901.795609793279,1.8564197022577624
60490,27050,2696.108671351786,2294.4283447990897,1.1750677145630666
60492,24206,46112.475005705746,30478.790122030226,1.5129365313085512
60496,17214,51647.12930198482,25865.908501998445,1.9967258949359725
60502,30247,10040.776603812594,6055.608038352862,1.6580955273557807
60530,2434,49100.2919424953,20531.461510446527,2.391465990743659
60540,30247,34249.07073343432,19846.723787199222,1.725678812314824
60558,30247,35825.534790801845,24905.27961336352,1.438471494677731
60574,30247,34399.6952894855,21674.492343229133,1.5871050054942384
60577,30247,34249.79096142742,21415.683640764037,1.5992854365962936
60584,2434,9764.280563954118,5809.33216664059,1.6807922638723185
60589,30247,8420.667188543312,8067.287908978397,1.043803975208524
60590,2434,8487.931136557296,5682.836178218123,1.4936082741731826
60593,2434,10301.480354860836,6220.587804012782,1.6560300536575576
60597,30247,43480.29985941922,9397.588210124366,4.626750916003778
60598,24206,6101.802988943395,3688.496811684254,1.654279046579186
60604,30247,32076.656145060606,20224.125290780852,1.5860590104078676
60609,30247,33988.136562570515,24687.407120864606,1.3767398251331702
60625,30247,31368.936660934593,25990.107265940493,1.2069567985986325
60631,30247,30120.088021532556,26891.736713833245,1.1200499373489192
60638,2434,41701.35165898027,17438.67284823954,2.391314523868144
60643,30247,29126.61909182697,16771.320044422948,1.736692103822358
60653,30247,30302.118191753496,26444.993665013244,1.1458546209388294
60660,30247,30538.15757804635,25834.773088232534,1.1820563499338865
60669,30247,31764.484867942418,28751.19068796253,1.1048058917866481
60673,24206,31688.322653439864,19876.03093376863,1.5942983163506046
60676,30247,28226.913368061443,25747.517201516275,1.0962965146169183
60680,30247,32050.497000160412,26421.442529574753,1.2130487184522494
60684,30247,27507.966476068315,25104.500304312827,1.0957384589464458
60694,30247,10963.885615886205,5380.008299971411,2.0378938106739475
60700,17214,20225.598564975076,6505.436041442337,3.1090304225773013
60703,30247,13471.481513573508,7451.381667436751,1.8079172581435692
60705,27050,7160.989064714848,5330.115389872593,1.3434960673311085
60714,30247,37167.4741468696,26983.389492736533,1.3774205111212752
60716,24206,8003.349317409002,4546.050263948929,1.7605061212976754
60717,30247,3114.9223542926684,2473.857537175196,1.2591357050614485
60718,24206,4040.133227750596,3155.794967574019,1.2802267793894104
60719,24206,3989.7950583108404,3077.4075970469044,1.296479238609623
60722,27050,2415.9204351613635,2045.4904309942128,1.1810959359937474
60723,24206,38913.77069768359,21924.016240457186,1.7749380529044945
60732,27050,24110.234880021242,13484.827027632648,1.7879528473457889
60741,30247,40698.502524713374,27632.779031575585,1.4728342190341324
60752,17214,5424.242592233237,3709.4723831620763,1.4622679540235406
60761,27050,22516.487846565295,12936.82873352598,1.7404951638737776
60764,27050,22797.11070129876,13246.078645775608,1.7210460024385505
60766,30247,28352.783502488634,23014.969647144775,1.2319279120146944
60773,2434,12538.223693399601,6617.473340436262,1.8947146514039463
60776,30247,20280.015877328435,19045.54471580541,1.0648167946857707
60783,30247,14151.78441190957,8073.793611683338,1.7528048266469134
60784,27050,19572.125052128064,10954.041711946793,1.7867491805131746
60786,2434,15131.732831533709,8649.05191296746,1.7495250327780798
60791,30247,12286.029147083005,7470.969977025179,1.6445025458361038
60792,24206,19508.557330354415,10602.221616427787,1.8400442884655948
60793,30247,34295.84255160255,25861.292485619688,1.326145728047929
60794,2434,16103.219324734673,8108.5262156393,1.9859613074538291
60795,2434,14099.008422324729,7263.213327505064,1.9411530112895337
60796,30247,11811.341804643309,7017.236556538107,1.6831899152150476
60803,30247,15503.454656821681,14851.826249905851,1.0438753050265426
60804,2434,14022.928395966306,7573.0759852246765,1.8516819880489126
60805,2434,13728.689856266536,7907.1467515117865,1.7362381510930873
60807,30247,14460.09127946416,13835.881604227645,1.0451152801889967
60814,24206,9821.272457850673,5182.234470528827,1.8951810292845455
60816,18661,1019.403204727083,791.500495430137,1.2879375447176358
60822,24206,24669.22895395197,17511.688903725488,1.4087292830278504
60823,24206,20755.412527296277,16071.578816375759,1.2914358175033829
60824,17214,17953.3442675065,10308.75547312921,1.7415627244533707
60825,2434,13833.195122255973,7454.513132251633,1.8556805624779498
60828,24206,34218.1295694612,18289.13046455449,1.8709544248578756
60832,30247,11996.907006481428,11391.939169853858,1.0531049040560607
60835,2434,8561.675518328058,5490.052271377712,1.5594888891976855
60836,2434,13602.036121666357,6723.545767890889,2.023045070448473
60838,30247,7336.330087763542,4934.953338275018,1.4866057660289673
60844,2434,12130.467730624217,6372.456743030572,1.9035778852310086
60846,30247,14505.325704139721,13198.243968048646,1.0990345184749852
60847,30247,3024.7813366796495,2770.822472357469,1.0916546862369378
60848,30247,3102.5233012896247,2837.6093263022485,1.0933581562944013
60851,30247,4994.430679506965,2155.622096344473,2.316932401081142
60852,2434,9175.475131213414,6333.152206759546,1.4488006653969534
60854,30247,7155.388292457352,4329.3494242358465,1.6527629422566916
60857,2434,11564.231887351189,5868.415078643416,1.9705886056758715
60858,30247,10583.504527882238,5190.399012062196,2.0390541273005733
60860,30247,9847.125074065294,5230.281807507737,1.8827140556614699
60861,30247,9210.784159670437,4386.5571436528635,2.0997752583704505
60862,30247,4736.706543013973,3778.350868617761,1.2536439064873846
60864,30247,8570.074779855007,8034.815685141165,1.0666174702306739
60865,30247,24382.349976169033,14833.563065533779,1.6437284736276303
60867,30247,4513.195367012966,3226.031837197825,1.3989928168015815
60870,30247,6595.3122181993185,4508.634839038244,1.4628180044862966
60872,24206,36948.76196691957,19828.3816722305,1.863428018367532
60873,30247,10191.047351332192,8388.778487942347,1.2148428243731009
60874,30247,27013.878403608294,20156.109475678422,1.3402327684419888
60883,17214,16653.17293711282,8284.644835219735,2.010125149398891
60885,30247,7916.343868213045,7552.92329036077,1.0481165455918349
60887,2434,9305.742862404162,5704.648446382395,1.631256150114807
60889,30247,11259.12250477197,8931.889733270817,1.260553235765141
60891,30247,9263.675975585078,7977.555832408634,1.1612173164557007
60892,30247,24546.914644652174,14932.9811399044,1.6438053738015586
60893,30247,4406.616055648105,3542.905951647699,1.2437857837007276
60894,30247,3582.731537693057,3011.63241757699,1.1896310840535926
60896,2434,4485.152628097976,3670.1878707571695,1.2220498748399702
60897,30247,2784.5307357311417,1992.2771067955937,1.397662366461571
60900,30247,2897.984304778624,2260.570648806517,1.2819702433580802
60901,27050,6132.260275793625,4075.616007999932,1.5046216973720667
60902,30247,3406.2922835853005,2119.1377405788903,1.607395412935638
60903,30247,4064.09134541654,3240.8605770606723,1.2540161012117665
60904,30247,3288.3351024023027,2330.951702534229,1.4107263993617711
60913,24206,24833.42590888685,16653.323553129656,1.4911993890985147
60919,17214,43705.5829765844,22761.437219082043,1.9201591953931556
60921,30247,2616.8307014275106,1962.8645544934384,1.3331692680664067
60922,30247,2616.8307014275106,2110.5652662845537,1.2398719637958358
60923,27050,5004.329689058183,3295.3581328118057,1.5185996445212393
60926,30247,2714.9246781539096,1675.341046425059,1.6205206002366952
60928,24206,6335.902381698446,4155.801038613077,1.524592328369247
60930,2434,2273.710024076013,1976.1871680227187,1.1505539864176841
60933,30247,23271.441221269146,12386.903327657157,1.8787133963748046
60935,30247,19995.6007522255,9254.76039098455,2.160574656444272
60938,2434,3963.263001555962,2737.818300166264,1.447598988331431
60944,18661,7339.058102962919,4369.31731698939,1.6796807305402537
60949,18661,7449.361016284162,4386.289150052242,1.6983287607009305
60953,30247,7689.8517916262535,3873.226783260561,1.9853864031046433
60956,24206,39775.83432536015,21154.695273332592,1.8802366950424092
60958,30247,20777.14063247611,8470.526198228272,2.4528748446373894
60960,2434,2653.1506254862315,2303.5504407729723,1.1517658040064227
60961,27050,4240.585160015311,2481.9094734709106,1.708597837811111
60962,2434,2468.6880736562257,2229.025502529408,1.107518990184212
60965,24206,22003.917791922133,15776.02080622527,1.3947698258130665
60968,18661,7772.908520255732,4655.516702327278,1.669612422692003
60971,27050,6113.928789236306,4706.491276462952,1.2990417765803404
60972,30247,871.7868530140328,381.54433323673265,2.2848900562051453
60973,30247,950.6725908098792,612.5042465809546,1.5521077545447335
60975,27050,5629.807683405624,5027.264699324317,1.1198550345205198
60976,30247,2036.4986833967523,1572.3063673098975,1.2952301954237164
60978,24206,10466.880949704582,5622.742720282201,1.8615258549797664
60979,17214,40133.76116388316,18508.01562596744,2.1684529543823157
60980,30247,66780.18717475173,30897.497848172417,2.161346122682933
60985,27050,3817.4198905570433,3474.472831327612,1.0987047750488208
60988,30247,2981.3936218547997,2584.0020978619095,1.153789164614729
60989,30247,2497.302508803823,2170.05791486389,1.150799935659993
60991,24206,5447.3634558279755,3524.82929722111,1.5454261742895024
60992,2434,1903.9563363486386,1008.5761031902005,1.887766654718751
60993,24206,5511.68591228314,3689.86065900346,1.493738225272634
60994,30247,3373.4305905130873,2894.7361795025527,1.1653671980196814
60996,24206,7342.322800667015,4540.849477608981,1.6169491714869992
60999,30247,2888.39533884871,2024.420398137212,1.4267764450044524
61000,30247,1171.326635029126,964.364391030055,1.214610002115498
61002,9791,2929.2350462160816,2560.7764702708823,1.1438854895078847
61005,30247,2253.349183727883,1661.4937208575132,1.3562188983566592
61007,2434,1355.3773436925092,1028.0498566541296,1.318396510558051
61008,30247,1246.2214525019072,1131.5025083361154,1.1013863807818571
61011,24206,4256.53842013211,2409.658896775028,1.7664485317107983
61014,24206,44339.35313390117,28990.377222094176,1.5294507137392201
61017,30247,2768.7830968040626,2344.0277766032395,1.1812074602700917
61020,9791,661.8686134423415,467.92468624489396,1.4144768012858049
61023,30247,3560.3239075828706,3029.8645890116895,1.1750769062402922
61027,30247,2255.6559679310985,1974.626966955743,1.1423200461040064
61028,30247,2782.3427599239217,2153.92313850725,1.2917558246076462
61029,24206,869.9675937832313,624.9424391745478,1.3920763565558516
61034,24206,26765.185211231805,18435.378283554695,1.4518381342414723
61036,17214,42369.80856339355,22238.067308339938,1.9052828636553145
61037,9791,4605.470254853242,2640.500234328512,1.744165819407484
61047,9791,2060.6827485302174,1368.7259192659408,1.50554813021688
61051,16647,1156.1946269947578,604.7425827838306,1.9118789711688742
61053,24206,24802.094605470957,11516.976367876458,2.1535248326678698
61054,9791,2655.6956237434047,1583.9505053834714,1.6766279089639016
61055,30247,35099.37289964237,19465.84365601203,1.803126210191353
61058,24206,6220.568451291086,4023.524707054831,1.5460495222966986
61064,30247,5198.65980515529,4215.977141021079,1.2330853871508927
61065,9791,3270.650975934509,1990.4560831626566,1.6431666107085052
61070,9791,3668.096978849017,2313.2474001829933,1.5856916033100679
61075,24206,8099.006229792706,5126.797458071333,1.5797398465668075
61080,30247,11009.945809235,4992.979264318318,2.205085426233623
61084,9791,4047.119783895305,2513.1812965854256,1.6103572748189674
61090,24206,21057.30837364079,12885.057254386677,1.634242515024285
61091,18661,6530.944264387081,3342.3283245212765,1.9540103874512422
61096,24206,23589.995479403806,17411.054474362427,1.354886087694447
61097,9791,5061.207471047306,3016.693782805312,1.6777332521767394
61098,17214,5470.023887146819,3357.8271873571593,1.629036749640503
61099,17214,3659.491862787884,1457.6512708211646,2.510540028361048
61103,9791,4251.115913525421,3059.7888424573666,1.38934943958789
61106,30247,8098.711185562939,6625.2523468799345,1.2224004100578763
61107,30247,47161.44820210341,25467.425940403766,1.8518341159591767
61114,18661,10419.453823627155,6182.793288217334,1.6852340581212226
61116,9791,6350.932647234862,4647.243236714132,1.3666021604079706
61118,18661,6306.940266096363,3899.306791911183,1.6174516658139426
61126,9791,6289.795550659673,4027.881499650056,1.5615641997427514
61129,24206,5738.24945239462,3381.5266077146985,1.6969404999810547
61131,17214,8597.160841620123,4843.144981240252,1.7751194471610736
61141,18661,7398.631130245091,3441.3676005882776,2.1499101487967596
61144,17214,5711.72167135503,3873.178561384298,1.4746858635181603
61153,30247,46547.24837351423,23556.238540812497,1.9760051373596224
61154,17214,20225.598564975076,6329.062045200635,3.1956707677265173
61156,24206,18953.29673854649,14500.621859190087,1.307067856992245
61160,30247,50204.74189133761,23010.40153279082,2.181828153663189
61173,30247,52319.856090417605,25173.128853788134,2.0784009963284458
61177,17214,19370.835523101316,10812.6592236464,1.7914959791518155
61179,17214,38641.35976763976,15168.062853298863,2.5475474450078344
61180,30247,64606.82975591031,28998.599196494517,2.2279293326596368
61197,24206,22664.88254891194,11835.447746008334,1.9150000097424265
61203,17214,49801.68938993797,22903.179307187092,2.1744443739437536
61206,17214,34380.49488607376,18529.256086847636,1.8554708686053287
61207,24206,23623.977463706015,15946.840165328498,1.4814205961046183
61210,17214,34516.68373902815,18750.66903036715,1.8408241158290175
61214,17214,43800.340880168136,22729.919977306432,1.9269905447928732
61217,24206,23914.850215936305,11820.527383270552,2.023162710132773
61219,30247,39954.87883774275,12418.627277244539,3.2173345689305517
61221,30247,49025.21311773032,16049.636358364369,3.05459961977148
61227,24206,18514.090577829615,15013.465112313675,1.2331657241901346
61229,24206,23635.060511517917,19268.748688017124,1.226600693910971
61238,18661,6285.265189119027,3212.658038338044,1.9564065375505972
61239,24206,27419.489241063246,21194.435464553124,1.2937117049860225
61240,9791,5235.908588843136,3829.6264040857263,1.3672113246496016
61242,30247,52557.76635796571,23926.306812795196,2.1966518597788407
61245,17214,22849.76731377503,11464.841455853695,1.9930295069286321
61250,17214,8922.462470417167,5136.807948301581,1.7369663339987753
61251,24206,14887.004262851176,11724.620577759077,1.2697216224711747
61261,17214,27322.598519360945,15487.291878440767,1.7641947174376968
61267,17214,39070.06387316424,19143.16498989652,2.040940664398225
61270,24206,29754.429737016668,25391.860907552276,1.1718097324708816
61273,17214,28290.94503904879,16194.102489835517,1.7469906132066317
61280,17214,30044.54384658344,14453.64918208969,2.078682239210101
61283,24206,24740.18636041633,12225.04972043877,2.0237288948652536
61287,24206,22518.79627168409,15304.08418498643,1.4714239675821579
61291,17214,35836.21689765886,19085.36807511688,1.8776801556361598
61296,17214,33203.73469375483,18622.442322491537,1.782995705866814
61305,17214,45279.53632600454,19417.9425466577,2.331840060665863
61310,24206,30422.113627507017,23766.251681699254,1.2800551822369608
61312,17214,44778.271085220746,18194.157083300954,2.461134686273504
61318,30247,62747.701438343036,28019.306186878566,2.239445224654698
61330,17214,50733.712257377505,24927.58352017278,2.0352438982431242
61335,17214,35723.75688539881,16543.99911336001,2.1593181092805005
61338,17214,48309.884281755636,19097.545213475732,2.529638429533179
61346,24206,44810.43124054111,29523.84659918332,1.5177707650662513
61347,24206,44685.133548454534,29134.18580457573,1.5337697730147797
61359,17214,53489.89929751282,27320.005327235947,1.957902227939447
61365,17214,49802.401000869686,19384.287482732252,2.569214939947328
61373,17214,40382.91660550908,18432.572472994274,2.1908453996138877
61375,24206,39679.605592785345,29943.525678266076,1.325148081062011
61376,24206,29838.025126456527,23739.096618690903,1.256914936812029
61381,24206,39313.62564631999,29481.88048434678,1.3334843300512433
61382,17214,46210.747433235156,25112.71255531953,1.8401336506934418
61407,24206,41096.861730402394,32595.61440312904,1.2608095439507123
61408,17214,54230.42406330844,24383.52147943284,2.2240603806571193
61414,17214,44218.918476064806,19707.002162486824,2.2438176091662245
61416,17214,44456.091170425425,19484.07544997667,2.2816628525465217
61422,17214,76226.3326286247,38861.52501202669,1.9614858810876445
61426,24206,36223.98189842717,28833.668955107412,1.2563084481141165
61432,24206,35366.17601157895,25884.795809845993,1.3662914813539482
61449,17214,46707.51853688043,22581.329744903564,2.0684131122712985
61490,24206,45330.46698706389,24842.24272275586,1.8247332776255552
61498,24206,37488.87654445442,28865.401193411766,1.2987478086052333
61506,24206,42900.74205730472,27122.597997276058,1.5817342446919456
61517,24206,36820.58679004159,29784.558244932592,1.236230750419341
61525,24206,45290.93017014438,29901.931825209842,1.5146489676616919
61530,24206,45897.62064069662,29793.449234424486,1.5405272575041349
61532,24206,48431.79126092389,32547.703034861388,1.4880248602812087
61535,17214,52094.202879971446,26960.3626302949,1.932251564800322
61536,24206,46667.01680744295,30845.6748156126,1.5129193018601865
61538,17214,52201.62313168148,27071.09310177155,1.9283160430734647
61543,17214,52491.500008974785,27325.994428536684,1.9209364967943354
61546,17214,51657.86236926237,27454.08913371393,1.881609042560656
61550,17214,58888.425627789475,34258.813876109976,1.7189277434048789
61553,24206,47924.260516985356,31742.759045105184,1.5097698485782824
61557,24206,46807.705600267625,30998.33426113597,1.5100071250909952
61558,17214,53474.846986570716,27898.184098864163,1.9167859383632024
61560,17214,60214.46010493544,30323.819780715734,1.9857148782828637
61562,24206,50052.95657224947,34189.24266780901,1.4639972303152824
61575,17214,73529.31989903045,31206.410798967685,2.356224827414719
61577,24206,49358.91994617751,32797.72081727673,1.5049496951683579
61584,17214,54118.691164605545,29375.155718464135,1.8423286563409957
61591,17214,67367.48084616488,32985.522206695234,2.042334828717399
61592,30247,114871.80388695946,39453.12239221626,2.911602350378803
61602,17214,75832.32606888568,33614.30602083646,2.255953938834245
61606,17214,59090.7964000153,31369.006173509864,1.8837318617354097
61610,17214,57218.1111389515,31069.823959257752,1.8415975325120066
61613,17214,63917.69169576808,33732.95375921533,1.8948145529149443
61618,17214,54118.691164605545,31410.712075860585,1.722937418098084
61620,24206,49321.03963471196,34345.96069793773,1.436006989831366
61622,24206,4679.437606931958,2681.5962147141877,1.7450194705882316
61623,9791,1054.1787957203187,737.4750729034316,1.429443291649205
61624,17214,44881.03391390896,21365.359565536048,2.1006449143175425
61626,24206,22024.866520269094,11755.226890943526,1.8736232592190554
61628,17214,75287.8999941856,37418.451851804915,2.012052777927904
61631,24206,22758.395007524126,16013.46773008947,1.421203413971408
61632,24206,4125.017869867798,2391.751246193479,1.7246851554620695
61634,24206,5000.387129302033,1998.5970803696373,2.501948581040266
61635,18661,4633.1236801086525,2732.94649525536,1.695285175963807
61636,30247,1316.5690164548262,1098.7085085012018,1.1982878136174788
61637,30247,1139.3195330898568,969.7368378806701,1.1748749646139094
61638,30247,1458.4972888816485,1273.29764893921,1.1454488195252142
61641,30247,11929.218786590856,5558.743427180893,2.1460279544941576
61642,2434,13485.769123329965,7212.933410064626,1.8696649971164971
61643,2434,6514.11313608127,5144.367602709336,1.2662612082096432
61645,2434,5799.420192154574,4886.543081630432,1.186814501637332
61646,2434,8438.873676793666,5632.626555345196,1.4982128841446847
61647,30247,7674.204296917355,7475.601438946687,1.0265668066432727
61648,30247,3195.6276597676683,2927.5119809901375,1.0915848271564885
61653,24206,25138.006003237,12111.43109788105,2.075560336353233
61654,24206,23388.971740086836,18242.078097768434,1.2821440416346
61657,24206,29191.792801075073,22829.02691629126,1.2787138456717668
61664,17214,50505.09045950596,23085.64594975731,2.1877269784619955
61665,17214,52698.69377080924,27456.342684228843,1.9193632005867924
61670,17214,50789.47646969088,22450.851116612357,2.2622517162438243
61674,17214,51536.80538189369,26532.80905453152,1.9423802913582477
61677,17214,28293.572205428467,15950.466303522793,1.7738398155281263
61682,17214,16541.505029180837,8890.199756460566,1.860644921635199
61684,17214,19090.526392798194,9534.866337951926,2.0021808084305888
61699,30247,32542.06848974562,20790.580653237557,1.5652313435833787
61704,30247,31525.92831744536,20007.33831299805,1.5757182601827697
61712,30247,9903.076806523817,9538.72333898554,1.0381972990084676
61713,24206,57008.70504579929,36852.64643872915,1.5469365311547274
61714,24206,25846.41965859842,18867.755248243226,1.3698725321871545
61719,24206,22928.121441889412,16203.539479475003,1.4150069786254063
61720,24206,20979.93283935085,14709.791334646809,1.4262563188055306
61724,24206,20710.856029630122,15208.115083405733,1.361829254713405
61733,30247,2897.984304778624,2063.439125337374,1.4044438089758529
61734,24206,34027.73891664382,26198.43753475011,1.29884611902938
61736,30247,33816.81744671452,30996.82936892504,1.090976662297486
61740,30247,54273.368762727485,35484.23670124798,1.5295064459092251
61745,30247,60184.017800827605,38277.95503931888,1.5722892651659932
61746,30247,58412.04303189386,35649.86885418712,1.6384925080876782
61752,30247,87211.89414036911,42208.64498786256,2.0662092840328707
61754,30247,60107.468743924284,37076.12958395406,1.6211904915214723
61756,30247,63033.67476542427,43341.96501223533,1.454333571346616
61765,30247,44598.151707304154,32459.944729753344,1.3739441665291783
61766,30247,70738.7699565421,48414.47170392319,1.4611079593957421
61773,30247,35377.218569987126,32279.348213483652,1.0959706601265709
61781,30247,52129.74956384741,31931.686791549757,1.6325397998593285
61800,30247,96386.97568003798,59421.18185120862,1.6220979232858777
61804,30247,70925.3020317617,51873.164976704844,1.3672831041563163
61839,30247,102907.0835660287,74179.17898665124,1.3872771978852332
61860,30247,71582.49101942046,50145.578314059174,1.4274935782194593
61861,30247,108571.01150981923,58728.171089352705,1.8487041141572844
61877,30247,102907.0835660287,73847.38790133137,1.3935101361137436
61881,30247,59651.99335149035,44456.92195160545,1.3417931501516418
61884,30247,98338.99469618837,63868.541707606964,1.5397094104072186
61904,30247,44931.0411059914,36478.21179584563,1.2317226885312518
61933,30247,55495.85674077985,34956.25644499691,1.5875800896500936
61936,30247,55410.53154514281,31153.063720837217,1.7786543256765017
61939,30247,55421.012809993015,36016.63440472503,1.538761567425143
61947,30247,104946.71876330636,43592.73249210848,2.4074361198235206
61948,30247,109572.42035037494,49437.26827617092,2.216393101218126
61953,30247,60353.99204493989,40847.67887182128,1.477537860457844
61955,30247,123119.84552300103,49290.620192516864,2.49783518734651
61956,30247,138364.5384164535,54022.99866784219,2.5612154420968225
61987,30247,99127.55517835861,64066.87072976535,1.5472513960683292
62002,30247,57753.78741524973,31531.805847773587,1.8316041806824597
62005,30247,64707.131821362425,33240.4163487875,1.9466402328538444
62011,30247,44569.544017933935,30110.943103653583,1.480177617303723
62012,30247,43418.09541848361,30290.97604132232,1.4333673289118696
62014,30247,43351.82627286875,31746.359086760713,1.3655684469009834
62019,30247,38534.28787250736,34653.08387443855,1.112001691166417
62024,30247,42763.11408965564,36377.53788661242,1.175536239504357
62035,30247,90501.64284296757,41004.137323021896,2.2071344198760925
62046,30247,112920.96757029044,47060.673196164935,2.399476248450534
62094,30247,100790.7377707601,47493.13436174594,2.122217013580462
62112,30247,68268.10504690996,46858.2933651504,1.456905494080212
62125,30247,128549.59462465114,58912.60639514573,2.1820388281996523
62126,30247,132839.15373876083,57822.23622335658,2.2973714338135904
62141,30247,112901.53754460305,44933.09460202811,2.512658844100782
62142,30247,112113.13078827062,43824.638873901335,2.5582214404745907
62147,30247,87802.52564524629,40282.48102547278,2.1796702539181743
62158,30247,158061.88167972007,73177.86726468577,2.159968411049849
62161,30247,99127.55517835861,66476.31552766876,1.491171019204573
62195,30247,99932.72221718356,70926.67470260363,1.408958232374528
62207,30247,142409.25267250574,83669.92113866724,1.702036415649168
62208,30247,146499.75408434952,84864.83380152131,1.7262716194905614
62216,30247,115777.51634665621,78748.99766138045,1.4702093967531862
62226,30247,142409.25267250574,86275.47400852927,1.6506342539297671
62227,30247,58297.08744775398,42847.503991685044,1.3605713756177504
62248,30247,42502.12486565158,36772.8620858488,1.1558013832708323
62261,30247,75960.7986964612,35369.746413922294,2.1476206758033585
62266,30247,82205.38587891645,34965.63141075722,2.3510339313828568
62285,30247,34559.932089575654,31348.133917590694,1.1024558010511334
62286,30247,35904.75001679762,32602.904809112308,1.1012745713002379
62289,30247,50572.607667206285,42088.659253038175,1.2015732637897154
62291,30247,52411.21056708418,41712.375688036525,1.2564906626048675
62301,30247,83797.13294438455,48231.75262690721,1.7373851950309671
62304,30247,86653.57058543208,46468.95607935067,1.8647625833785018
62310,30247,72941.42251038233,50305.82282407181,1.4499598339832576
62324,30247,99933.21059730636,69397.44838200223,1.4400127515815608
62325,30247,45277.155633927774,36747.55287523111,1.2321134903229396
62332,30247,76991.58467346696,41375.385381227,1.8608064665519677
62333,30247,91391.76193589215,43476.10969206296,2.1021145310197045
62338,30247,82171.29468431219,53390.0364400358,1.5390754560844253
62361,30247,59940.450945990364,45238.76302219655,1.3249798832160902
62385,30247,97510.37059290717,59002.48810369906,1.6526484513929154
62390,30247,64773.10140247385,44022.29139783287,1.4713705112965223
62393,30247,92709.39138711432,56179.894112986614,1.6502236761190958
62395,30247,83294.82300271554,49401.72124033846,1.6860712726483307
62398,30247,43607.84473543704,37099.276940854885,1.1754365133573457
62399,30247,97202.61309838133,67294.77894158341,1.4444302310995036
62411,30247,46928.64013017356,31388.325917897026,1.4950985360903157
62413,30247,47517.15481074807,32232.481993322643,1.4742009262765379
62414,30247,39381.56533773875,28312.52634259141,1.3909590709500141
62421,30247,119200.10639321379,48521.810757962514,2.45662939060148
62425,30247,81484.44292378596,50744.46015152901,1.6057800729471492
62450,30247,43188.230520310084,37405.07780698951,1.1546087604244988
62455,30247,69542.69081112408,44827.28427536543,1.5513473978021204
62457,30247,34519.93828429256,31143.806796431832,1.1084045861807599
62460,30247,96392.06133676677,66709.84947719319,1.4449449682797044
62464,30247,40202.41604559317,34252.19214104201,1.1737180464260395
62486,30247,97643.87730322663,68701.97477258896,1.4212674035417254
62495,30247,73554.05944679934,51885.58729074862,1.4176202542457157
62505,30247,97700.83894522488,68429.302189416,1.4277631923643423
62511,30247,87867.6912789342,59489.263532706995,1.4770344438812029
62513,30247,89184.55896006804,60083.96941503833,1.4843320078274682
62521,30247,97756.13551671118,68040.80912765177,1.4367279985355599
62531,30247,76426.3267773544,53029.839640938335,1.4411947555344726
62537,30247,70996.9497043948,48741.20787552649,1.45661038777915
62553,30247,60619.712962809084,41036.56776621305,1.4772120638393051
62555,30247,101481.40354503535,73414.65180112475,1.3823044999238232
62563,30247,60510.62402567214,37980.506796367554,1.5932021220806711
62567,30247,45459.254285527604,31785.074092650033,1.4302075921867863
62569,30247,59346.23868001085,37169.08686920725,1.5966558147861383
62582,30247,60572.31776674819,40801.52642978033,1.484560090441555
62584,30247,74055.95938226744,47410.492256978905,1.5620162511889184
62588,30247,48566.65740409156,31351.791779778127,1.5490871381525633
62592,30247,57918.38899736752,36798.29571960261,1.5739421585906257
62610,30247,96579.65754310168,64342.946552030495,1.5010139062407282
62623,30247,55451.87016984687,33861.728211619775,1.6375971664322309
62625,30247,99124.18929255201,67061.73950457902,1.4781034614496356
62675,30247,51198.85576527988,32983.88454054076,1.5522385091528847
62694,30247,71118.104605169,43288.065576181376,1.6429032727279156
62697,30247,132599.6648493255,81976.01302259245,1.617542253644139
62699,30247,61991.78304449876,36997.9888794419,1.6755446693737663
62706,30247,101953.26500661808,67198.25986404257,1.5172009693836241
62731,30247,98249.63221878507,55963.582104851695,1.7555994188275421
62739,30247,53889.58833988653,32642.099121427058,1.6509228815040302
62740,30247,149503.0442884409,87446.33595113717,1.7096547575415793
62763,30247,108120.68852767708,60582.34765186041,1.784689645059617
62785,30247,70662.82747510374,36016.58852962,1.9619522658841138
62797,30247,74089.22144584636,40711.49934822196,1.8198598094393728
62802,30247,54465.574979815254,30441.49961365483,1.7891883012026186
62813,30247,54098.571959108995,28572.542997861,1.8933761675731462
62817,30247,54910.49341273314,29205.035222591396,1.8801721345043074
62842,30247,52205.836622503426,27361.172744122327,1.9080262790898896
62853,30247,68479.74185550236,33160.95496135333,2.065071465381817
62857,30247,65752.51192811473,32070.89506549433,2.050223786827175
62871,30247,114173.63101247724,46329.593867173564,2.4643779813786364
62875,30247,95681.94381743054,43138.82504114692,2.2180006925586557
62876,30247,110206.20544789753,45080.75029900951,2.4446400008191285
62894,30247,90272.5741346357,40368.04259581811,2.2362385770963145
62899,30247,94146.15946582444,40841.85994081,2.305138884523516
62908,30247,89608.68716633762,40272.0835091614,2.2250819763510066
62909,30247,93147.03018664371,42348.89892769403,2.199514805465941
62918,30247,110414.51703413177,47550.66998809738,2.322039143965166
62931,30247,67941.86328238543,46991.26166684696,1.4458403727074096
62932,30247,73323.03059862377,51268.00024063913,1.4301909622857116
62939,30247,56604.319363957315,28805.30408368169,1.9650658503557985
62943,30247,35929.42651498733,31930.43208687845,1.1252408491444197
62950,30247,67137.09030683587,45592.18105256989,1.4725571086284228
63013,30247,177501.19674354157,112327.92584035402,1.5802054156667598
63031,2646,143178.95808153777,93412.55160986773,1.5327593092576748
63058,2646,119005.61259427875,67135.07617931454,1.772629441522052
63079,30247,178621.21386509348,112349.95656927097,1.589864556422521
63088,30247,160158.4272446643,94813.69273965716,1.6891909028839647
63093,30247,207199.0937243947,121694.88554941947,1.7026113528842801
63094,30247,215888.12888834247,127325.40078502179,1.695562138876369
63096,30247,180972.82453616126,106825.19730744434,1.6941024130788083
63184,30247,167041.10020892145,94902.89111403287,1.7601265698872035
63240,30247,152320.76603516057,97987.7795001718,1.554487373957622
63276,30247,142097.93702214924,92083.40666632018,1.5431437885119215
63282,30247,194032.5180782143,111041.132752888,1.7473931800571247
63300,30247,245014.5465015026,145793.54606739365,1.6805582490478943
63302,30247,215951.63969707597,127556.85456082191,1.6929834185751693
70555,26178,37203.58696371312,22005.137639698296,1.6906773124016325
70587,26178,88100.07303871006,46761.47056762628,1.8840312755198756
70588,26178,52575.894787387086,34529.01059352563,1.5226585958777905
70648,26178,47156.245510477005,27845.233258868404,1.6935123176049622
70652,26178,51679.83957039467,29176.887893330764,1.7712594900228418
70653,26178,39202.29320440547,28698.507701582996,1.366004588532772
70658,26178,24579.928069587913,16131.857277242485,1.5236886644331575
70716,26178,34335.916353097185,24572.872757008383,1.3973098177259027
70735,26178,25445.956705000517,16571.582686183825,1.5355175897722488
70744,26178,41736.61473180913,29541.51815362756,1.412812114623299
70745,26178,52588.29942815769,31116.00330328608,1.6900724336471573
70878,26178,25983.125538068834,15485.227604160214,1.677929843994562
70943,26178,23971.360135235518,15545.054735555572,1.5420569784425913
70960,16526,136652.45864175746,41248.69835796562,3.3128914143146098
70967,20301,64140.72287371022,34100.497310165956,1.8809321837833943
70972,20301,88769.28067223146,39040.7214872863,2.2737612751634053
70973,20301,66390.82542662276,35425.237040083455,1.8741109721157805
70977,20301,65786.10176142963,34918.95756199841,1.8839652256120984
70981,20301,53199.47811894655,27606.035892295225,1.9270958831794605
70984,20301,89515.16734539805,38906.20320014606,2.3007942174388787
70993,20301,80211.7426827167,38184.97220460588,2.1006102152679196
71065,20301,97896.38628238658,53326.397704606796,1.835795975281665
71075,20301,48540.32785370096,23356.659520579247,2.0782221794573283
71092,16526,133971.08871409923,38660.74406243557,3.465300318528304
71112,16526,117538.74302320184,28840.215501521783,4.075515421061947
71127,20301,89515.16734539805,40262.14594825267,2.2233084014063316
71129,20301,76874.79171345955,38935.08970379055,1.9744346885625732
71159,16526,149089.54628449713,55518.6794368153,2.685394317675963
71172,20301,87279.01305839725,41655.36767556888,2.095264498399492
71181,20301,67988.38846571629,34849.231093632945,1.9509293700927008
71197,20301,81573.31548231034,35410.358841346366,2.303656843687856
71200,20301,98949.81906983619,56142.8829180519,1.7624641615619698
71201,20301,77914.48464519398,42902.199436306044,1.8160953440363419
71217,20301,88769.28067223146,39133.03186992424,2.2683977302677443
71234,20301,79538.59084045756,43107.951974979725,1.84510252044965
71258,16526,152653.66713420438,51641.85526955544,2.956006641074313
71259,16526,141034.90974191343,46317.90692751326,3.044932707400416
71269,9734,18663.40922374634,4908.776743739443,3.8020489009913283
71274,20301,16962.64894462004,9188.972029629824,1.8459789506295163
71280,20301,22294.60775710298,16424.55867589768,1.3573946306283005
71285,20301,45758.59617302821,31026.60839055436,1.4748178594653873
71287,9734,21485.94960006474,5073.960908635954,4.234551662291159
71288,9734,10714.546129441695,5573.003305141366,1.9225802574990412
71292,9734,14900.3122397107,8115.753779708936,1.8359739149510135
71301,16526,30427.005054591606,15196.335179067228,2.0022594063669015
71304,24206,65873.78836423311,48434.82587435123,1.3600500708957175
71315,20301,35831.834067468844,23307.56152616078,1.5373480416323526
71346,9734,8436.615405114379,5795.834564243601,1.455634268300655
71347,20301,36515.82652710712,22482.253825083073,1.6242066658978394
71350,20301,28276.53988320612,17493.928253406393,1.6163630874443624
71352,20301,28815.59174064784,19467.056938506357,1.480223324546292
71364,20301,28363.557296253173,17443.91616986168,1.6259856456578052
71373,16526,14769.154887911476,6516.164970367647,2.266540972347143
71374,16526,3544.6439642254604,2731.2415408573474,1.2978141666345566
71380,20301,23126.04901589223,9531.244182864099,2.426341049730923
71382,16526,5031.578895528139,3840.567062626864,1.3101135362252074
71391,9734,8741.535662208133,5344.477232801119,1.6356203387972084
71405,16526,48373.85690266671,26574.214297958817,1.8203306543810907
71411,9734,18196.943801280515,6497.168136014952,2.800750022215315
71412,16526,11255.408918570329,9335.35788939245,1.2056751387495908
71413,20301,3091.7319124253154,2484.7107581027385,1.2443025419932914
71418,20301,1807.0572159511973,1471.1288282687347,1.2283473623977532
71425,16526,94528.30638653798,42376.31232964175,2.2306874097776674
71427,20301,19700.337560241533,10963.902143699197,1.7968363181317744
71434,20301,17745.82929120077,8360.470961601353,2.122587276805966
71435,20301,19700.337560241533,9906.076423296625,1.9887124547021708
71439,16526,107716.83311586182,30369.1221513883,3.546919551342304
71440,16526,12935.256101636389,7521.830738204783,1.71969518483523
71446,9734,5993.5686899128,2618.3086940435755,2.2890993348292534
71451,16526,2194.7716732068775,1756.3650811549005,1.2496101731672449
71454,16526,13831.71571392789,8015.385294895471,1.7256457681125446
71455,9734,12664.466224446396,6468.691507711506,1.9578095831821218
71457,9734,18785.752823753235,6451.721430994965,2.911742706915998
71462,16526,14434.385684811245,9122.7062888897,1.5822482087788463
71467,9734,4628.188265429648,2587.082301118009,1.7889605844505114
71468,9734,5413.570268309905,3085.803969638504,1.754346783390811
71474,9734,15821.962734253339,8654.63763216539,1.82814849179245
71475,16526,10541.24451364005,6741.29576269863,1.5636822481469423
71478,16526,21869.664893269186,12706.968204096653,1.7210765417842577
71479,16526,18121.71949079576,10067.674933242177,1.799990525216518
71484,16526,23391.94102157877,14055.6744587363,1.66423468971562
71495,16526,96522.19119683617,35266.70526936791,2.736921140197176
71511,16526,38608.6917523481,25618.48013820197,1.50706410154189
71513,16526,89694.681700431,38920.67357052294,2.3045511156919547
71515,16526,89230.20804519475,39048.24104473688,2.2851274643322674
71521,16526,83335.81063481144,39461.51727036512,2.111824795378436
71526,16526,101349.53413807479,43655.62819021407,2.321568566061626
71533,16526,8390.319905550832,7038.300124915816,1.1920946473778264
71539,20301,24977.23997116891,11964.942610120866,2.0875352924836634
71540,20301,36249.07096496772,21043.744557958868,1.722558020276772
71553,9734,11339.029002803005,2934.473045341039,3.8640767277810197
71555,16526,29116.267779682883,11146.162170012109,2.6122235919030463
71556,24206,127235.20821597513,66253.70828226878,1.9204239508209775
71563,20301,38359.727967177554,19779.104877466416,1.9394066720824832
71589,16526,36024.53263716236,10428.726938129663,3.4543557282575823
71597,16526,4280.798444202176,3393.3394892282604,1.2615296694571956
71606,9734,12671.747787087394,6593.799095029297,1.9217673460266522
71616,20301,33918.1904473681,20851.926336822966,1.6266214401242667
71628,20301,28465.85900552388,15750.584095916653,1.8072891031960947
71633,16526,91108.9163212143,39174.627140780314,2.3257124054761205
71644,20301,48976.03368229976,34167.982107062104,1.4333897017634243
71661,16526,1988.7448369967194,1627.851806090521,1.221698946768948
71662,20301,23076.92335959015,16656.409526857133,1.385468057949731
71665,16526,101383.36727262041,47691.2145265015,2.125829008113911
71668,20301,26943.416528032518,17650.014192142196,1.526537952588602
71674,16526,31690.0785640511,22022.14016258364,1.439009938638644
71676,20301,5269.432478993706,4386.77560704631,1.201208575731482
71682,16526,10938.659759644668,9021.995234253616,1.21244353112869
71691,16526,257.8242054817169,184.05706756474777,1.4007840551464792
71693,24206,89197.232581598,52749.44956791874,1.6909604424734348
71723,16526,113183.97239593296,26616.041807045745,4.252471994764117
71726,16526,99062.75363888558,32757.146956114746,3.0241569502863443
71735,20301,1209.1009089285792,905.055340415595,1.3359414114648156
71738,20301,52520.67924108085,35291.983171926826,1.4881759119407796
71745,16526,92197.50424305444,49400.75359242341,1.8663177692332766
71785,20301,27615.405899012014,18303.378921208085,1.5087599955117634
71793,16526,12150.552370468708,9224.46286392815,1.3172097443183275
71796,20301,34053.90321389295,21361.622239074775,1.5941627856147271
71799,20301,33586.29899308174,21290.40159549068,1.5775324313372907
71808,16526,21140.62915568215,14047.736694253059,1.504913539868013
71809,16526,24999.632304090923,16562.853224700695,1.5093795715588543
71810,16526,27587.798105940925,11677.319650375963,2.362511169680339
71817,16526,99588.95551246172,31461.65328081524,3.165407571673587
71822,20301,88089.8054621683,46728.652558556816,1.885134722251638
71829,20301,48976.03368229976,36111.96889502578,1.3562271784368407
71835,24206,70370.41080174258,53251.068872502336,1.3214835362315194
71836,24206,73479.10068457057,62145.07361759617,1.1823801374299958
71862,20301,67420.25935198477,36631.07783703044,1.8405207635967915
71878,20301,33058.436796197864,20865.977398875486,1.584322467347226
71879,20301,49063.83185580517,39971.994330341724,1.2274551890087222
71886,20301,48976.03368229976,38062.534289977084,1.2867255056948876
71887,20301,47238.02082051525,39107.67190389713,1.2078965205752359
71894,20301,47238.02082051525,36382.891802767954,1.2983580600627644
71918,20301,31135.047900164598,19142.40122002762,1.6264964641734574
71923,16526,2385.267825681495,1844.617083265783,1.293096462848822
71925,9734,18900.62626397404,5076.976017092106,3.7228118077263606
71927,16526,14295.65178692942,8957.809171945688,1.5958870648529704
71932,24206,69511.56783072028,52704.99250448979,1.3188801388179456
71935,16526,95862.99729767317,42553.08405097018,2.252786124334684
71936,9734,6289.35963528285,3587.4158172088737,1.7531727448802343
71937,20301,7884.880572848823,5931.704811966287,1.3292773026975837
71938,16526,15042.102892053219,6021.251339941095,2.4981689092221777
71949,9734,12329.174390781509,5498.330454600373,2.242348744329448
71960,20301,46452.98091606695,31346.09954041798,1.4819381548945187
71968,20301,104410.37436221435,53526.51866915678,1.9506289024243608
71987,17214,104547.83783810826,52415.644172680055,1.9945922536730056
71988,30247,134192.29362499388,55193.51183345656,2.4313055858795845
71990,30247,130774.2092089644,58640.86326638377,2.23008669935341
71997,17214,120216.14026080194,55806.10662779844,2.154175367627585
72000,17214,104095.41648136193,53173.31475435622,1.9576627291762718
72001,17214,106843.54089132749,54929.7339895398,1.945094817165391
72005,17214,113704.69867294158,54930.01308017326,2.0699922009300007
72036,17214,125223.11749299438,65230.77480570278,1.9196938541046855
72055,17214,150019.54495494813,67070.79374664843,2.236734300799067
72066,17214,176287.83179070262,80856.34175493575,2.1802598035538923
72078,16526,111373.42465115053,57781.262299576025,1.9275007194151892
72088,16526,113906.40868031634,57940.39656094338,1.9659238707575344
72106,17214,93856.10283404731,40732.684791693995,2.3041963306377973
72111,24206,101460.4570642546,44423.82531287819,2.283919863939359
72140,17214,80853.16051780728,37609.715656889726,2.1497945173375905
72141,17214,114030.09846061064,47500.94694352825,2.4005857945563887
72144,17214,107563.02718036808,51128.72116417378,2.10376916792001
72146,24206,100270.47575624293,44440.87015300894,2.256267157033917
72149,17214,101055.56829258837,47290.00627707291,2.1369328585093044
72152,17214,170406.35741330433,78355.10082436212,2.1747959688710106
72206,17214,119109.1565823594,55636.80255861549,2.1408339642968044
72220,17214,143922.4742753472,67734.32041392846,2.124808714339029
72225,17214,152978.4215577793,79646.76348038533,1.9207110857110148
72236,30247,132440.27151117567,58361.02910135918,2.2693272128762247
72238,30247,125574.50400944956,55856.472438483375,2.2481638837423725
72239,30247,123708.70897353174,54911.584045075564,2.252870885530862
72242,30247,122230.80094327388,54006.904568098864,2.26324396705887
72244,17214,132538.18737498828,58355.3924634287,2.271224333861689
72245,30247,120456.97375787931,53212.386576088895,2.2637017714970695
72246,30247,120838.26560631591,53320.12774256617,2.266278621644207
72262,30247,105786.28346807517,47483.911580178225,2.2278342273772322
72266,30247,102177.0221577225,43301.54181923695,2.359662447685172
72298,17214,134063.94390905544,44482.67926080797,3.0138459763860084
72319,30247,118966.99821864147,51824.790036799444,2.295561605443381
72329,17214,153455.84235185498,65042.66222621477,2.3593105986059437
72360,17214,150602.66009358646,68866.81556720116,2.1868683610994957
72370,17214,73388.05534055774,38583.1947941105,1.902073058806421
72375,17214,78754.47272164027,37587.58383881109,2.095225728244928
72383,17214,81831.34649507873,35844.022994932326,2.282984432485387
72407,24206,83667.31064519714,49905.59317076685,1.6765116959717223
72412,17214,68907.8214344127,34602.357852624984,1.991419825432077
72416,17214,87475.2273938765,36481.66012589623,2.397786369699302
72422,17214,69439.38895446558,35050.09640319314,1.9811468749095793
72432,17214,72022.59756934425,36260.91532925976,1.9862321983700053
72442,24206,75053.5947892316,45203.21663226404,1.660359602277987
72445,17214,87475.2273938765,37201.37120100941,2.351397934264933
72451,24206,68418.1894555631,42246.42155068004,1.6195025979534539
72454,24206,82112.92984613095,49272.12224512429,1.666519039663578
72455,24206,67688.4274502911,41334.27873840676,1.6375857887510863
72464,30247,130144.9614322915,57510.08747204797,2.262993626910179
72473,24206,106099.55429413501,44623.69402583334,2.377650631808123
72476,17214,102305.40579733974,47741.10473557496,2.1429207883642754
72484,17214,75029.86525673082,38632.79183238333,1.9421289971033937
72485,17214,78042.06922262578,38906.51363663911,2.005886982099878
72487,17214,73927.36632392205,37985.73031661438,1.9461878370569945
72488,24206,109165.81931646877,42040.534632183815,2.5966800915252324
72489,24206,110542.89775587761,41220.36561540454,2.6817544217649156
72496,17214,99411.04570314959,42041.36484306363,2.364600818128561
72518,30247,203786.26765194975,92580.46999613706,2.2011798780072382
72527,30247,187399.3874595909,79834.68179045725,2.3473430751745163
72537,30247,189251.43062012046,85604.10510180892,2.2107751771371693
72551,30247,202143.66940066937,92335.9594414397,2.189219353147792
72591,30247,190414.191508242,85323.51054315676,2.231673196474144
72633,30247,181379.9276816683,79093.97374985546,2.2932205714597793
72747,30247,262567.14519310487,162257.56325793843,1.6182120569363279
72773,30247,268443.18266534986,166614.27033106994,1.6111656110364458
78353,26178,47976.60554422445,37009.50873239621,1.296331866794768
78678,26178,53386.3587665181,40709.345259055444,1.3114030310925415
78679,26178,53004.20358610899,42092.53957450161,1.2592303558281226
78731,26178,60499.31160789519,44901.241047895935,1.3473861790002837
78732,26178,56497.88180856803,43772.86091537883,1.2907057164435531
78734,26178,53183.59486608567,40669.999626565506,1.3076861409987897
78735,26178,51738.84513440306,35197.454029228815,1.469959875263645
78825,26178,31066.532795274557,22913.26982012697,1.3558314914960665
78840,26178,11200.363381967067,6540.351871692697,1.7125016515462064
78863,26178,21244.987650869312,15324.167903071617,1.3863713700638134
78866,26178,22156.23776808649,15907.66199491104,1.3928029005880567
78872,26178,27847.51411208889,13228.762137262638,2.105073310952376
78879,26178,8102.466564483083,5056.903642699652,1.6022584444890753
78882,26178,21057.197208524176,11750.344461660477,1.7920493545725824
78891,26178,14521.397799946664,8484.662477463695,1.7114879747446972
78900,26178,10872.093641659718,6890.745213499772,1.5777819821809724
78909,26178,16093.1976634814,11483.142996945595,1.4014627935715889
78928,26178,37342.627266188,24647.829768356514,1.5150472726052895
78933,26178,77457.19077111548,42173.64421433082,1.836625508990165
78942,26178,4952.887669345264,2830.09040870108,1.750081076603655
78943,26178,22931.128870260232,11822.391010786465,1.9396354637009063
78947,26178,10666.973654817813,5672.874727214817,1.8803471198904695
78948,26178,29988.45259606095,16695.779877575173,1.7961696198654213
78952,26178,44266.77242875992,26792.005066228397,1.6522381329555156
78953,26178,49172.0916019024,36156.69133187637,1.3599721044871003
78957,26178,28067.268731625965,21492.82215855105,1.3058903351349431
78958,26178,2694.3542402541616,944.0291227478684,2.8541007637682494
78968,26178,24954.36417233759,16838.11138023006,1.4820168134555145
78976,26178,28117.183127453292,21555.28524991881,1.3044217602065462
78978,26178,29204.20357431054,21615.748470525254,1.3510614084972692
78982,26178,26321.970513209093,18150.72202412235,1.4501886193963598
78986,26178,16457.251738041352,11321.27386472414,1.4536572416395968
78987,26178,16489.849000017086,11769.453378528364,1.4010717804533208
78993,26178,10429.207723132413,6585.839363413258,1.583580641378906
78995,26178,622.6904627362524,548.9362904856804,1.1343583463671472
79000,26178,7284.662371371514,4772.714461981106,1.526314308010734
79001,26178,22374.61443426956,16346.671125616944,1.368756627103496
79011,26178,53815.78708701171,38836.1228190346,1.3857147207453775
79015,26178,23491.5048898124,12060.838160192936,1.9477506105128444
79016,26178,3921.0950672034583,3056.8486971446755,1.2827246146876858
79017,26178,38032.51782564557,27631.15543740546,1.3764360275053624
79020,26178,24097.45697341645,18005.668191467463,1.3383261713572934
79023,26178,47845.7972020647,34351.89193842803,1.3928140344590918
79029,16526,99817.96437904549,33807.66793838293,2.952524396565045
79031,16526,139598.6631644594,52787.85833207812,2.6445221983864444
79037,16526,122629.45658089072,43209.40393710803,2.83802703595217
79046,16526,112573.91184222652,39113.52523625082,2.8781325938346223
79048,16526,99379.6117190035,31698.00413922548,3.1352009193545327
79058,16526,165687.01712763155,53811.09683327536,3.079049245938713
79066,16526,207400.1610365236,61631.46880429611,3.365166611477325
79072,16526,217147.66964668312,66303.93033925317,3.2750346553457272
79075,16526,217129.13389568776,71186.15991528459,3.050159387078658
79079,16526,217129.13389568776,71459.95328834775,3.038472933498164
79083,16526,153483.5291792565,56130.66806481422,2.7343969788855653
79084,16526,107057.97070323626,35647.85937619768,3.003208960555977
79089,16526,173255.5110595249,55249.759747358985,3.1358599901931115
79095,16526,207725.55066746677,61928.70693931669,3.354269141627887
79096,16526,187922.32507649114,62472.193781897186,3.0080955013772246
79101,16526,151738.24167778436,52243.68348056123,2.9044322981981727
79107,16526,86148.83797343106,29570.408904344946,2.9133461851037414
79112,16526,132163.36308956274,47838.678491899904,2.7626884198304262
79115,16526,145173.03575439472,49472.055291127326,2.9344452115461452
79122,16526,93211.6259128016,31587.27676708838,2.9509231390887503
79126,16526,136034.50650963298,49736.528611296475,2.7351025555638793
79140,16526,152081.71062505874,47489.20995177857,3.2024476882113926
79148,16526,150048.46019479114,51787.57356703453,2.8973834813976445
79164,16526,153839.984327078,54585.65389714756,2.8183226423732024
79171,16526,150743.13404680905,51782.023728624634,2.9111093617509507
79172,16526,154428.1643488582,49511.05699459983,3.1190641792539733
79173,16526,141128.9554676729,49062.82340397547,2.8764947811021715
79174,16526,158757.4511991969,49878.45956753168,3.1828860108290082
79191,16526,199994.68384684948,62084.56258943862,3.2213270981612934
79192,16526,197275.0475454957,58814.84153290757,3.354171199035163
79212,16526,69298.23583171859,26385.74104450676,2.6263516993829423
79226,16526,80418.70485896172,29390.151973133587,2.736246649301945
79252,16526,88503.94431797908,34633.742411478364,2.555425378709492
79262,16526,140081.75055191663,60834.65368350003,2.302663729799624
79275,16526,127137.51987386227,50213.207650533695,2.5319537592319294
79276,16526,137000.03066803497,59001.52557029016,2.321974378523874
79283,16526,86056.37802592326,26088.672061315207,3.298610899921171
79286,16526,76168.81683281716,40617.74315531034,1.8752596997221127
79287,16526,134480.7571692485,58285.682838112465,2.307269137478695
79290,16526,70483.96867216512,24669.789859475295,2.857096435505035
79298,16526,74660.42749581645,38460.8120972632,1.9412077755146813
79305,16526,83570.82634056344,31312.252198922077,2.668949707279132
79308,16526,66927.78382260707,36500.397579779,1.8336179400874435
79314,16526,79726.9177154256,23956.309862015118,3.3280132948121444
79315,16526,80658.78328730346,24662.51717854687,3.270500845609788
79320,16526,72714.35118513153,41198.70470426715,1.7649669257101706
79326,16526,76775.43303982369,41427.22559388784,1.8532603122510605
79332,16526,81023.82765388078,38361.844799171995,2.1120941414066094
79340,16526,59304.99316807873,34773.415376983976,1.7054693226174111
79343,16526,79889.62128263517,35276.12912588855,2.264693526819119
79345,16526,79531.10704653134,32341.79112423324,2.459081710751011
79348,16526,56952.140962397425,26061.374795490872,2.1853083887290268
79350,16526,83119.22197725381,32707.042721334466,2.541324897069829
79359,16526,100275.13920665308,43875.64709799286,2.285439551072519
79367,16526,50370.11936419799,29362.815915177904,1.715438992966653
79375,16526,87620.77410245778,38200.31307693044,2.2937187432469726
79376,16526,95973.78924094872,39222.799551017626,2.4468877882139526
79384,16526,73766.65303594591,42138.39612952558,1.750580463698736
79392,16526,64548.30863266354,25769.327195692862,2.5048503650282448
79400,16526,129927.26672814618,56836.27650403368,2.285991882647788
79401,16526,135227.04290938415,54496.872207877794,2.4813725527872847
79407,16526,79263.96582355561,32952.25692235774,2.405418421272866
79417,16526,57408.452072654254,32822.37194057916,1.7490646982060023
79437,16526,96765.93541565558,39968.732230681046,2.4210408991000096
79440,16526,136851.10027556773,57433.605181405976,2.3827705024492007
79442,16526,81883.70714882767,41546.082814782094,1.9709128177950257
79447,16526,135100.49308315426,63236.515734988614,2.1364316410052218
79451,16526,126848.95514996284,61430.8396743861,2.064906744272505
79456,16526,126835.31657619865,61827.67782358577,2.051432643776474
79467,16526,142899.08909421842,64080.45335974636,2.229994976658262
119284,1683,0.0,126296.3186766367,0.0
119295,1683,0.0,111579.32737544907,0.0
119296,1683,0.0,105673.43131734827,0.0
123665,1683,0.0,98104.25664457273,0.0
123667,1683,0.0,92201.23827430961,0.0
123670,1683,0.0,50494.6131279513,0.0
123673,1683,0.0,73777.91137905144,0.0
123674,1683,0.0,66367.85569156524,0.0
123676,1683,0.0,68518.09961579216,0.0
123678,1683,0.0,60403.493021006674,0.0
123679,1683,0.0,53767.365903736696,0.0
123680,1683,0.0,60508.621623358944,0.0
123683,1683,0.0,42870.35435588446,0.0
123685,1683,0.0,45742.43536024709,0.0
123687,1683,0.0,92265.37466220839,0.0
123688,1683,0.0,82284.86879715073,0.0
123689,1683,0.0,92666.55392489787,0.0
123706,1683,0.0,32145.39674791986,0.0
123711,1683,0.0,32426.85216065105,0.0
123713,1683,0.0,26434.338959931312,0.0
123720,1683,0.0,69061.31480055027,0.0
123725,1683,0.0,66989.99934620874,0.0
123734,1683,0.0,62088.67835839666,0.0
123735,1683,0.0,55623.65591691361,0.0
123745,1683,0.0,38056.670379500356,0.0
123748,1683,0.0,32122.80776602267,0.0
123750,1683,0.0,24127.552999175583,0.0
123751,1683,0.0,23449.319506232245,0.0
123752,1683,0.0,40771.2771860849,0.0
123753,1683,0.0,34212.263602014624,0.0
123754,1683,0.0,64930.85949648298,0.0
123767,1683,0.0,23760.41780562204,0.0
123772,1683,0.0,23760.41780562204,0.0
129281,1683,634.7895964670906,126774.99128468701,0.005007214672502731
129285,1683,634.7895964670906,121058.60234420745,0.0052436554212164565
129288,1683,634.7895964670906,127397.39557764892,0.004982751755550492
129310,1683,634.7895964670906,117288.02037327024,0.005412228754879371
129331,1683,634.7895964670906,125729.91258335108,0.005048835105538348
129332,1683,634.7895964670906,114199.4129860601,0.005558606475013817
129340,1683,0.0,115283.29663468225,0.0
129341,1683,634.7895964670906,119180.52461787938,0.005326286308122694
129349,1683,634.7895964670906,125704.24520193337,0.005049866020414459
129361,1683,0.0,9351.715753918443,0.0
129364,1683,0.0,24664.581961445,0.0
129368,1683,0.0,18779.132433767292,0.0
129377,1683,0.0,26826.346494428366,0.0
129382,1683,0.0,16184.852982251938,0.0
129383,1683,0.0,32963.82839859836,0.0
129384,1683,0.0,31948.907858137896,0.0
129385,1683,0.0,25688.536023241984,0.0
129386,1683,0.0,17710.15607407661,0.0
129387,1683,0.0,35800.60396301269,0.0
129391,1683,0.0,30885.33132469622,0.0
129392,1683,0.0,30820.137955915703,0.0
129395,1683,0.0,33633.92438493909,0.0
129402,1683,0.0,44726.02186936836,0.0
129406,1683,0.0,13155.447625366047,0.0
129407,1683,0.0,12149.53952584465,0.0
129411,1683,0.0,16564.569254236016,0.0
129413,1683,0.0,36172.06365983999,0.0
129414,1683,0.0,28824.33624923622,0.0
129416,1683,0.0,39083.29794819857,0.0
129418,1683,0.0,14007.326107037841,0.0
129419,1683,0.0,14677.762437611362,0.0
129421,1683,0.0,5158.810705272113,0.0
129423,1683,0.0,19062.115787820607,0.0
129426,1683,0.0,10230.853163827986,0.0
129427,1683,0.0,7622.41562185636,0.0
129430,1683,0.0,7963.227681186351,0.0
129434,1683,0.0,17233.82175546275,0.0
129435,1683,0.0,5469.54989811072,0.0
129436,1683,0.0,5271.2936835801,0.0
129439,1683,0.0,35006.1264072248,0.0
129443,1683,0.0,4180.699949030108,0.0
129448,1683,0.0,7939.416304216994,0.0
129450,1683,0.0,11990.666875724877,0.0
129452,1683,0.0,9576.675806463174,0.0
129453,1683,0.0,335.4183055294656,0.0
129454,1683,0.0,8611.55333875933,0.0
129456,1683,0.0,5515.158107362582,0.0
129458,1683,0.0,11452.061627716053,0.0
129459,1683,0.0,14227.287524314492,0.0
129460,1683,0.0,5490.561950435861,0.0
136617,1683,0.0,82274.40282576514,0.0
136625,1683,0.0,51318.294169135945,0.0
136626,1683,0.0,53934.18204579674,0.0
136627,1683,0.0,58209.712270686505,0.0
136628,1683,0.0,59929.594556686076,0.0
136631,1683,0.0,55321.445934661526,0.0
136633,1683,0.0,74332.66013627569,0.0
136634,1683,0.0,58382.621402557386,0.0
136636,1683,0.0,55686.699586709256,0.0
136639,1683,0.0,83407.64722686425,0.0
136640,1683,0.0,76650.72960609142,0.0
136641,1683,0.0,75541.31492807838,0.0
136646,1683,0.0,93194.26085272581,0.0
136649,1683,0.0,92647.32357137154,0.0
136661,1683,0.0,74298.71769436004,0.0
136662,1683,0.0,54613.03547566736,0.0
136665,1683,0.0,59652.04346896846,0.0
136667,1683,0.0,66915.57108424671,0.0
136684,1683,0.0,101570.11207983874,0.0
136698,1683,0.0,118113.97583317089,0.0
141495,1940,586.4957391585161,21764.682398035384,0.02694713060510623
141496,1940,586.4957391585161,23524.258643152407,0.024931529110237747
141636,1940,586.4957391585161,30083.401282094004,0.01949565920618176
141641,1940,586.4957391585161,30969.430734829988,0.01893789214856021
141644,1940,586.4957391585161,21256.48643737265,0.02759137738433353
141647,1940,586.4957391585161,24943.414527636593,0.023513049446726532
141648,1940,0.0,28329.174252267927,0.0
141650,1940,0.0,19151.24902861117,0.0
141651,1940,0.0,17889.626020829743,0.0
141652,1940,0.0,25769.33680197703,0.0
141658,1940,586.4957391585161,20589.59433100848,0.02848505559311763
141659,1940,0.0,14366.486082088086,0.0
141662,1940,0.0,59568.3587336284,0.0
141667,1940,0.0,21806.613495426544,0.0
141671,1940,0.0,9965.975780922041,0.0
141672,1940,0.0,18207.855335204084,0.0
141674,1940,0.0,22804.704757080843,0.0
141675,1940,0.0,12506.751744302728,0.0
141677,1940,0.0,15108.306646925872,0.0
141678,1940,0.0,15157.937807580678,0.0
141680,1940,0.0,16406.415343681492,0.0
141686,1940,0.0,16609.44745209103,0.0
141688,1940,0.0,10588.306897519571,0.0
141689,1940,0.0,20285.736160728746,0.0
141690,1940,0.0,22080.36525135727,0.0
141691,1940,0.0,24211.933438072985,0.0
141694,1940,0.0,20539.4641358275,0.0
141698,1940,0.0,48038.80570194844,0.0
141701,1940,0.0,48288.39070589819,0.0
141702,1940,0.0,49742.13489776867,0.0
141703,1940,0.0,21985.793029145036,0.0
141731,1940,0.0,48033.82254964182,0.0
141769,1940,586.4957391585161,21298.673382665314,0.027536726284363638
141772,1940,0.0,19298.86282728131,0.0
141773,1940,0.0,17011.339836803876,0.0
141775,1940,0.0,42821.90682445505,0.0
141776,1940,0.0,37857.823145978706,0.0
141780,1940,0.0,20791.16713000965,0.0
141781,1940,586.4957391585161,25802.520647483954,0.0227301722638368
141792,1940,0.0,22799.7631955537,0.0
141814,1940,0.0,13105.157113318124,0.0
141815,1940,0.0,50022.77688881107,0.0
141816,1940,0.0,37346.732121696594,0.0
141818,1940,0.0,27034.949890221218,0.0
141820,1940,0.0,17567.360709387405,0.0
141827,1940,0.0,50193.997870775485,0.0
141856,1940,586.4957391585161,33408.77685102789,0.017555139530361804
141876,1683,634.7895964670906,170807.65659524364,0.0037164001258522456
141877,1683,634.7895964670906,171159.68869536824,0.003708756432695409
141945,1940,0.0,11856.939225273325,0.0
141946,1940,0.0,11005.685210348542,0.0
141961,1940,0.0,9182.558927395525,0.0
142074,1683,634.7895964670906,171773.234533898,0.003695509362617377
142089,1683,634.7895964670906,169375.77671177426,0.0037478180693294076
142093,1940,586.4957391585161,16172.2879310361,0.03626547719528151
142094,1940,586.4957391585161,30814.486382332878,0.01903311747213728
142095,1940,586.4957391585161,14571.645982314902,0.04024910705834643
142096,1940,586.4957391585161,28254.207224408703,0.020757819693905433
142100,1940,586.4957391585161,31601.48037673069,0.018559122299548158
142103,1940,586.4957391585161,28953.70811363144,0.0202563256097202
142106,1940,586.4957391585161,17823.41188543867,0.03290591851483105
142107,1940,586.4957391585161,30560.27022682816,0.019191444800892007
142109,1940,586.4957391585161,18029.01941043703,0.032530651046889035
142111,1683,634.7895964670906,165396.23607542936,0.0038379930011079168
142118,1940,586.4957391585161,10104.039834035926,0.058045667751910286
142121,1940,586.4957391585161,13969.260635951907,0.04198473737751623
142123,1940,0.0,4865.414498151042,0.0
142124,1940,586.4957391585161,10489.539820785769,0.055912437454723525
142125,1940,586.4957391585161,12512.187861104137,0.046873955671790944
142130,1940,586.4957391585161,13742.43160168302,0.04267772663221323
142131,1940,0.0,3609.1191849718316,0.0
142132,1940,0.0,2021.7175266959255,0.0
142133,1940,586.4957391585161,13444.276547610016,0.043624194807475696
142134,1940,0.0,1809.4200198253918,0.0
142135,1940,0.0,2013.7051287272282,0.0
142136,1940,0.0,1498.9136200762666,0.0
142138,1940,586.4957391585161,11572.131370655261,0.05068173877162841
142139,1940,0.0,1680.609034857675,0.0
142141,1940,0.0,1042.2534233374095,0.0
142142,1940,0.0,1295.7712753502472,0.0
142143,1940,586.4957391585161,9688.553930566393,0.060534909890750804
142145,1940,0.0,5320.463154948566,0.0
142146,1940,586.4957391585161,17941.600459936526,0.03268915392850026
142150,1940,0.0,8338.075582730604,0.0
142151,1940,0.0,5399.9359123240265,0.0
142152,1940,0.0,5574.235422436853,0.0
142153,1940,0.0,4412.660909955524,0.0
142155,1940,0.0,4613.202004935448,0.0
142156,1940,0.0,3778.634229369556,0.0
142157,1940,0.0,7950.076970106958,0.0
142158,1940,0.0,5634.145511832506,0.0
142159,1940,0.0,8102.511452792871,0.0
142161,1940,0.0,10989.383706685132,0.0
142162,1940,0.0,7310.761686871995,0.0
142163,1940,0.0,1907.6485324689538,0.0
142164,1683,634.7895964670906,169553.87556910727,0.0037438813730232973
142167,1940,0.0,17234.83437904599,0.0
142168,1940,0.0,2085.9958652629316,0.0
142169,1940,0.0,1895.8312731684032,0.0
142170,1940,0.0,5357.907646623858,0.0
142186,1940,0.0,1664.0600471692483,0.0
142187,1940,0.0,550.6084006746206,0.0
142196,1940,0.0,6040.65703751851,0.0
142197,1940,0.0,6742.9056462110475,0.0
142199,1940,586.4957391585161,10290.756738220864,0.0569924791808764
142200,1940,586.4957391585161,8787.667085637606,0.06674077812040394
142201,1940,586.4957391585161,19240.275079598123,0.03048271070616972
142202,1940,0.0,8088.726585565645,0.0
142203,1940,0.0,9947.567471506682,0.0
142205,1940,0.0,12124.428854840362,0.0
142206,1940,586.4957391585161,22899.45447617427,0.025611777772642376
142209,1940,0.0,17218.934484990397,0.0
142217,1940,586.4957391585161,11871.951530177872,0.04940179697227327
142220,1940,0.0,2438.2661661857655,0.0
142230,1940,586.4957391585161,12767.942512286527,0.04593502348511784
142231,1683,634.7895964670906,168517.94910455451,0.0037668960478105785
142232,1940,0.0,668.0539001775679,0.0
142237,1940,0.0,9959.63822936142,0.0
142240,1940,0.0,17294.084674042737,0.0
142263,1683,0.0,113821.33309060012,0.0
142264,1683,0.0,106832.28211972154,0.0
142267,1683,0.0,119466.00477015793,0.0
142275,1683,634.7895964670906,141814.73261871256,0.004476189354556028
142276,1683,634.7895964670906,137838.79243185843,0.004605304394123326
142284,1683,634.7895964670906,141212.09487333897,0.0044952919722384185
142287,1683,0.0,136961.8732709505,0.0
142289,1683,0.0,114033.81808358396,0.0
142296,1683,634.7895964670906,134654.61586026938,0.004714205988495854
142299,1683,0.0,143046.67030843982,0.0
142304,1683,0.0,154100.55215945936,0.0
142306,1683,0.0,151938.35635008576,0.0
142307,1683,634.7895964670906,159208.72469485318,0.00398715332770712
142308,1683,0.0,147717.54678324127,0.0
142310,1683,634.7895964670906,145825.03430397267,0.004353090671275757
142311,1683,0.0,142934.87980401047,0.0
142312,1683,0.0,148938.19673471933,0.0
142315,1683,0.0,155469.53535450425,0.0
142316,1683,634.7895964670906,159543.71198230382,0.003978781667919948
142325,1683,0.0,167220.72379088134,0.0
142327,1683,634.7895964670906,164939.47550031633,0.0038486214081957185
142331,1683,634.7895964670906,166879.26727444198,0.0038038853288056736
142334,1683,0.0,174542.5496532343,0.0
142341,1683,0.0,166283.69239021733,0.0
142342,1683,634.7895964670906,164691.03144331757,0.0038544272320352123
142345,1683,0.0,165307.9085956335,0.0
142348,1683,0.0,178289.3863669813,0.0
142350,1683,0.0,144370.57090825518,0.0
142354,1683,0.0,180920.26175263902,0.0
142360,1683,0.0,184323.36875706323,0.0
142363,1683,0.0,198983.63650637685,0.0
142371,1683,0.0,206258.40165959529,0.0
142377,1683,0.0,233041.52091603877,0.0
142380,1683,0.0,251279.0709747926,0.0
142381,1683,0.0,246394.79232236772,0.0
145467,1940,16481.82904384468,97622.77790545946,0.1688317972246818
145497,1940,16481.82904384468,96714.07865194516,0.1704180950031021
145501,1940,16650.724045894927,109591.68565153221,0.1519341905082024
145502,1940,16650.724045894927,117606.00196478529,0.14158056364232707
145509,1940,16481.82904384468,91109.1952833015,0.18090192754523726
145510,1940,16481.82904384468,89377.60258247895,0.1844067033307926
145528,1940,16650.724045894927,113471.36275459331,0.14673943840707868
145529,1940,16481.82904384468,89636.3683940097,0.183874350770174
145534,1940,0.0,48087.91246405515,0.0
145536,1940,0.0,30491.093042752604,0.0
145542,1940,0.0,12205.165901844117,0.0
145543,1940,0.0,48226.495651834455,0.0
145545,1940,0.0,29701.542788845803,0.0
145547,1940,0.0,47481.73317671244,0.0
145553,1940,0.0,35786.77078358705,0.0
145554,1940,0.0,41218.53347014766,0.0
145562,1940,0.0,47604.407420913805,0.0
145563,1940,0.0,47800.03967666444,0.0
145567,1940,0.0,40155.68794233183,0.0
145570,1940,16481.82904384468,66738.96024015316,0.24695963174338562
145576,1940,16481.82904384468,67190.72319075477,0.24529917615342062
145583,1940,16481.82904384468,68989.03918545925,0.23890503822697878
145587,1940,0.0,48717.73676375313,0.0
145588,1940,0.0,39583.454480813416,0.0
145591,1940,0.0,46464.198176775084,0.0
145595,1940,0.0,28424.960012018964,0.0
145609,1940,16481.82904384468,89775.78766020124,0.1835887990894374
145611,1940,16481.82904384468,91295.19305800989,0.18053337193089627
145612,1940,16481.82904384468,89084.89840629595,0.1850126041416673
145613,1940,16481.82904384468,87978.77623740443,0.1873386940433184
145618,1940,0.0,24092.962543693993,0.0
145619,1940,0.0,21730.915696453434,0.0
145620,1940,0.0,19761.478865669076,0.0
145621,1940,16481.82904384468,67873.1946175316,0.24283266960867986
145624,1940,16481.82904384468,79294.03449175933,0.2078571124484473
145629,1940,16481.82904384468,65867.00700449607,0.2502289050832328
145639,1940,0.0,57936.455946483606,0.0
145645,1940,0.0,47629.763358202734,0.0
145649,1940,16481.82904384468,90718.21965763379,0.18168157516810085
145651,1940,16481.82904384468,80719.17810514654,0.20418727532600855
145653,1940,0.0,63320.5871954883,0.0
145662,1940,0.0,55678.134009802154,0.0
145666,1940,0.0,63370.239627218,0.0
145667,1940,16481.82904384468,61905.07411776425,0.2662435879244842
145669,1940,0.0,22216.986387848145,0.0
145670,1940,0.0,59598.56176474678,0.0
145672,1940,0.0,62950.97926359619,0.0
145680,1940,0.0,51285.60500224293,0.0
145685,1940,0.0,16635.305639814753,0.0
145686,1940,0.0,14757.322122467966,0.0
145689,1940,0.0,9055.552501269609,0.0
145691,1940,0.0,6811.982150629616,0.0
145692,1940,0.0,12633.75417977781,0.0
145693,1940,0.0,9651.154943192285,0.0
145694,1940,0.0,8635.819279472737,0.0
145697,1940,0.0,11736.185410196822,0.0
145701,1940,0.0,13506.702603471487,0.0
145703,1940,0.0,16049.200811317945,0.0
145707,1940,0.0,35132.59102235702,0.0
145708,1940,0.0,21336.09608822157,0.0
145710,1940,0.0,24173.73130086492,0.0
145712,1940,0.0,27894.13694439964,0.0
145713,1940,0.0,27603.732343433247,0.0
145725,1940,0.0,43563.439828110015,0.0
145726,1940,0.0,46147.96344712256,0.0
145730,1940,0.0,53982.44425664974,0.0
145737,1940,0.0,58414.707580058115,0.0
145738,1940,16481.82904384468,71741.80728248149,0.22973813551905528
145740,1940,16481.82904384468,75003.24216896028,0.21974822110644174
145742,1940,0.0,77144.61485764218,0.0
145745,1940,0.0,10372.51918912125,0.0
145746,1940,0.0,21044.76060198039,0.0
145750,1940,0.0,16620.562567251614,0.0
145753,1940,0.0,75655.57685750649,0.0
145770,1940,0.0,16434.705497625037,0.0
145771,1940,0.0,73243.77400649748,0.0
145772,1940,16481.82904384468,68861.83015062522,0.2393463695024236
145773,1940,0.0,62017.5203839433,0.0
145775,1940,0.0,47173.92100546887,0.0
145778,1940,0.0,14910.719636664568,0.0
145779,1940,0.0,13791.701241645942,0.0
145781,1940,0.0,13046.733843695738,0.0
145782,1940,0.0,11121.290827434043,0.0
145783,1940,0.0,17808.72819780269,0.0
145788,1940,0.0,31651.6913869915,0.0
145790,1940,0.0,16692.140650091682,0.0
145792,1940,0.0,12942.472126839903,0.0
145793,1940,0.0,16682.62949479347,0.0
145797,1940,0.0,56702.94909248516,0.0
145798,1940,586.4957391585161,54218.7095457032,0.010817220551221984
145799,1940,586.4957391585161,70782.2546264834,0.008285914912621008
145800,1683,634.7895964670906,190716.13905908325,0.003328452429872413
145802,1940,586.4957391585161,55722.1368659213,0.010525363386004797
145805,1683,0.0,175206.72172226058,0.0
145809,1683,0.0,177286.51194170662,0.0
145817,1683,0.0,185086.04857838905,0.0
145820,1683,634.7895964670906,182640.8558767189,0.0034756166325434243
145825,1683,634.7895964670906,193512.210470241,0.003280359388818572
145829,1683,634.7895964670906,203653.42872260296,0.003117009128934135
145833,1683,634.7895964670906,194957.95257773885,0.0032560333552639786
145835,1683,0.0,198542.83800446946,0.0
145836,1683,0.0,195468.14536630362,0.0
145841,1683,0.0,190368.41331752317,0.0
145845,1683,0.0,197746.78800370122,0.0
145846,1683,0.0,191154.27406349513,0.0
145847,1683,0.0,186871.89054037278,0.0
145851,1683,0.0,191438.49947479225,0.0
145857,1683,0.0,194393.74585699855,0.0
145858,1683,0.0,203308.83686139164,0.0
145862,1683,0.0,204737.32282642578,0.0
145866,1683,0.0,218909.4724285143,0.0
145867,1683,0.0,218911.71949723788,0.0
145872,1683,0.0,227146.6764168961,0.0
145874,1683,0.0,228959.240472731,0.0
145883,1683,0.0,224770.44432854574,0.0
145886,1683,0.0,192958.320215003,0.0
145888,1683,0.0,194113.15983993132,0.0
145893,1683,634.7895964670906,235659.61928182648,0.002693671484328177
145894,1683,634.7895964670906,241093.02601425807,0.002632965403277777
145897,1683,0.0,187174.6386514703,0.0
145898,1683,0.0,230480.29588641092,0.0
145911,1683,0.0,242457.1328570958,0.0
145913,1683,0.0,248960.09763479576,0.0
145914,1683,0.0,258553.30413508715,0.0
145916,1683,0.0,237659.40879559438,0.0
145918,1683,0.0,261842.86322514614,0.0
145919,1683,0.0,261478.76986026842,0.0
145921,1683,0.0,255145.54855866244,0.0
145925,1683,0.0,271026.07464892603,0.0
145927,1683,0.0,298566.7891376522,0.0
145930,1683,0.0,300867.5379580652,0.0
148826,1940,16650.724045894927,190637.35737390257,0.0873423985480316
148828,1940,16650.724045894927,178765.84407296366,0.0931426477593723
148841,1940,16650.724045894927,208623.278101475,0.07981239772196448
148847,1940,16650.724045894927,160504.5009683056,0.10373991972463689
148856,1940,16650.724045894927,163766.97140065188,0.10167327333152751
148861,1940,16650.724045894927,184933.13930355344,0.09003645376161626
148865,1940,16650.724045894927,141266.09131098192,0.11786780459041775
148866,1940,16650.724045894927,153992.8079314988,0.10812663441595098
148872,1940,16650.724045894927,177803.3813291826,0.09364683574306171
148874,1940,16650.724045894927,104219.2954782752,0.15976623109456556
148877,1940,16650.724045894927,125388.7281338932,0.13279282989548208
148880,1940,16650.724045894927,149543.2232109966,0.1113438889999164
148881,1940,16650.724045894927,163266.67264169588,0.10198483117516893
148883,1940,16650.724045894927,146393.34036340893,0.1137396278038395
148886,1940,16650.724045894927,148078.43839468496,0.11244529741402634
148887,1940,16650.724045894927,143586.54592465973,0.11596298203754835
148888,1940,16650.724045894927,152155.31126192707,0.10943242077978871
148895,1940,16650.724045894927,141086.60336644092,0.11801775397943626
148899,1940,16650.724045894927,154835.72748406092,0.10753799731143436
148904,1940,16650.724045894927,151043.63467435475,0.11023784009033785
148905,1940,16650.724045894927,145926.08032947744,0.11410382577466818
148907,1940,16650.724045894927,179664.64105050033,0.09267668890516262
148924,1940,16650.724045894927,147956.2395188382,0.11253816736654022
148925,1940,16650.724045894927,152570.1080682432,0.10913490366308984
148926,1940,16650.724045894927,148626.74807290826,0.11203046734042099
148928,1940,16650.724045894927,149153.15531181783,0.11163507745501676
148931,1940,16650.724045894927,124930.30848844472,0.1332801003003608
148935,1940,16650.724045894927,144841.30489787232,0.11495839572582808
148941,1940,16481.82904384468,75610.54391613722,0.21798320961856002
148959,1940,16650.724045894927,131427.95425039725,0.1266908865839293
148966,1940,16650.724045894927,106702.00998109547,0.15604883215269288
148967,1940,16650.724045894927,117681.65275383473,0.14148954961335172
148975,1940,16650.724045894927,114395.07768171794,0.14555454992759678
148983,1940,16650.724045894927,121799.77565780874,0.13670570373359656
148993,1940,16650.724045894927,128028.91428604,0.1300544032474896
148998,1940,16650.724045894927,127190.42052096235,0.13091177761418527
148999,1940,16650.724045894927,128436.30665846409,0.12964187836833618
149004,1940,16650.724045894927,124392.46452913342,0.13385637232064998
149007,1940,16650.724045894927,139251.2882369516,0.1195732136966795
149008,1940,16650.724045894927,132186.58760951224,0.12596379365720708
149009,1940,16650.724045894927,114774.27518298312,0.14507365887825382
149015,1940,16650.724045894927,127503.7875390104,0.13059003475328573
149030,1940,16650.724045894927,124546.11999877522,0.133691230574334
149032,1940,16650.724045894927,124657.79941556159,0.133571458215685
149035,1940,16650.724045894927,130170.88286099872,0.1279143513505642
149038,1940,16650.724045894927,105877.43232206916,0.15726414667145494
149047,1940,16481.82904384468,87757.29967117858,0.1878114881109733
149053,1940,16481.82904384468,79167.8334806936,0.20818845633642416
149054,1940,16481.82904384468,104290.03379998702,0.15803839008676904
149056,1940,16481.82904384468,83569.51409788462,0.19722298522089743
149057,1940,16481.82904384468,82101.83298422741,0.2007486123605913
149066,1940,16650.724045894927,98994.77277657406,0.16819801267158546
149067,1940,16650.724045894927,113896.14266232506,0.14619216820415384
149068,1940,16650.724045894927,104435.61963734796,0.15943529711141144
149071,1940,16650.724045894927,115963.13586544537,0.14358635545364293
149073,1940,16650.724045894927,124785.31346565488,0.13343496589025894
149074,1940,16650.724045894927,120860.35620827482,0.13776828538550112
149081,1940,16650.724045894927,93483.5817587916,0.1781138862314614
149082,1940,16650.724045894927,100777.85686689557,0.16522204940204985
149083,1940,16481.82904384468,103295.71927388405,0.15955965222667004
149085,1940,16481.82904384468,106840.60805047497,0.1542655863214306
149089,1940,16650.724045894927,114620.76538228914,0.1452679537635311
149091,1940,16650.724045894927,126111.61713254442,0.13203164327355243
149095,1940,16650.724045894927,120949.18809023972,0.13766710061312595
149098,1940,16650.724045894927,121522.20358648026,0.1370179568381969
149100,1940,16481.82904384468,87740.24289191453,0.18784799882704128
149102,1940,16650.724045894927,141905.49492918776,0.11733671098644773
149103,1940,16481.82904384468,87770.38991512741,0.18778347754615593
149105,1940,16650.724045894927,141974.36132358477,0.1172797953846397
149106,1940,16481.82904384468,97595.962811333,0.1688781848046975
149110,1940,16481.82904384468,105096.875476549,0.15682510987229475
149116,1940,16650.724045894927,134648.29021627296,0.12366086505183561
149117,1940,16650.724045894927,158746.29496480277,0.1048888986642915
149121,1940,16650.724045894927,153265.218543351,0.1086399393426975
149126,1940,16650.724045894927,147692.17709129304,0.11273937708699769
149127,1940,16650.724045894927,164116.8494145137,0.10145651775120183
149130,1940,16481.82904384468,112545.82182894269,0.1464454990510021
149133,1940,16481.82904384468,110342.48844548743,0.1493697421187597
149137,1940,16650.724045894927,123702.77186715942,0.1346026753852826
149141,1940,16481.82904384468,110373.70153950925,0.14932750115248117
149143,1940,16481.82904384468,170926.3914082076,0.09642647286973174
149145,1940,16650.724045894927,189875.24746048672,0.08769296824410967
149150,1683,634.7895964670906,251653.0693588454,0.002522479054534839
149152,1683,634.7895964670906,249501.68505506046,0.002544229696593048
149153,1683,0.0,260486.95396770243,0.0
149155,1683,0.0,257522.12290606444,0.0
149156,1683,0.0,257138.67051925315,0.0
149158,1683,634.7895964670906,243871.55720641604,0.0026029669213527696
149160,1683,634.7895964670906,254911.70379482492,0.0024902332337711115
149162,1683,0.0,279349.9932414931,0.0
149167,1683,0.0,267799.26195299096,0.0
149169,1683,634.7895964670906,261360.48905996178,0.0024287894423148867
149170,1683,0.0,265543.3196778683,0.0
149171,1683,634.7895964670906,261214.50023384488,0.0024301468559318616
149172,1683,634.7895964670906,261322.69469856922,0.002429140711254751
149175,1683,0.0,268493.03093015775,0.0
149176,1683,0.0,273884.79987983825,0.0
149179,1683,0.0,282949.64859510114,0.0
149182,1683,634.7895964670906,283079.550755407,0.00224244243278306
149183,1683,634.7895964670906,283097.81042971846,0.002242297796311225
149184,1683,0.0,277158.5680868541,0.0
149185,1683,634.7895964670906,287775.4438498476,0.0022058504644277585
149187,1940,586.4957391585161,263827.809621973,0.002223024706905915
149188,1940,586.4957391585161,267949.5153308216,0.00218882925925208
149193,1683,634.7895964670906,286134.1849587029,0.0022185031703174803
149194,1683,0.0,282161.7024305142,0.0
149195,1683,0.0,277145.4678469958,0.0
149196,1683,0.0,274109.4275540537,0.0
149197,1683,634.7895964670906,277341.96244843735,0.002288833578817374
149198,1683,0.0,267905.8103924175,0.0
149199,1683,0.0,267171.97649596125,0.0
149202,1683,0.0,320111.59607782844,0.0
149204,1683,0.0,324941.5270707627,0.0
149207,1683,0.0,270190.40427475004,0.0
149208,1683,0.0,271093.39576181717,0.0
149209,1683,0.0,294163.9707131479,0.0
149211,1683,0.0,273241.6933128782,0.0
149212,1683,0.0,275867.00549709174,0.0
149214,1683,0.0,287873.7547823575,0.0
149215,1683,0.0,280424.7803292023,0.0
149216,1683,0.0,285172.63635378995,0.0
149217,1683,0.0,284085.6996387684,0.0
149218,1683,0.0,284598.06063269754,0.0
149219,1683,0.0,284012.1609593957,0.0
149221,1683,0.0,291582.9828727401,0.0
149222,1683,0.0,290886.2001287421,0.0
149223,1683,0.0,291645.2922579245,0.0
149224,1683,0.0,292630.5541965333,0.0
149225,1683,0.0,293040.0879887423,0.0
149227,1683,0.0,298796.4768867113,0.0
149228,1683,0.0,297843.600077816,0.0
149229,1683,0.0,306940.77635505557,0.0
149230,1683,0.0,309423.2951754378,0.0
149231,1683,0.0,303227.12955672794,0.0
149233,1683,0.0,311363.34976556123,0.0
149234,1683,0.0,334100.1729658733,0.0
149236,1683,0.0,309013.7009511962,0.0
149239,1683,0.0,312375.82166971965,0.0
149245,1683,0.0,308026.753386892,0.0
149246,1683,0.0,285347.5015020734,0.0
149248,1683,0.0,288840.63202346995,0.0
149249,1683,0.0,286129.3547556376,0.0
149253,1683,0.0,311319.0484991313,0.0
149257,1683,0.0,288658.72293359385,0.0
149258,1683,0.0,304207.5919168441,0.0
149263,1683,4854.984670853242,339458.9389380663,0.014302126454649131
149271,1683,4854.984670853242,344265.8761303131,0.01410242782533437
150434,1940,16650.724045894927,205682.04884541305,0.08095370568001933
150439,1940,16650.724045894927,201643.28260002972,0.08257514870417247
150459,1940,16650.724045894927,195293.4412234266,0.08526002686821196
150466,1940,16650.724045894927,199885.71704516048,0.083301219777164
150511,1940,16650.724045894927,210696.35417967473,0.07902711041547379
150519,1940,16650.724045894927,203389.92995770316,0.08186601986321349
150542,1940,16650.724045894927,213760.0329898013,0.07789446798358864
150550,1940,16650.724045894927,157390.24009957054,0.10579260845755811
150554,1940,16650.724045894927,193530.96156860044,0.08603648693179664
150557,1940,16650.724045894927,229102.69112721024,0.07267799415175591
150570,1940,16650.724045894927,203120.47641528866,0.08197462087402649
150574,1940,16650.724045894927,204161.31560205223,0.08155670429921326
150582,1940,16650.724045894927,186174.19299228626,0.0894362627723855
150590,1940,16650.724045894927,195811.32938283117,0.08503452838186426
150604,1940,16650.724045894927,193940.0393940535,0.08585501012538962
150610,1940,16650.724045894927,195071.91952585612,0.08535684729184166
150617,1940,16650.724045894927,191134.8367140965,0.08711506668353414
150628,1940,16650.724045894927,147151.11226980895,0.11315391225426139
150631,1940,16650.724045894927,142822.35523518382,0.1165834579500974
150668,1940,16650.724045894927,152453.7339461051,0.10921821076406849
150669,1940,16650.724045894927,154723.68268373114,0.10761587209587349
150671,1940,16650.724045894927,185519.64002422188,0.08975181303564932
150674,1940,16650.724045894927,177181.6649432324,0.09397543504983819
150679,1940,16650.724045894927,146323.0280287145,0.11379428289733987
150680,1940,16650.724045894927,156311.2934559158,0.10652284731167491
150687,1940,16650.724045894927,139613.48638690787,0.11926300586571652
150688,1940,16650.724045894927,171623.38689721873,0.09701896895827292
150689,1940,16650.724045894927,172070.61917492456,0.0967668049649315
150698,1940,16650.724045894927,192733.63588962416,0.08639241390864728
150717,1940,16650.724045894927,203618.22119028383,0.0817742338998955
150718,1940,16650.724045894927,202999.07162526745,0.08202364627869756
150740,1940,16650.724045894927,232345.39769137438,0.0716636706013526
150744,1940,16650.724045894927,207642.4294322924,0.08018941066822934
150745,1940,16650.724045894927,210840.15708109929,0.07897321021009417
150747,1940,16650.724045894927,230159.57695332554,0.07234425899762388
150749,1940,16650.724045894927,222815.76222590922,0.07472866317694811
150754,1940,16650.724045894927,217201.12286664237,0.07666039579416989
150759,1940,16650.724045894927,206195.58192230802,0.08075208930601005
150771,1940,16481.82904384468,281746.0421095903,0.05849888403200272
150774,1940,16650.724045894927,235180.39520758347,0.07079979617858054
150777,1940,16650.724045894927,250900.32916062346,0.06636389877047681
150780,1940,16481.82904384468,251539.45682207748,0.06552383173627843
150781,1940,16481.82904384468,242534.39716811018,0.0679566660906266
150786,1940,16650.724045894927,253769.58223127757,0.06561355344282352
150788,1940,16650.724045894927,230373.64036580833,0.07227703664123805
150789,1940,16650.724045894927,244934.31727825225,0.06798036400501298
150790,1940,16481.82904384468,253498.42205061106,0.06501748180725983
150792,1940,16650.724045894927,240268.71285109545,0.06930042554568508
150795,1940,16481.82904384468,269329.4214197711,0.06119579865044321
150796,1940,16650.724045894927,276501.10127441096,0.06021937695419907
150801,1940,16650.724045894927,274912.73037885263,0.06056730811610231
150802,1940,16650.724045894927,274566.5615763541,0.060643670337345634
150803,1940,16650.724045894927,274589.7503039699,0.06063854906260206
150806,1940,16650.724045894927,289839.3188327194,0.05744812026523179
150810,1940,16650.724045894927,274155.21680107806,0.06073466060642714
150821,1940,16650.724045894927,268024.60438192985,0.06212386390530016
150822,1940,16650.724045894927,273966.0293040826,0.060776600982940916
150823,1940,16650.724045894927,268124.5386767011,0.06210070934973997
150825,1940,16481.82904384468,242814.39251262025,0.06787830356056031
150827,1940,16481.82904384468,251946.55334529455,0.06541795799546507
150832,1940,16481.82904384468,233066.06330052242,0.07071741295339301
150836,1940,16481.82904384468,240211.14027838182,0.06861392450301768
150837,1940,16650.724045894927,263251.24455895275,0.06325031463304687
150838,1940,16481.82904384468,251884.77161558327,0.06543400356492612
150839,1940,586.4957391585161,299820.89159453096,0.001956153675747439
150842,1683,0.0,347346.1596202755,0.0
150844,1940,16481.82904384468,291094.58993255615,0.05662018331451423
150845,1940,0.0,302660.18822521117,0.0
150846,1683,0.0,346674.47112271603,0.0
150849,1940,586.4957391585161,290111.3676735442,0.002021622743919799
150851,1683,5372.743997599209,361343.3721656833,0.01486880460930579
150852,1683,4280.641240934373,354246.2262377467,0.012083801954354451
150854,1940,586.4957391585161,296079.3236584018,0.0019808736790927657
150855,1940,52043.89970261105,349661.04584049474,0.14884099993898656
150856,1940,16481.82904384468,295838.4046190122,0.0557122698963658
150857,1683,5372.743997599209,360849.82272841805,0.01488914129699554
150858,1683,3291.1278092021885,353411.2559201498,0.009312458938619064
150861,1683,5372.743997599209,355519.58671882027,0.015112371296292323
150869,1683,634.7895964670906,343125.3773274947,0.0018500222904271467
150872,1940,16481.82904384468,288290.436702013,0.05717091844042287
150875,1683,0.0,341213.9331306404,0.0
150876,1940,586.4957391585161,292904.92633108766,0.002002341669376928
150877,1683,5372.743997599209,361009.6162985652,0.014882550921180442
150878,1683,0.0,346669.2056725192,0.0
150880,1683,5372.743997599209,360472.4430865048,0.01490472878202753
150881,1683,5372.743997599209,360449.1693772423,0.014905691159954241
150882,1683,634.7895964670906,329185.18800224306,0.001928366219390057
150883,1940,0.0,289527.9632049136,0.0
150886,1683,5372.743997599209,357253.24292855384,0.015039034925355991
150889,1940,0.0,297212.5736402117,0.0
150893,1683,634.7895964670906,345386.2205150149,0.0018379123391794219
150895,1683,5372.743997599209,364760.748665195,0.014729501508208384
150897,1940,16481.82904384468,304374.2624957761,0.054149877551073824
150900,21160,50537.17313017393,46561.43466973109,1.085386940686933
150903,1683,5372.743997599209,358716.42237213295,0.01497769174343938
150907,1940,25990.31760499185,337740.30376879894,0.07695355666756193
150910,21160,50537.17313017393,48677.60136271369,1.0382017953925855
150911,1940,44069.32077490842,355631.02969794156,0.1239186603383262
150916,1940,25990.31760499185,338988.65148645017,0.07667017019898886
150918,1940,25990.31760499185,339365.2753501907,0.07658508248427146
150920,1940,42725.866811017586,352250.64773875085,0.12129393397937914
150921,1940,43393.576552647464,356682.97938085115,0.12165866907350693
150925,1940,25990.31760499185,338691.6198174007,0.07673740973869991
150927,1940,45466.33481497829,349874.9937811316,0.1299502268613695
150929,1940,25772.841446529517,327473.269464284,0.07870212273719776
150930,1940,25772.841446529517,331821.65332005115,0.07767076436591346
150931,1940,45466.33481497829,352614.43300301855,0.1289406517701704
150932,1940,32336.746914770192,337665.69741438335,0.09576556683839442
150934,1940,39303.73011227247,346723.61486726627,0.11335752289995833
150935,1940,45466.33481497829,349874.40378398745,0.12995044599789934
150936,1940,42210.47902796165,351286.24985025637,0.1201597815056946
150937,1940,46311.75861452288,342065.73522199533,0.13538847609061827
150942,1940,46398.402468415305,346496.27846767684,0.13390736164210668
150943,1940,25772.841446529517,320352.70044879743,0.08045145681751117
150944,1940,30062.905540188414,332071.6548987861,0.09053138109409382
150945,1940,45466.33481497829,349886.5259808623,0.12994594372423804
150947,1940,43025.02549296992,353716.68674134143,0.12163696852795743
150949,1940,42725.866811017586,351292.0578437035,0.12162491538600949
150952,21160,50537.17313017393,43723.616117938225,1.1558324223197163
150953,21160,50537.17313017393,44491.24521484297,1.1358902832711444
150954,21160,50022.19507108563,45750.14951404449,1.0933777397979803
150957,21160,50537.17313017393,47356.88974534918,1.0671556641900681
150958,1940,38307.66255776256,340330.8409387305,0.11256006788012214
150959,1940,51875.858567555675,347153.06178701716,0.1494322368943477
150960,1940,44069.32077490842,352014.66045627143,0.125191719906742
150961,1940,30185.30939583782,338263.9568853826,0.08923596138877372
150962,1940,32289.491859027417,337050.4214291869,0.09580018242407487
150963,1940,46440.59992349894,351386.41335466213,0.13216390320881705
150964,1940,39303.73011227247,348139.15001938137,0.11289661076636849
150965,1940,32588.44315143523,336941.0086955178,0.0967185421495675
150966,1683,5372.743997599209,367325.8279177107,0.01462664367506122
150967,1940,25126.32521114568,334283.37620384415,0.07516474643903256
150970,1940,0.0,300494.2130049955,0.0
150971,1940,586.4957391585161,308128.4629513786,0.0019034130555185443
150974,1940,39149.6237625503,345283.26218149875,0.11338407635285613
150975,1940,25075.983034598532,334271.1490809471,0.0750168930329256
150976,1940,37720.47006639358,344238.74971340207,0.10957647881825615
150977,1940,41031.14495152145,346699.3699360905,0.11834790746543614
150978,1940,46440.59992349894,350155.21857593814,0.13262860999864656
150980,1940,0.0,297801.51038757217,0.0
150981,1940,0.0,298107.04117312527,0.0
150983,1683,1871.8473317855655,352467.98826264427,0.005310687478349789
150986,1940,21243.357083431827,330729.6625833423,0.06423178652165377
150989,1940,586.4957391585161,293036.3357419685,0.0020014437379361435
150990,1940,52028.96934071344,349704.1716294616,0.14877995048867226
150991,1940,47755.53668109552,351879.7122434035,0.13571551589783581
150992,1683,634.7895964670906,343741.3110418073,0.001846707323432198
150997,1940,55431.99459502788,344671.72339719447,0.16082547778701559
150998,1683,5506.499657069545,354737.97448384133,0.015522723962896088
150999,1940,46344.35932540816,344872.67614374415,0.13438107026516552
151002,21160,33723.59926551185,59410.53831467865,0.5676366554177429
151006,21160,33723.59926551185,56487.07860411859,0.5970143986708669
151007,21160,45882.380843076404,42641.520201790656,1.0760024648734183
151012,1940,45523.48905460598,367225.5538376006,0.12396601646828204
151015,21160,45882.380843076404,48465.55467761795,0.9467008300694331
151028,21160,33408.485245673124,74248.87107603975,0.4499527704799555
151036,1940,46077.87702942241,365845.78372644534,0.1259489081986423
151037,1940,46077.87702942241,367772.09316102194,0.12528921548500443
151044,21160,33723.59926551185,55163.72024337453,0.6113365653499818
151045,21160,33723.59926551185,53785.49836596822,0.627001706594762
151046,21160,45882.380843076404,45068.05862806955,1.018068721835284
151053,1940,45523.48905460598,372133.32001912186,0.12233112867255956
151056,21160,33723.59926551185,69968.9408046034,0.481979559468951
151059,1940,46077.87702942241,411847.8596297221,0.11188082189099977
151062,21160,33723.59926551185,77927.03256891035,0.4327586737720354
151071,21160,4862.405399926703,180771.6975514704,0.02689804579913429
151073,21160,1567.2157069065115,148745.9854502557,0.010536188268628108
151082,21160,1567.2157069065115,234474.07077064159,0.006683961692461655
151085,21160,1567.2157069065115,249802.62383070728,0.006273816034729174
151088,21160,4862.405399926703,197851.7851652956,0.02457599963459717
151090,21160,1567.2157069065115,279622.7046386817,0.005604751262711698
151095,21160,1567.2157069065115,265617.7748110193,0.005900266682158406
151097,21160,1567.2157069065115,267032.23825995723,0.005869013109124371
151102,21160,1567.2157069065115,265861.82456818275,0.005894850490295136
151115,21160,1567.2157069065115,258257.45533083027,0.0060684238714382634
151117,10964,662.6928069597643,331481.78698471875,0.0019991831617292275
151118,10964,650.5517880819607,357953.40162165015,0.0018174203265976542
151125,21160,1567.2157069065115,344291.0253727039,0.004552008595663974
151129,10964,650.5517880819607,365166.21753206826,0.001781522377613779
151135,21160,1567.2157069065115,362322.70019220153,0.004325469273868708
151138,21160,1567.2157069065115,352749.951707721,0.004442851655455544
151139,21160,1567.2157069065115,332013.52381946146,0.004720336957595481
151147,21160,1567.2157069065115,369241.77493050596,0.004244416025790888
151149,10964,650.5517880819607,327613.03645027673,0.0019857322990890743
151155,10964,650.5517880819607,317543.972993813,0.002048698269875952
151160,10964,650.5517880819607,315733.14082356443,0.0020604482202439974
151162,10964,650.5517880819607,365793.42077046534,0.0017784677119443892
151165,21160,1567.2157069065115,357400.01216308284,0.004385046596448871
151167,21160,1567.2157069065115,340193.89198260097,0.004606830821602952
151512,1940,16650.724045894927,271037.64905593847,0.06143325144640125
151546,1940,16650.724045894927,282089.8372328103,0.059026316613288665
151551,1940,16650.724045894927,270806.9085714629,0.061485595525348234
151560,1940,16650.724045894927,242145.27058564447,0.06876336674106433
151569,1940,16650.724045894927,247264.2469852821,0.06733979638748996
151574,1940,16650.724045894927,202490.32988136896,0.08222972452882034
151582,1940,16650.724045894927,239937.10034921096,0.06939620434547643
151589,1940,16650.724045894927,257877.23353446223,0.06456841427093159
151594,1940,16650.724045894927,239562.08753487378,0.0695048378365422
151606,1940,16650.724045894927,229341.32459085743,0.07260237148974197
151611,1940,16650.724045894927,215035.71536742998,0.07743236521172288
151617,1940,16650.724045894927,221353.80823179698,0.07522221631921798
151627,1940,16650.724045894927,225412.66846431638,0.07386773848751449
151638,1940,16650.724045894927,235098.3846638954,0.07082449362508111
151641,1940,16650.724045894927,251005.2162978112,0.06633616739717184
151642,1940,16650.724045894927,208541.15784996736,0.07984382659788485
151645,1940,25772.841446529517,259163.17690712473,0.0994463864585424
151649,1940,16650.724045894927,254703.31048640015,0.06537301778330828
151650,1940,16650.724045894927,253790.08798966752,0.06560825199198805
151654,21160,53220.599414190656,230724.325686374,0.2306674827453347
151656,1940,16650.724045894927,231015.57553691062,0.07207619662525547
151658,1940,25772.841446529517,258258.5701573787,0.09979471903226272
151661,21160,53220.599414190656,190522.20462549705,0.2793406654033033
151664,21160,53220.599414190656,144617.45889347847,0.3680095046711586
151665,21160,53220.599414190656,173820.32378156544,0.3061816838005164
151666,21160,53220.599414190656,188541.1271032948,0.2822758102269805
151669,21160,53220.599414190656,158133.57932809554,0.3365547004015419
151670,21160,53220.599414190656,158987.52070143947,0.33474702403928236
151673,21160,53220.599414190656,153824.5996828691,0.3459823690353322
151674,21160,53220.599414190656,156491.85028204712,0.34008543779289807
151676,21160,53220.599414190656,149004.6698155263,0.357174036760592
151678,21160,53220.599414190656,141263.24422126202,0.3767476791827795
151680,21160,53220.599414190656,165020.90236226714,0.3225082316987731
151682,21160,53220.599414190656,188932.22817719344,0.28169148232495717
151688,21160,53220.599414190656,148878.28865948337,0.3574772379061772
151697,21160,53220.599414190656,91491.64623718361,0.5816990031660506
151707,1940,25772.841446529517,289513.3893472727,0.08902124183146111
151708,21160,53220.599414190656,135769.14986159638,0.39199331710071067
151724,1940,55528.69978878495,293327.18342215935,0.18930635456608025
151727,1940,25772.841446529517,289553.2437686911,0.08900898885152221
151729,21160,23795.04133410528,23177.737938987193,1.0266334616752968
151730,21160,53220.599414190656,50218.89251017025,1.0597724631902725
151731,21160,18100.33041740709,16838.836259707514,1.0749157565429934
151732,21160,41867.66545016076,29278.329199736087,1.4299882061076816
151734,21160,45882.380843076404,37046.90977607151,1.2384941448668871
151735,21160,28798.60869235245,23792.909141054162,1.2103861920214312
151736,21160,45757.53294331759,34199.97065983524,1.337940707564865
151737,21160,47233.08795328235,36007.54514010881,1.311755293772288
151738,21160,50682.82246004671,41443.02806406319,1.222951720171135
151739,21160,45882.380843076404,36381.74894964715,1.26113730559183
151740,21160,51011.96028662316,41687.293911402565,1.2236812587316936
151741,21160,54878.604081490215,40248.616182045924,1.3634904572438549
151742,21160,28853.590106561187,23940.08546424494,1.2052417335625085
151744,21160,38955.67305859624,34465.874369974816,1.1302679467935608
151745,21160,24441.20318121033,23853.76296642995,1.024626731455624
151747,21160,53220.599414190656,48314.78743999205,1.1015385192430316
151748,21160,15157.88848097799,13446.083278301714,1.127308835386931
151749,21160,23795.04133410528,23622.60194849339,1.0072997625743294
151750,21160,53220.599414190656,35269.27811021868,1.508978983008186
151751,21160,17926.977784125706,15803.4875976778,1.1343684533760723
151752,21160,53220.599414190656,47710.920403367345,1.1154804594889862
151755,21160,53220.599414190656,64630.24579659827,0.8234627419131966
151758,21160,16872.856019247498,14623.68740094227,1.153803111119587
151759,21160,23795.04133410528,28014.37430042268,0.8493868568660575
151760,21160,53220.599414190656,60319.639612326704,0.8823096383903906
151761,21160,53220.599414190656,36311.28351455759,1.4656766234345293
151766,21160,53220.599414190656,42111.92991139262,1.263789133534647
151768,21160,53220.599414190656,51082.41986351412,1.0418574444278381
151769,21160,23859.558367438898,29604.35632620271,0.8059475471966566
151771,21160,23859.558367438898,25592.067246223138,0.9323028944041274
151772,21160,23795.04133410528,30495.27861648078,0.7802860775059638
151773,21160,23859.558367438898,25143.17843231901,0.9489475816140194
151774,21160,24469.931475069247,20579.163318363873,1.1890634763189538
151775,21160,19810.021411797068,17392.948700933324,1.13896854135688
151776,21160,53220.599414190656,35195.40083680042,1.5121464210898552
151777,21160,53220.599414190656,59102.67721179359,0.900476965256166
151780,21160,53220.599414190656,36442.59971994734,1.4603952468588473
151781,21160,23795.04133410528,30475.30768460961,0.7807974108206317
151782,21160,23795.04133410528,22194.672763775776,1.0721059772929604
151783,21160,22795.868540537613,20288.79302399309,1.1235694756992054
151784,21160,23795.04133410528,25332.225256054026,0.9393190331125222
151785,21160,53220.599414190656,36959.43126966414,1.4399734407675662
151787,21160,23604.333859590915,20647.75914986098,1.1431910692231142
151788,21160,53220.599414190656,38055.656043869836,1.3984938100354638
151789,21160,32918.14943882152,27821.93210220443,1.1831726609746596
151791,21160,38623.73491338983,31017.489321285368,1.2452244123732081
151792,21160,41243.885765093466,29884.020107993147,1.3801317766501526
151794,21160,11391.62812459974,18308.238212124903,0.6222132349717552
151795,20816,1691.3871323222252,130313.0670394647,0.012979413122169832
151797,21160,31366.700551004917,25738.27020402104,1.2186794334805204
151798,21160,18100.33041740709,17515.878001892925,1.0333670065212264
151801,21160,32401.235576327268,28097.806674602787,1.1531588907120742
151802,21160,11391.62812459974,15149.307264871279,0.751957031792142
151805,20816,1691.3871323222252,126082.76578566784,0.013414895539311604
151808,21160,11391.62812459974,12737.82156746827,0.8943152535354524
151811,20816,1691.3871323222252,127314.36728311404,0.013285123811368595
151813,20816,1691.3871323222252,124850.98834824155,0.01354724663936589
151815,21160,8346.535072429124,16230.026102864422,0.5142650430461139
151816,21160,11391.62812459974,27170.825117899098,0.41925955782238544
151820,20816,1691.3871323222252,128559.44881190818,0.013156459116411175
151821,20816,1691.3871323222252,124412.33681060094,0.013595011360465864
151823,21160,43564.82423218984,39392.0193740133,1.1059302093288803
151824,21160,11391.62812459974,17199.314055218983,0.662330374806026
151825,1940,50545.03997392357,351296.40531241114,0.14388146081077433
151826,21160,11391.62812459974,13608.277648753134,0.8371102073776033
151827,21160,45882.380843076404,39052.625474353335,1.1748859464828634
151828,21160,53220.599414190656,36982.160048106736,1.4390884508898563
151830,21160,42504.649868549575,37365.11677301238,1.1375489638305993
151831,21160,48484.28010883179,44009.24394913843,1.1016840044983542
151832,21160,47076.84319349522,42855.77163631365,1.098494821024407
151834,21160,41098.22983232956,37277.462137259645,1.1024953812843117
151835,21160,38686.033210410205,35018.591394508745,1.1047284219569309
151836,21160,27906.20147490746,24351.14486346461,1.1459913540564861
151837,21160,20359.619925800256,18044.207159432328,1.128318897356351
151838,21160,30437.242795406702,27112.131431613885,1.122642934664871
151839,21160,52225.48406466082,35423.79724390224,1.4743050753445348
151840,1940,50545.03997392357,351291.69965220825,0.14388338814712967
151841,21160,51408.78623093555,45530.88864446886,1.1290969221436609
151842,21160,52356.432714410665,40496.26644954134,1.2928706101745746
151843,21160,24687.837660529538,21353.004255053398,1.1561763096959492
151844,21160,21812.651541043517,18328.001559621818,1.1901271106992202
151845,21160,44224.7839517834,32568.14772839697,1.3579152342527212
151846,21160,30963.62715076924,25690.265140050116,1.205266936015314
151847,21160,32401.235576327268,28081.398820760565,1.1538326770379064
151848,21160,20826.474125485576,17144.09823062685,1.2147897104486018
151849,21160,23859.558367438898,25858.839969287837,0.9226847915752038
151852,21160,53220.599414190656,37090.346246212786,1.4348908759411998
151853,21160,32918.14943882152,27339.135956470567,1.2040669277636964
151854,21160,19163.744489970417,16720.922141135172,1.1460937577614607
151855,21160,46725.238434656196,39692.07496165448,1.1771931419507868
151856,21160,11539.8249780221,12325.586311863895,0.9362495775892244
151857,21160,1567.2157069065115,11249.842670452388,0.13931001106555824
151858,21160,22974.984032771,16925.192961633562,1.3574429600212685
151859,21160,4862.405399926703,14577.583584768181,0.3335535942326773
151860,21160,6433.323360945551,5620.934565569404,1.144529132282089
151861,21160,697.0131140197832,676.6621980129119,1.0300754439462319
151862,21160,2772.534856443979,2477.8455876504845,1.118929633978089
151864,21160,4862.405399926703,3544.1894825913155,1.371937201385627
151865,21160,3028.872449727159,2445.5985323736245,1.2384994550955288
151866,35739,1030.101352026235,782.982707943155,1.3156118795167835
151867,21160,2426.4569148488717,1881.097877950624,1.2899152900498687
151868,21160,1773.4834691709232,1558.7749570119931,1.1377418280894784
151869,21160,7161.906787483183,6837.688708055028,1.0474163263744685
151870,21160,19539.350571423853,16337.203591693327,1.1960033711864044
151879,21160,45882.380843076404,39848.15960394911,1.1514303621321893
151881,21160,45882.380843076404,39305.48151010923,1.1673277894147058
151882,21160,45882.380843076404,38373.55558362978,1.1956770787914661
151886,21160,45882.380843076404,38788.67244586831,1.1828809275983279
151887,21160,32706.956646687297,39525.774166985095,0.8274842766775359
151890,21160,32923.2129433938,38390.902876743465,0.8575785010604193
151894,21160,16172.928561678154,13121.929598465043,1.2325114565139876
151905,21160,33723.59926551185,23024.03678973978,1.4647127075709037
151912,21160,4862.405399926703,11122.914078564312,0.4371521136980963
151913,21160,33723.59926551185,30942.152521735414,1.0898918309520518
151915,21160,33723.59926551185,28757.998008631945,1.1726685305211246
151925,21160,4862.405399926703,11889.392160771036,0.40897005786134083
151931,21160,33723.59926551185,17917.647466161296,1.882144367959085
151933,21160,4862.405399926703,21936.715490682047,0.22165603606392595
151935,23017,1476.5166317805804,28092.085843513374,0.05255987896397222
151937,21160,22974.984032771,17604.215442575285,1.3050842343821052
151939,21160,13695.150683057358,12672.661408204967,1.0806846519382562
151940,21160,4862.405399926703,13825.51967056222,0.35169783963201806
151941,21160,1567.2157069065115,32725.545675689194,0.0478896737868835
151943,21160,11256.63567563478,10486.225458527884,1.0734687824664653
151944,21160,4150.701700484347,7619.033005869763,0.544780643066727
151945,21160,11568.817088499707,10747.740394783994,1.0763952852931014
151948,21160,4862.405399926703,16330.353370921624,0.2977526137667581
151949,21160,4862.405399926703,13909.269367654166,0.3495802167175054
151950,21160,22978.75376809034,19001.94472069237,1.2092843183080826
151955,21160,4862.405399926703,8666.304391765012,0.561070230183365
151957,21160,14184.66683915732,12886.780408946803,1.1007145608929165
151958,21160,4862.405399926703,13459.942222025147,0.36125009451898804
151959,23017,2802.473672031941,4401.878177939881,0.6366540732718605
151960,23017,4941.468085103068,2393.8289255036843,2.0642528095708994
151961,23017,1476.5166317805804,8642.111624991601,0.17085137242508314
151963,23017,1476.5166317805804,4566.501919253284,0.3233364745901653
151964,20816,6298.263592622073,141957.10396692535,0.04436737166806043
151965,23017,5270.006236128549,4661.371180199747,1.130569961584291
151966,23017,6444.765260165109,6462.954384697726,0.9971856331563034
151967,23017,1756.7557690877454,1748.0054183242657,1.0050059059724588
151972,21160,4862.405399926703,8625.119226069857,0.5637493549341135
151973,21160,4862.405399926703,8308.769792636176,0.5852136382736363
151974,35739,2491.703981041034,3440.547920363849,0.7242171999096958
151975,35739,2491.703981041034,3041.7779731780006,0.8191603736408617
151977,23017,1476.5166317805804,18752.94864510617,0.07873517171742998
151978,23017,1759.4153332747567,1643.2958638677057,1.0706625458995247
151979,23017,5260.147712000201,4958.099483172679,1.060920163028726
151980,23017,4437.863726080051,3667.7159574625334,1.2099802104496487
151981,21160,4150.701700484347,7619.399821207512,0.544754416080314
151982,23017,4991.325557300838,3280.892126089896,1.5213318102138895
151983,23017,1476.5166317805804,26176.781020211663,0.05640558442386517
151984,20816,6298.263592622073,141798.37233200227,0.04441703729768855
151985,21160,8346.535072429124,8377.254195017264,0.9963330320564451
151986,21160,8342.76561213984,8610.801334894957,0.9688721511122417
151987,27397,1041.0426941316366,1020.7755499106493,1.0198546528889347
151988,35739,2431.0877313792316,4159.302856487018,0.5844940402903357
151990,20816,1691.3871323222252,129558.63824574636,0.013054993130708955
151992,20816,5079.078408639175,137056.85375178358,0.03705818621692298
151993,20816,1691.3871323222252,130728.6199042875,0.01293815488575163
151994,21160,4975.225413291878,1905.7594245088271,2.6106261626249845
151995,21160,1567.2157069065115,9098.490488867723,0.17225007915588275
151996,21160,3886.3418085543053,3651.989207835226,1.06417121940456
151997,21160,33461.98435539971,21814.619614255156,1.5339247232866429
151999,21160,1567.2157069065115,11887.680389935458,0.1318352828726261
152000,21160,10983.818048381947,9851.996899069623,1.1148824102268249
152001,21160,1567.2157069065115,9158.224056926307,0.17112659585143433
152002,21160,9414.834821686403,8784.688972945118,1.071732289063619
152003,21160,32485.21713295962,26155.588046092667,1.2419991122246063
152005,23017,819.1181619863714,6625.262799010482,0.12363557293285198
152006,10964,662.6928069597643,15506.298692461545,0.042737007722025586
152007,21160,4862.405399926703,5102.8537241906415,0.9528796361290807
152008,21160,9464.387806093719,8840.887003173075,1.0705246886083788
152009,21160,7151.934782393934,6764.110304611512,1.0573356229152588
152011,21160,1756.8131109296314,1275.7258007372088,1.3771087093436651
152012,21160,4975.225413291878,2194.701092236057,2.2669262027946147
152013,21160,1567.2157069065115,7318.056601594201,0.2141573633859434
152014,21160,7746.974204406265,6835.288902685543,1.1333791906531598
152015,21160,4500.115556796121,4210.775949105498,1.068714082911984
152016,21160,1567.2157069065115,10945.17835792673,0.14318777233735078
152017,21160,1567.2157069065115,1561.6819030626907,1.003543489767646
152018,21160,1567.2157069065115,1888.0393512152532,0.8300757639917618
152019,21160,907.4177323554285,621.7342555483264,1.4594945095234444
152020,21160,1567.2157069065115,3142.69045303761,0.4986859922496337
152021,21160,1567.2157069065115,1754.294758647908,0.8933593965214919
152022,21160,3783.2617261634614,3264.97771115167,1.1587404450699832
152023,21160,1567.2157069065115,1191.7342470451056,1.3150714689893397
152024,21160,1567.2157069065115,9157.777888690855,0.17113493316341527
152025,21160,2769.559364689172,2315.0233621779494,1.1963418641631332
152027,10964,447.37453301840264,16898.12664471171,0.026474800575506937
152028,10964,1246.1119056273567,10725.680655741582,0.116180216959965
152029,10964,1765.467280355553,1824.8462268499848,0.9674608492371817
152030,21160,8353.80353245917,8802.532680498553,0.9490227228541265
152031,10964,1548.9438192614457,1252.6937461861712,1.2364904223216635
152033,21160,8346.535072429124,8606.426102864096,0.9698026768220919
152035,10964,447.37453301840264,9017.159946861779,0.049613684980058644
152036,23017,804.8657598981285,22761.415317582854,0.035360971568247856
152037,21160,8346.535072429124,7972.863361023036,1.04686794373435
152038,23017,1476.5166317805804,5528.89634919626,0.2670544966890585
152039,35739,2114.33039330817,1627.1777173464336,1.2993850461252472
152040,23017,804.8657598981285,7822.255844131143,0.10289432817542021
152041,23017,1894.9959545871789,1866.6611037142738,1.0151794296332228
152043,35739,2491.703981041034,6012.572617431627,0.4144156153419412
152044,20816,0.0,136435.10833859842,0.0
152045,20816,0.0,128615.21469714234,0.0
152046,20816,6055.197976695487,141829.11606551456,0.042693617112430096
152047,20816,5968.502403605199,141266.04205320444,0.04225008584410758
152048,20816,5985.921684861638,144176.50818464614,0.04151800983552395
152049,23017,1476.5166317805804,19237.34271316271,0.07675262918564671
152050,20816,6012.146103363533,143699.9361848984,0.04183819605617443
152051,20816,4719.747894497663,136476.29839478518,0.03458291256438419
152052,23017,721.0345128522129,1765.2910771899053,0.40845077742079694
152053,23017,6613.792472726776,5856.990974327033,1.129213362581065
152054,23017,1476.5166317805804,9596.438165859596,0.1538609019577132
152055,23017,6745.280099001265,11864.979696969742,0.568503298890935
152056,20816,4240.785117246594,135534.71012071407,0.03128929197155132
152057,23017,1309.6608690019239,910.7668958162708,1.4379759244852066
152058,20816,5985.921684861638,143846.93251338706,0.04161313404652936
152059,20816,1746.3682499740491,132098.61613677122,0.013220185805473603
152060,20816,1376.7232396535937,134771.12430805885,0.010215268639494984
152061,20816,5079.078408639175,137795.53540994317,0.036859528093772145
152062,20816,5941.883997148168,138009.50552999496,0.04305416481516746
152064,23017,701.3540756618227,2192.0501869321743,0.31995347544637387
152065,23017,6898.279793056095,7881.707982764432,0.875226512849895
152066,23017,6745.280099001265,10539.64909585251,0.639990955833209
152068,23017,4437.863726080051,3679.465592951312,1.2061163812977593
152069,20816,5449.881443131011,138146.58993901758,0.0394499889250742
152070,20816,4216.95962710274,134133.2051915789,0.031438595842690625
152071,20816,5968.502403605199,138565.4963995347,0.043073510785079115
152072,20816,1746.3682499740491,132606.87434372713,0.013169515220208943
152073,23017,1476.5166317805804,9147.128359391865,0.16141859759347957
152074,20816,5985.921684861638,139549.03664161562,0.04289475462474491
152075,20816,1746.3682499740491,132411.63373163034,0.013188933636402061
152077,20816,0.0,135408.85348786745,0.0
152078,20816,321.3037920860266,136863.32771424807,0.0023476251633809827
152080,20816,0.0,133625.38558722686,0.0
152081,20816,5941.883997148168,137841.14657778156,0.043106751102039466
152082,20816,5941.883997148168,137925.98268870745,0.04308023681483369
152083,20816,4913.344817497073,136912.418427516,0.03588677253625674
152084,20816,5968.502403605199,138276.05715301484,0.04316367219670226
152085,20816,2874.81127170913,136036.38224575948,0.02113266483752543
152086,20816,5941.883997148168,137730.59898202,0.04314135015069418
152087,20816,1691.3871323222252,130713.0836445905,0.01293969268540183
152088,20816,5941.883997148168,137068.26243139044,0.04334981630136575
152092,20816,0.0,133951.80017445452,0.0
152093,20816,0.0,136171.78683969626,0.0
152096,20816,0.0,136025.43603279933,0.0
152101,23017,4094.969479185143,3229.6587875685755,1.2679263502842077
152104,21160,3945.1349385358894,3073.801024188191,1.2834711510247554
152105,21160,33723.59926551185,20851.606159118153,1.6173142254926456
152106,21160,14655.355861775173,13278.376563293365,1.1037008772810615
152108,10964,1246.1119056273567,7345.772357139141,0.16963660797578312
152109,23017,313.96686003597506,376.83386748457264,0.8331704953478702
152110,21160,4862.405399926703,8415.489322743713,0.5777923556727187
152111,23017,804.8657598981285,1676.461667143673,0.4800979203237287
152112,23017,783.9857214205033,613.800816399004,1.277264057776798
152113,29809,197.5272961917106,178.3490765054767,1.1075319259398857
152114,21160,12464.510442045308,10975.353395678581,1.1356819222744177
152115,21160,3534.547190684067,3185.4049516088826,1.1096068614129704
152116,21160,3365.3251914723833,2836.7361742838816,1.1863370383119751
152117,21160,2753.872954225534,2652.894100482249,1.0380636579971017
152118,21160,6705.723712973751,6171.8849649921085,1.0864952524244471
152119,35739,730.0663340436499,305.6260820768235,2.3887566436824503
152120,21160,15797.041998381515,14174.313083638763,1.1144837781674124
152124,20816,6055.197976695487,141840.78262881044,0.042690105514586796
152128,23017,937.8698619786567,746.7073509864903,1.256007270772971
152129,21160,2422.065728249576,2055.507131160586,1.1783300050542866
152130,23017,523.3708065192861,628.7115211558955,0.8324498421105138
152131,17351,2025.4332374915093,1489.990108746802,1.3593601901123067
152132,35739,1886.5273537444352,1630.4890883821108,1.157031572420018
152133,3104,884.3125160571324,947.6909288670048,0.9331233307407053
152134,35739,1120.9466475929273,901.0547057380204,1.244038392402381
152135,35739,726.286811613551,489.635812474338,1.4833204457478606
152136,23017,1063.2151637677832,791.8972628630249,1.3426175510745368
152137,23017,1043.647153596083,1030.5708491243554,1.0126884090335353
152138,35739,1598.297985406888,1578.8140800865485,1.0123408484672696
152139,35739,765.8226130377543,680.6885077212922,1.125070578319974
152140,23017,987.6150915178065,479.02150739385104,2.0617343402616584
152141,21160,5110.158985313967,4779.965781152248,1.0690785707010066
152142,21160,3729.180518472747,3465.7208616988837,1.0760187179773955
152143,21160,2574.512463015537,2274.9897934347055,1.1316589069740932
152144,21160,2262.006040841661,2017.5941334324036,1.1211402746267185
152145,21160,3928.446113622057,3614.94756815077,1.0867228471675061
152146,21160,7856.590451633174,7310.655340151393,1.0746766310379057
152148,10964,1138.5406498684333,693.3875946374014,1.6419974321343596
152149,21160,2621.3995686680837,2070.752292416461,1.265916535873562
152150,21160,2803.7809367798113,1980.1776242240608,1.4159239567604358
152152,23017,1476.5166317805804,4589.515747610858,0.3217151248580427
152153,21160,16569.52711078833,14679.225591592658,1.1287739266217367
152154,21160,16172.928561678154,12941.364333115132,1.2497081563721921
152155,21160,45882.380843076404,34444.00284927964,1.3320861992680966
152156,21160,4862.405399926703,11135.062999354981,0.43667515847987265
152158,21160,19426.158192118008,15150.595651498254,1.2822042538107694
152159,20816,1376.7232396535937,134773.30688577212,0.010215103208979233
152162,21160,4862.405399926703,12745.383085831621,0.38150327590639355
152169,10964,447.37453301840264,5547.05734695312,0.08065078563936894
152170,21160,10435.347990523283,9404.513605240834,1.1096106006702993
152171,21160,10614.716026609318,9665.49629989663,1.098207034306437
152172,23017,5096.997794632417,4458.306282479702,1.1432587784878423
152174,20816,0.0,132459.36451989834,0.0
152175,23017,6444.765260165109,6889.532739873545,0.9354430123926517
152176,21160,19457.53896164233,16263.137096305654,1.1964197833677686
152177,21160,13079.532393882218,11832.392075538013,1.105400523442974
152178,21160,10435.347990523283,9404.513605240834,1.1096106006702993
152179,23017,1476.5166317805804,106767.11383349317,0.013829320459886708
152181,23017,1476.5166317805804,86200.08749598649,0.017128945859240893
152186,23017,1476.5166317805804,108748.73343721057,0.013577322559191852
152188,23017,1476.5166317805804,101412.68923632376,0.014559486025854496
152191,23017,1476.5166317805804,111259.67891068252,0.013270905023606118
152194,23017,1476.5166317805804,109707.19981734357,0.013458703113732727
152199,10964,650.5517880819607,137785.9417318737,0.004721467080784702
152203,23017,819.1181619863714,166653.30814673778,0.0049151029229203185
152215,23017,1476.5166317805804,176041.05741763965,0.008387342438404546
152218,23017,1476.5166317805804,148858.55841945446,0.009918923355552348
152220,23017,1476.5166317805804,171597.13811444765,0.008604552779871011
152223,23017,1476.5166317805804,171576.1164985667,0.008605607015198498
152224,23017,1476.5166317805804,158834.89092824192,0.009295921211968709
152229,23017,1476.5166317805804,171593.40489747515,0.008604739982068541
152237,23017,1476.5166317805804,115994.7349834614,0.012729169405758831
152238,23017,1476.5166317805804,121588.96367530363,0.012143508647080286
152240,23017,1476.5166317805804,166846.9798414745,0.008849525674264263
152244,23017,819.1181619863714,175043.08265904745,0.004679523175342306
152245,10964,650.5517880819607,239230.19497804862,0.0027193548378859713
152246,10964,650.5517880819607,239195.74997674173,0.0027197464342289413
152255,10964,650.5517880819607,237347.33937474183,0.0027409272410457513
152256,10964,650.5517880819607,230109.99324326505,0.0028271340106216848
152258,10964,650.5517880819607,232233.45882790783,0.0028012836365841655
152260,23017,819.1181619863714,223225.50767665743,0.0036694648855849646
152261,23017,819.1181619863714,228391.74315841834,0.0035864613609004692
152266,23017,819.1181619863714,202101.54945819685,0.004053002879900234
152267,23017,819.1181619863714,200597.17628594275,0.004083398266876665
152269,23017,819.1181619863714,197226.58062988278,0.00415318340646759
152271,23017,819.1181619863714,214337.8388163118,0.0038216218214664295
152274,23017,819.1181619863714,215633.63541876027,0.003798656737366807
152275,23017,819.1181619863714,219839.31837957207,0.0037259857245922285
152277,23017,1476.5166317805804,218128.28134387525,0.0067690288608329464
152285,23017,1476.5166317805804,184381.9801153081,0.008007922633530685
152286,23017,1476.5166317805804,185629.7437530785,0.007954095081576028
152287,23017,1476.5166317805804,212701.83693643968,0.0069417201705775505
152290,23017,1476.5166317805804,217229.30497084552,0.006797041642142825
152291,23017,1476.5166317805804,193253.41715186226,0.007640313188461268
152293,23017,1476.5166317805804,223570.82813603696,0.00660424548269848
152296,23017,1476.5166317805804,222042.9144133392,0.006649690379365147
152300,23017,1476.5166317805804,179419.11070779792,0.008229427879537517
152309,23017,819.1181619863714,199491.24477626508,0.004106035645348922
152314,23017,819.1181619863714,194681.78399903202,0.004207472035444488
152316,23017,1476.5166317805804,179778.65996938347,0.008212969392652238
152317,10964,650.5517880819607,208844.3155063186,0.003115008356845979
152319,10964,650.5517880819607,232226.4914141792,0.0028013676825599213
152320,10964,650.5517880819607,204182.21248219186,0.0031861335038609194
152324,23017,819.1181619863714,290511.15749283036,0.0028195755683035574
152326,23017,819.1181619863714,295459.229656476,0.0027723559793300153
152327,23017,1476.5166317805804,295903.8503058755,0.004989852718220148
152328,10964,650.5517880819607,244146.8684954883,0.002664591981420325
152329,23017,819.1181619863714,303609.91706626635,0.002697929533729919
152330,23017,819.1181619863714,302341.5444202179,0.002709247793111412
152331,10964,650.5517880819607,246586.4085352563,0.0026382305170276504
152333,23017,819.1181619863714,248287.4353641421,0.003299072145092805
152336,23017,819.1181619863714,270956.4163439223,0.0030230624284116334
152337,23017,819.1181619863714,303335.8042610877,0.0027003675480436816
152338,23017,819.1181619863714,297264.5623202969,0.002755519042003356
152339,23017,819.1181619863714,271934.0029484403,0.003012194698364659
152341,23017,819.1181619863714,293182.91151077126,0.002793880986328488
152342,23017,819.1181619863714,296420.7066257686,0.0027633635022013114
152347,23017,819.1181619863714,274408.19468938594,0.002985035351854435
152350,23017,819.1181619863714,302557.7629015744,0.002707311668789805
152354,23017,819.1181619863714,284476.75792744994,0.002879385184062281
152355,23017,819.1181619863714,303288.91170613654,0.0027007850612752815
152365,23017,1476.5166317805804,258327.6851533451,0.005715673219090357
152366,23017,1476.5166317805804,285765.8299275294,0.005166876082262974
152369,23017,1476.5166317805804,278510.6252200269,0.00530147325838687
152370,23017,1476.5166317805804,272701.81757950835,0.00541439967245576
152371,23017,1476.5166317805804,292857.32834791037,0.005041760915152854
152376,23017,1476.5166317805804,253826.8190279873,0.00581702373860572
152378,23017,1476.5166317805804,253822.78525962675,0.005817116183128719
152380,10964,650.5517880819607,247498.24296773307,0.002628510733172254
152386,23017,1476.5166317805804,294666.1049454457,0.005010812601109794
152391,23017,819.1181619863714,297977.68548388535,0.0027489245063978774
152399,23017,819.1181619863714,339714.02352312976,0.0024111991418293657
152400,23017,819.1181619863714,339592.11732889357,0.002412064709950434
152401,23017,819.1181619863714,339343.95784472546,0.002413828633310093
152404,23017,819.1181619863714,340109.95636964304,0.002408392188013826
152408,23017,819.1181619863714,317996.2209982811,0.002575873887478679
152410,23017,819.1181619863714,339703.8931207257,0.0024112710468562957
152413,10964,650.5517880819607,337815.4922278857,0.0019257606683209998
152414,23017,819.1181619863714,330378.12392702536,0.002479335351414793
152416,23017,819.1181619863714,322215.52507256344,0.002542143684113001
152421,23017,1476.5166317805804,316375.9509876037,0.004666968608617264
152424,23017,1476.5166317805804,307840.4201838387,0.00479637024565787
152426,23017,1476.5166317805804,305006.59937957843,0.004840933392208562
152427,23017,1476.5166317805804,319426.4566856383,0.004622399306246839
152428,23017,1476.5166317805804,328238.5758463802,0.004498303186861281
152431,23017,1476.5166317805804,323060.80858776957,0.0045703984901017125
152432,10964,650.5517880819607,355109.9173251344,0.0018319730211486132
152433,23017,819.1181619863714,343330.97504618234,0.002385797441888806
152439,23017,1476.5166317805804,318329.3742873359,0.004638329827670323
152442,23017,1476.5166317805804,311493.1950318937,0.004740124841665964
152443,10964,650.5517880819607,331474.7669439369,0.001962598221517085
152446,23017,1476.5166317805804,322528.7785664257,0.00457793762883236
152447,23017,819.1181619863714,343373.70355615864,0.0023855005596035836
152554,1940,16650.724045894927,281320.7177534633,0.059187692178742646
152559,21160,53220.599414190656,430285.9208338418,0.12368659265228946
152564,21160,53220.599414190656,414493.7306971189,0.12839904556501072
152566,1940,16650.724045894927,292155.73839093157,0.05699263049769267
152576,21160,53220.599414190656,398821.23738907714,0.13344474773360768
152586,21160,53220.599414190656,379610.5066604925,0.14019790938449683
152587,21160,53220.599414190656,381656.3952124668,0.13944637134814136
152603,1940,16650.724045894927,266238.8334152795,0.06254055365365546
152607,1940,16650.724045894927,285272.9247809352,0.058367698437141326
152608,21160,53220.599414190656,371022.0363565596,0.14344323031811673
152610,21160,53220.599414190656,397755.29365893797,0.13380236608447393
152616,1940,16650.724045894927,270596.2721762166,0.061533456880188325
152618,21160,53220.599414190656,376342.8816761644,0.14141518813151335
152622,21160,53220.599414190656,371185.1744759726,0.14338018615459466
152629,21160,53220.599414190656,362092.2563188463,0.1469807721248984
152630,21160,53220.599414190656,271108.248171386,0.19630756265499633
152633,21160,53220.599414190656,274497.4949131852,0.19388373446184867
152639,21160,53220.599414190656,285704.18901464995,0.18627868074927556
152646,21160,53220.599414190656,236372.86487075553,0.22515528355291853
152647,21160,53220.599414190656,244020.2500714776,0.218099110211556
152657,21160,53220.599414190656,204510.1655199119,0.2602344938643595
152661,21160,53220.599414190656,172177.38138584676,0.3091033153473518
152673,20816,1691.3871323222252,98579.18613220824,0.017157649587955032
152674,20816,36.81869040717811,119604.50933899879,0.000307836975467386
152678,20816,36.81869040717811,120141.06096219058,0.000306462171320139
152679,20816,36.81869040717811,117656.96142402061,0.00031293252827164445
152680,20816,1691.3871323222252,116775.18190028313,0.014484131857456985
152683,20816,36.81869040717811,114679.45406091557,0.0003210574266216921
152696,20816,36.81869040717811,115623.3262220274,0.0003184365266959755
152700,20816,0.0,123737.087042003,0.0
152712,20816,0.0,133265.20916009616,0.0
152714,20816,0.0,135155.61179865574,0.0
152715,20816,0.0,126512.16210688291,0.0
152719,20816,0.0,132695.49435751553,0.0
152721,20816,0.0,131966.7500505787,0.0
152722,20816,0.0,136582.81988037773,0.0
152727,20816,0.0,126230.2320686426,0.0
152733,20816,0.0,129626.77477564104,0.0
152735,20816,0.0,119651.55403286616,0.0
152738,20816,0.0,140985.94592773545,0.0
152744,20816,0.0,139416.06235119895,0.0
152750,20816,0.0,118517.01981593277,0.0
152756,20816,0.0,143936.86373176184,0.0
152758,20816,0.0,137123.05931973254,0.0
152762,20816,0.0,120895.10487340124,0.0
152764,20816,0.0,124949.69466863116,0.0
152766,20816,0.0,113942.05899979918,0.0
152769,20816,0.0,121006.92047754033,0.0
152770,20816,0.0,143880.38901502523,0.0
152778,20816,0.0,126833.50517868272,0.0
152780,20816,0.0,110391.06088783163,0.0
152783,20816,0.0,141285.23570205024,0.0
152786,20816,0.0,126640.28515909256,0.0
152791,20816,0.0,104910.69379420672,0.0
152796,20816,0.0,122784.86862850917,0.0
152800,20816,0.0,124879.75151696922,0.0
152803,20816,0.0,121834.7246606626,0.0
152804,20816,0.0,121564.83629423109,0.0
152807,20816,0.0,117824.25542295873,0.0
152809,20816,0.0,100094.90964197749,0.0
152814,20816,0.0,94403.41869921028,0.0
152816,20816,0.0,91253.35356695854,0.0
152818,20816,0.0,93870.7714196116,0.0
152822,20816,0.0,85852.75627694845,0.0
152824,20816,0.0,84369.77520943635,0.0
152827,20816,0.0,71125.48011661046,0.0
152828,20816,0.0,71992.59553694018,0.0
152829,20816,0.0,128236.96655551706,0.0
152833,20816,0.0,118699.14988425172,0.0
152835,20816,0.0,109424.80808955869,0.0
152837,20816,0.0,98405.16272357097,0.0
152838,20816,0.0,114227.86482994478,0.0
152844,20816,0.0,133247.3294147781,0.0
152846,20816,0.0,89978.69161228156,0.0
152847,20816,0.0,104163.94783850484,0.0
152848,20816,0.0,142835.22510808439,0.0
152851,20816,0.0,146924.54988623247,0.0
152852,20816,0.0,141153.89990046708,0.0
152862,20816,5985.921684861638,156346.25829612662,0.03828631238186744
152866,20816,5985.921684861638,179166.13469075554,0.03340989464997647
152873,20816,5985.921684861638,158243.6458735905,0.03782724830318534
152874,20816,5985.921684861638,169020.60071622473,0.035415337890744074
152882,20816,5985.921684861638,163912.6406572752,0.03651897535698664
152884,20816,0.0,149107.30884393747,0.0
152887,20816,5985.921684861638,161016.20681228404,0.0371758955410007
152889,20816,0.0,152918.80952229642,0.0
152899,20816,0.0,157308.7720928154,0.0
152901,20816,0.0,145054.37607842713,0.0
152903,20816,0.0,143526.30623864202,0.0
152905,20816,0.0,143959.72025622573,0.0
152909,20816,0.0,135989.72683657517,0.0
152912,20816,0.0,139047.1488435995,0.0
152922,20816,0.0,151013.5910246379,0.0
152927,20816,5985.921684861638,220018.84236543629,0.027206404781093388
152937,20816,5985.921684861638,194151.20484295514,0.030831236353663246
152940,20816,5985.921684861638,223114.43052649748,0.026828931103811945
152941,20816,5985.921684861638,221736.96750208296,0.02699559641450137
152952,20816,5985.921684861638,206312.8986680529,0.029013802450096375
152953,20816,5985.921684861638,206082.24389865063,0.02904627575680639
152955,20816,5985.921684861638,198762.19238317685,0.030115997479650884
152956,20816,5985.921684861638,231842.4464728042,0.02581892046055425
152957,20816,5985.921684861638,213905.1987892167,0.0279839934641336
152958,20816,5985.921684861638,238973.8641416759,0.02504843659938008
152986,20816,0.0,206431.16162893217,0.0
152994,20816,0.0,207507.4653748172,0.0
152996,20816,0.0,204523.5127021495,0.0
152998,20816,5985.921684861638,239314.58696728217,0.025012774025680272
152999,20816,5985.921684861638,216089.4793161949,0.027701125033036355
153005,23017,1476.5166317805804,239509.5510559695,0.006164750529867356
153012,21160,53220.599414190656,404465.1355532936,0.13158266247444741
153015,21160,53220.599414190656,409762.8039553012,0.1298814799695587
153026,21160,53220.599414190656,409697.32566173916,0.1299022377757269
153034,21160,53220.599414190656,396311.79686356033,0.13428971793265368
153036,21160,53220.599414190656,372838.49407642387,0.14274437929491685
153037,21160,53220.599414190656,370118.1825494357,0.14379352845514992
153042,21160,53220.599414190656,361982.67800770025,0.14702526570362168
153044,21160,53220.599414190656,358730.3195544494,0.14835824159020558
153046,21160,53220.599414190656,361065.20780894643,0.14739885833129548
153047,21160,53220.599414190656,368589.07285125164,0.14439006290256587
153050,21160,53220.599414190656,300467.1591872298,0.1771261776433522
153052,21160,53220.599414190656,308275.1899672894,0.17263990468982537
153053,21160,53220.599414190656,314358.3741154947,0.1692991305351309
153054,21160,53220.599414190656,301873.1322714481,0.17630121307494842
153055,21160,53220.599414190656,295189.90798214497,0.18029274705898748
153060,21160,53220.599414190656,314410.4093062705,0.16927111138469944
153063,21160,53220.599414190656,295511.19152219495,0.18009673048268773
153070,21160,53220.599414190656,279512.86356854794,0.1904048305137799
153073,21160,53220.599414190656,279571.43873267155,0.19036493733210216
153076,20816,0.0,41215.57648126336,0.0
153080,20816,0.0,48915.37117236567,0.0
153082,20816,0.0,40097.5752913423,0.0
153083,20816,0.0,39130.04618971823,0.0
153085,20816,0.0,33223.68873891942,0.0
153089,20816,0.0,30285.758194726648,0.0
153093,20816,0.0,25713.342055027275,0.0
153103,20816,0.0,13190.300790934942,0.0
153104,20816,0.0,16799.152819855834,0.0
153106,20816,0.0,46090.828246278805,0.0
153107,20816,0.0,7535.347940350999,0.0
153108,20816,0.0,133.3729741546875,0.0
153113,20816,0.0,2435.940768324947,0.0
153116,20816,0.0,994.9959429232,0.0
153168,20816,36.81869040717811,192603.6643659115,0.00019116297983422256
153169,20816,0.0,166687.0102692638,0.0
153170,20816,0.0,114313.98798291122,0.0
153181,20816,0.0,35220.742306903005,0.0
153182,20816,0.0,42614.89563746076,0.0
153184,20816,0.0,47405.04206441712,0.0
153188,20816,0.0,60405.825200246756,0.0
153192,20816,0.0,78825.83789320693,0.0
153195,20816,0.0,83406.87604159857,0.0
153198,20816,0.0,91418.36480050685,0.0
153199,20816,0.0,104400.03693912127,0.0
153201,20816,0.0,90954.53057538376,0.0
153204,20816,0.0,62912.04840061764,0.0
153205,20816,0.0,55297.83921325204,0.0
153208,20816,0.0,72083.99206707119,0.0
153209,20816,0.0,85760.08161115891,0.0
153213,20816,0.0,25877.991439034085,0.0
153215,20816,0.0,29836.115630006003,0.0
153217,20816,0.0,15741.344828094816,0.0
153219,20816,0.0,16491.965984289203,0.0
153220,20816,0.0,16563.003987909833,0.0
153221,20816,0.0,23190.41019921144,0.0
153224,20816,0.0,16597.970489562915,0.0
153276,20816,0.0,201941.08427987297,0.0
153281,20816,0.0,166248.34706083545,0.0
153283,20816,0.0,138275.81635736919,0.0
153284,20816,0.0,146100.310117111,0.0
153292,20816,0.0,143196.4610408403,0.0
153295,20816,0.0,165251.18483240795,0.0
153296,20816,0.0,168599.58574512793,0.0
153313,20816,0.0,228430.13454410707,0.0
153324,20816,0.0,251665.82003557292,0.0
153325,20816,0.0,188908.54291633432,0.0
153327,20816,0.0,197230.44216853465,0.0
153331,20816,0.0,197218.21415155774,0.0
153333,20816,0.0,181154.26489382054,0.0
153371,20816,0.0,269406.9009847102,0.0
